epizod,wynik,kroki,epsilon,rozmiar_tablicy_q
1,0,10,0.999500,8
2,0,19,0.999000,23
3,0,13,0.998501,34
4,0,22,0.998001,47
5,0,19,0.997502,54
6,0,11,0.997004,60
7,0,18,0.996505,71
8,0,57,0.996007,104
9,0,10,0.995509,112
10,0,13,0.995011,118
11,0,12,0.994514,126
12,0,7,0.994016,131
13,0,8,0.993519,132
14,0,8,0.993023,133
15,0,12,0.992526,141
16,0,7,0.992030,141
17,0,5,0.991534,143
18,0,15,0.991038,151
19,0,7,0.990543,154
20,0,35,0.990047,170
21,0,8,0.989552,173
22,0,48,0.989058,180
23,0,10,0.988563,183
24,0,12,0.988069,185
25,0,9,0.987575,190
26,0,18,0.987081,197
27,1,6,0.986587,198
28,0,21,0.986094,204
29,0,7,0.985601,205
30,0,33,0.985108,215
31,0,24,0.984616,221
32,0,22,0.984123,230
33,0,38,0.983631,237
34,0,16,0.983140,239
35,0,10,0.982648,242
36,0,15,0.982157,243
37,0,16,0.981666,246
38,0,11,0.981175,251
39,0,34,0.980684,265
40,0,23,0.980194,267
41,0,14,0.979704,270
42,0,6,0.979214,270
43,0,39,0.978724,279
44,0,12,0.978235,279
45,0,28,0.977746,287
46,0,12,0.977257,287
47,0,18,0.976768,290
48,1,14,0.976280,295
49,0,16,0.975792,298
50,0,11,0.975304,298
51,0,31,0.974816,306
52,0,8,0.974329,308
53,0,18,0.973842,310
54,0,9,0.973355,311
55,0,8,0.972868,312
56,0,36,0.972382,318
57,0,26,0.971895,327
58,0,14,0.971409,328
59,0,26,0.970924,329
60,0,8,0.970438,329
61,1,23,0.969953,338
62,0,12,0.969468,340
63,0,27,0.968983,344
64,0,12,0.968499,344
65,0,22,0.968015,351
66,2,22,0.967531,358
67,0,13,0.967047,364
68,1,12,0.966563,368
69,0,52,0.966080,371
70,0,18,0.965597,371
71,2,23,0.965114,388
72,0,15,0.964632,389
73,0,6,0.964149,389
74,0,35,0.963667,393
75,0,9,0.963185,396
76,1,18,0.962704,401
77,0,18,0.962222,401
78,0,7,0.961741,402
79,0,9,0.961260,404
80,0,21,0.960780,405
81,0,41,0.960299,406
82,0,8,0.959819,406
83,2,17,0.959339,415
84,0,12,0.958860,422
85,0,32,0.958380,427
86,1,83,0.957901,447
87,0,19,0.957422,450
88,0,10,0.956943,452
89,0,7,0.956465,452
90,0,8,0.955987,452
91,1,15,0.955509,455
92,0,16,0.955031,458
93,0,6,0.954553,458
94,0,18,0.954076,462
95,1,35,0.953599,468
96,0,11,0.953122,469
97,0,14,0.952646,469
98,1,11,0.952169,470
99,0,8,0.951693,470
100,0,10,0.951218,470
101,0,9,0.950742,473
102,0,12,0.950267,473
103,0,9,0.949791,473
104,0,35,0.949317,476
105,0,24,0.948842,481
106,0,9,0.948367,482
107,0,15,0.947893,482
108,0,14,0.947419,482
109,0,43,0.946946,483
110,0,16,0.946472,483
111,0,34,0.945999,494
112,1,30,0.945526,494
113,0,37,0.945053,494
114,0,27,0.944581,495
115,0,10,0.944108,496
116,0,12,0.943636,496
117,0,10,0.943164,497
118,0,14,0.942693,497
119,0,8,0.942222,497
120,1,25,0.941750,501
121,2,18,0.941280,508
122,0,22,0.940809,509
123,1,49,0.940338,521
124,0,17,0.939868,521
125,1,35,0.939398,524
126,0,13,0.938929,525
127,0,20,0.938459,530
128,0,7,0.937990,530
129,0,25,0.937521,531
130,0,10,0.937052,535
131,0,8,0.936584,535
132,0,10,0.936115,535
133,0,25,0.935647,538
134,0,8,0.935180,540
135,0,38,0.934712,543
136,0,10,0.934245,543
137,1,9,0.933777,543
138,0,9,0.933311,543
139,0,13,0.932844,544
140,0,27,0.932377,544
141,0,17,0.931911,544
142,1,38,0.931445,550
143,0,19,0.930980,552
144,1,14,0.930514,553
145,0,26,0.930049,553
146,0,12,0.929584,553
147,0,9,0.929119,553
148,0,14,0.928655,555
149,1,45,0.928190,563
150,0,10,0.927726,563
151,0,77,0.927262,565
152,0,21,0.926799,567
153,0,10,0.926335,568
154,0,16,0.925872,569
155,0,9,0.925409,569
156,0,19,0.924946,572
157,0,31,0.924484,572
158,0,11,0.924022,574
159,0,17,0.923560,575
160,0,11,0.923098,575
161,0,13,0.922636,576
162,0,22,0.922175,577
163,0,37,0.921714,580
164,1,28,0.921253,581
165,0,15,0.920792,582
166,0,47,0.920332,582
167,0,12,0.919872,582
168,0,22,0.919412,585
169,0,28,0.918952,586
170,0,11,0.918493,586
171,0,7,0.918034,586
172,2,16,0.917574,588
173,0,34,0.917116,595
174,0,14,0.916657,596
175,0,11,0.916199,597
176,1,20,0.915741,599
177,0,23,0.915283,601
178,0,7,0.914825,601
179,0,10,0.914368,601
180,0,9,0.913911,601
181,0,11,0.913454,602
182,0,22,0.912997,603
183,0,6,0.912540,603
184,0,19,0.912084,603
185,2,79,0.911628,610
186,0,13,0.911172,610
187,0,7,0.910717,610
188,0,10,0.910261,610
189,0,9,0.909806,611
190,0,18,0.909351,612
191,0,13,0.908897,613
192,1,21,0.908442,616
193,0,16,0.907988,617
194,0,6,0.907534,617
195,0,19,0.907080,618
196,1,11,0.906627,618
197,0,15,0.906173,618
198,0,14,0.905720,618
199,1,41,0.905267,624
200,0,18,0.904815,624
201,1,28,0.904362,626
202,1,63,0.903910,631
203,0,17,0.903458,633
204,0,26,0.903007,634
205,0,22,0.902555,635
206,0,18,0.902104,636
207,0,10,0.901653,637
208,2,33,0.901202,648
209,0,25,0.900751,648
210,0,21,0.900301,648
211,1,29,0.899851,652
212,0,6,0.899401,652
213,0,25,0.898951,652
214,1,45,0.898502,657
215,0,22,0.898052,657
216,0,63,0.897603,657
217,0,11,0.897155,657
218,0,19,0.896706,658
219,0,10,0.896258,658
220,0,20,0.895809,658
221,1,69,0.895362,661
222,0,22,0.894914,662
223,0,23,0.894466,666
224,0,33,0.894019,666
225,0,13,0.893572,668
226,2,27,0.893125,677
227,0,20,0.892679,677
228,0,25,0.892233,677
229,1,32,0.891786,680
230,0,16,0.891341,683
231,0,13,0.890895,683
232,0,10,0.890449,683
233,1,15,0.890004,684
234,0,11,0.889559,684
235,0,9,0.889114,684
236,0,13,0.888670,684
237,0,38,0.888225,685
238,0,7,0.887781,685
239,0,19,0.887337,685
240,0,16,0.886894,685
241,1,27,0.886450,686
242,1,25,0.886007,686
243,0,14,0.885564,687
244,0,14,0.885121,690
245,0,19,0.884679,691
246,1,23,0.884236,693
247,1,11,0.883794,695
248,0,12,0.883352,695
249,0,5,0.882911,695
250,0,22,0.882469,695
251,0,18,0.882028,695
252,0,19,0.881587,696
253,0,22,0.881146,696
254,2,36,0.880706,701
255,0,24,0.880265,705
256,0,16,0.879825,705
257,0,11,0.879385,705
258,0,15,0.878946,707
259,0,10,0.878506,707
260,1,28,0.878067,712
261,0,12,0.877628,712
262,1,15,0.877189,713
263,1,33,0.876750,716
264,0,15,0.876312,716
265,1,9,0.875874,718
266,0,27,0.875436,720
267,0,19,0.874998,720
268,0,28,0.874561,721
269,0,15,0.874123,722
270,0,49,0.873686,726
271,0,10,0.873250,726
272,1,25,0.872813,729
273,0,17,0.872377,730
274,0,9,0.871940,730
275,1,21,0.871504,732
276,0,16,0.871069,732
277,1,28,0.870633,733
278,0,20,0.870198,733
279,1,53,0.869763,739
280,0,21,0.869328,740
281,1,38,0.868893,745
282,0,42,0.868459,745
283,0,30,0.868024,749
284,1,27,0.867590,755
285,0,11,0.867157,755
286,1,51,0.866723,763
287,0,22,0.866290,763
288,1,31,0.865857,763
289,1,51,0.865424,764
290,1,21,0.864991,764
291,1,18,0.864558,765
292,1,35,0.864126,767
293,0,7,0.863694,767
294,0,42,0.863262,767
295,1,17,0.862831,771
296,0,20,0.862399,771
297,0,15,0.861968,772
298,0,14,0.861537,772
299,0,10,0.861106,772
300,0,26,0.860676,772
301,0,19,0.860245,772
302,1,14,0.859815,774
303,0,29,0.859385,774
304,0,11,0.858956,777
305,1,42,0.858526,781
306,0,12,0.858097,781
307,0,24,0.857668,781
308,0,8,0.857239,781
309,1,7,0.856810,781
310,1,53,0.856382,787
311,0,17,0.855954,787
312,1,15,0.855526,788
313,1,62,0.855098,791
314,0,32,0.854671,791
315,0,6,0.854243,791
316,1,39,0.853816,792
317,0,8,0.853389,794
318,0,12,0.852962,794
319,0,10,0.852536,795
320,0,56,0.852110,795
321,0,12,0.851684,795
322,0,19,0.851258,796
323,1,21,0.850832,798
324,1,13,0.850407,799
325,0,37,0.849982,799
326,0,8,0.849557,799
327,0,11,0.849132,799
328,0,19,0.848707,799
329,0,6,0.848283,799
330,0,30,0.847859,800
331,1,37,0.847435,803
332,0,48,0.847011,804
333,0,33,0.846588,804
334,0,17,0.846164,804
335,1,24,0.845741,805
336,0,20,0.845318,805
337,0,17,0.844896,806
338,1,62,0.844473,810
339,1,23,0.844051,811
340,0,20,0.843629,811
341,0,33,0.843207,811
342,2,46,0.842786,819
343,1,33,0.842364,821
344,0,11,0.841943,821
345,0,17,0.841522,821
346,0,14,0.841101,821
347,0,17,0.840681,821
348,0,31,0.840260,821
349,0,29,0.839840,821
350,1,12,0.839420,821
351,1,51,0.839001,823
352,0,7,0.838581,824
353,0,85,0.838162,825
354,1,44,0.837743,831
355,0,14,0.837324,831
356,1,18,0.836905,834
357,0,46,0.836487,834
358,0,9,0.836068,834
359,0,7,0.835650,834
360,0,9,0.835233,834
361,1,51,0.834815,837
362,0,16,0.834398,837
363,0,16,0.833980,837
364,0,100,0.833563,838
365,0,16,0.833147,838
366,1,71,0.832730,839
367,0,21,0.832314,839
368,1,35,0.831898,840
369,1,19,0.831482,841
370,0,28,0.831066,842
371,0,15,0.830650,843
372,0,8,0.830235,844
373,2,30,0.829820,847
374,0,21,0.829405,847
375,0,23,0.828990,848
376,2,18,0.828576,849
377,1,14,0.828161,851
378,1,17,0.827747,853
379,2,18,0.827334,859
380,2,24,0.826920,864
381,2,15,0.826506,865
382,1,8,0.826093,865
383,1,15,0.825680,867
384,1,12,0.825267,868
385,0,36,0.824855,868
386,1,15,0.824442,869
387,0,15,0.824030,869
388,0,9,0.823618,870
389,1,20,0.823206,870
390,2,38,0.822795,872
391,1,54,0.822383,875
392,0,18,0.821972,875
393,0,105,0.821561,877
394,2,70,0.821150,883
395,0,10,0.820740,883
396,1,15,0.820329,885
397,2,27,0.819919,891
398,0,51,0.819509,891
399,0,25,0.819099,891
400,2,45,0.818690,898
401,2,34,0.818280,909
402,0,31,0.817871,909
403,1,36,0.817462,911
404,1,46,0.817054,917
405,2,12,0.816645,918
406,0,21,0.816237,918
407,1,19,0.815829,919
408,2,37,0.815421,926
409,0,9,0.815013,926
410,0,17,0.814606,926
411,1,14,0.814198,926
412,2,21,0.813791,929
413,1,40,0.813384,930
414,1,14,0.812978,933
415,0,26,0.812571,933
416,0,29,0.812165,933
417,0,19,0.811759,934
418,0,7,0.811353,934
419,0,9,0.810947,934
420,0,33,0.810542,935
421,1,40,0.810136,939
422,0,27,0.809731,939
423,0,7,0.809326,939
424,0,8,0.808922,939
425,0,27,0.808517,940
426,1,35,0.808113,941
427,0,22,0.807709,941
428,1,10,0.807305,941
429,2,28,0.806902,950
430,0,12,0.806498,950
431,1,9,0.806095,950
432,0,7,0.805692,950
433,1,29,0.805289,954
434,0,56,0.804886,954
435,0,63,0.804484,955
436,0,38,0.804082,955
437,1,15,0.803680,955
438,0,82,0.803278,956
439,0,39,0.802876,957
440,1,74,0.802475,960
441,0,14,0.802073,960
442,0,55,0.801672,960
443,1,24,0.801272,960
444,0,13,0.800871,960
445,0,12,0.800470,960
446,2,21,0.800070,962
447,0,12,0.799670,962
448,2,30,0.799270,970
449,0,19,0.798871,970
450,1,11,0.798471,970
451,0,24,0.798072,970
452,0,10,0.797673,971
453,0,31,0.797274,971
454,2,45,0.796876,977
455,0,11,0.796477,977
456,0,18,0.796079,978
457,1,18,0.795681,980
458,0,16,0.795283,980
459,0,9,0.794885,980
460,1,52,0.794488,980
461,2,45,0.794091,991
462,1,22,0.793694,994
463,0,8,0.793297,994
464,0,9,0.792900,994
465,0,14,0.792504,994
466,0,13,0.792107,994
467,0,12,0.791711,994
468,0,18,0.791316,994
469,0,11,0.790920,994
470,1,87,0.790524,1003
471,1,54,0.790129,1004
472,0,16,0.789734,1006
473,0,26,0.789339,1007
474,1,9,0.788945,1007
475,0,32,0.788550,1009
476,0,10,0.788156,1009
477,0,18,0.787762,1010
478,1,38,0.787368,1012
479,1,10,0.786974,1012
480,0,16,0.786581,1012
481,1,46,0.786187,1013
482,0,33,0.785794,1013
483,1,65,0.785401,1013
484,2,23,0.785009,1017
485,1,25,0.784616,1018
486,0,53,0.784224,1018
487,1,20,0.783832,1019
488,0,10,0.783440,1019
489,1,30,0.783048,1020
490,0,54,0.782657,1020
491,2,39,0.782265,1022
492,0,13,0.781874,1022
493,1,26,0.781483,1025
494,0,22,0.781092,1026
495,1,21,0.780702,1028
496,0,9,0.780312,1028
497,1,25,0.779921,1028
498,0,9,0.779531,1028
499,0,21,0.779142,1028
500,0,40,0.778752,1028
501,0,20,0.778363,1028
502,0,11,0.777974,1028
503,1,24,0.777585,1028
504,2,38,0.777196,1034
505,0,13,0.776807,1034
506,0,50,0.776419,1034
507,1,11,0.776031,1034
508,0,48,0.775643,1034
509,1,10,0.775255,1035
510,2,22,0.774867,1039
511,0,32,0.774480,1039
512,1,24,0.774092,1039
513,1,26,0.773705,1039
514,0,21,0.773319,1039
515,0,12,0.772932,1039
516,0,34,0.772545,1039
517,1,22,0.772159,1043
518,1,17,0.771773,1045
519,0,25,0.771387,1045
520,0,5,0.771001,1045
521,0,33,0.770616,1045
522,0,13,0.770231,1045
523,1,30,0.769846,1048
524,0,8,0.769461,1048
525,0,11,0.769076,1048
526,0,14,0.768691,1049
527,1,16,0.768307,1049
528,1,17,0.767923,1049
529,1,9,0.767539,1050
530,2,14,0.767155,1053
531,0,55,0.766772,1053
532,1,21,0.766388,1054
533,2,16,0.766005,1060
534,1,36,0.765622,1061
535,1,22,0.765239,1061
536,0,23,0.764857,1061
537,0,11,0.764474,1061
538,1,18,0.764092,1064
539,1,33,0.763710,1066
540,0,20,0.763328,1066
541,0,41,0.762946,1067
542,0,8,0.762565,1067
543,1,10,0.762184,1067
544,0,24,0.761802,1067
545,2,37,0.761422,1068
546,2,65,0.761041,1074
547,1,11,0.760660,1075
548,1,9,0.760280,1075
549,0,5,0.759900,1075
550,2,36,0.759520,1076
551,0,9,0.759140,1076
552,0,25,0.758761,1076
553,0,40,0.758381,1081
554,0,12,0.758002,1081
555,0,14,0.757623,1082
556,0,34,0.757244,1082
557,0,27,0.756866,1082
558,3,47,0.756487,1086
559,0,8,0.756109,1086
560,1,31,0.755731,1087
561,2,23,0.755353,1088
562,1,72,0.754975,1092
563,1,17,0.754598,1093
564,2,30,0.754220,1099
565,0,12,0.753843,1099
566,1,46,0.753466,1102
567,1,39,0.753090,1105
568,2,18,0.752713,1108
569,0,24,0.752337,1108
570,1,24,0.751961,1108
571,1,17,0.751585,1108
572,2,36,0.751209,1112
573,2,58,0.750833,1116
574,2,14,0.750458,1119
575,0,44,0.750083,1119
576,0,18,0.749708,1119
577,1,14,0.749333,1120
578,0,53,0.748958,1120
579,0,36,0.748584,1120
580,1,52,0.748209,1121
581,2,36,0.747835,1134
582,0,10,0.747461,1134
583,0,65,0.747088,1134
584,1,35,0.746714,1134
585,1,10,0.746341,1134
586,0,14,0.745967,1134
587,1,10,0.745594,1134
588,1,56,0.745222,1134
589,0,11,0.744849,1134
590,1,20,0.744477,1135
591,0,14,0.744104,1135
592,0,9,0.743732,1135
593,1,35,0.743361,1138
594,0,11,0.742989,1138
595,1,31,0.742617,1138
596,0,7,0.742246,1138
597,0,14,0.741875,1138
598,2,53,0.741504,1143
599,1,23,0.741133,1143
600,2,23,0.740763,1150
601,0,25,0.740392,1150
602,0,13,0.740022,1150
603,0,10,0.739652,1150
604,1,40,0.739282,1150
605,0,19,0.738913,1150
606,2,32,0.738543,1155
607,0,17,0.738174,1155
608,0,14,0.737805,1155
609,1,63,0.737436,1155
610,0,44,0.737067,1155
611,0,25,0.736699,1155
612,0,16,0.736330,1155
613,1,10,0.735962,1156
614,0,23,0.735594,1156
615,0,8,0.735226,1156
616,1,28,0.734859,1156
617,1,15,0.734491,1158
618,0,52,0.734124,1158
619,0,20,0.733757,1158
620,1,46,0.733390,1162
621,1,27,0.733023,1163
622,1,19,0.732657,1163
623,0,37,0.732291,1163
624,0,36,0.731924,1164
625,0,23,0.731558,1164
626,0,13,0.731193,1164
627,1,68,0.730827,1164
628,0,10,0.730462,1164
629,0,25,0.730096,1164
630,0,32,0.729731,1164
631,1,27,0.729367,1165
632,2,26,0.729002,1168
633,2,27,0.728637,1170
634,2,37,0.728273,1177
635,1,12,0.727909,1177
636,0,24,0.727545,1177
637,2,83,0.727181,1181
638,1,69,0.726818,1184
639,0,17,0.726454,1185
640,0,9,0.726091,1185
641,1,16,0.725728,1185
642,1,18,0.725365,1185
643,1,16,0.725002,1185
644,1,9,0.724640,1185
645,2,29,0.724278,1186
646,0,14,0.723915,1186
647,1,77,0.723553,1189
648,1,17,0.723192,1189
649,0,15,0.722830,1189
650,1,110,0.722469,1192
651,1,23,0.722107,1193
652,0,53,0.721746,1193
653,2,56,0.721385,1196
654,2,48,0.721025,1200
655,1,91,0.720664,1202
656,2,12,0.720304,1203
657,2,15,0.719944,1204
658,2,70,0.719584,1211
659,0,34,0.719224,1211
660,1,15,0.718864,1212
661,0,13,0.718505,1212
662,1,70,0.718146,1215
663,1,66,0.717787,1216
664,0,44,0.717428,1216
665,1,29,0.717069,1219
666,0,7,0.716711,1220
667,0,8,0.716352,1220
668,1,60,0.715994,1221
669,1,48,0.715636,1221
670,2,15,0.715278,1223
671,1,30,0.714921,1223
672,0,11,0.714563,1223
673,1,10,0.714206,1223
674,0,9,0.713849,1223
675,2,31,0.713492,1226
676,1,127,0.713135,1227
677,1,18,0.712778,1227
678,0,46,0.712422,1227
679,0,13,0.712066,1227
680,0,7,0.711710,1227
681,1,27,0.711354,1227
682,0,27,0.710998,1227
683,1,18,0.710643,1228
684,1,9,0.710287,1229
685,0,22,0.709932,1229
686,0,10,0.709577,1229
687,1,58,0.709223,1231
688,1,31,0.708868,1231
689,1,17,0.708514,1232
690,0,17,0.708159,1232
691,1,38,0.707805,1233
692,1,12,0.707451,1234
693,3,123,0.707098,1253
694,0,26,0.706744,1253
695,0,14,0.706391,1253
696,1,37,0.706037,1253
697,2,18,0.705684,1260
698,0,24,0.705332,1260
699,0,16,0.704979,1260
700,0,7,0.704626,1260
701,0,11,0.704274,1260
702,2,51,0.703922,1267
703,0,19,0.703570,1267
704,0,16,0.703218,1267
705,1,102,0.702867,1273
706,1,73,0.702515,1274
707,1,27,0.702164,1274
708,0,15,0.701813,1274
709,0,30,0.701462,1274
710,0,10,0.701111,1274
711,1,9,0.700761,1274
712,0,8,0.700410,1274
713,1,31,0.700060,1275
714,0,38,0.699710,1275
715,1,23,0.699360,1275
716,2,26,0.699010,1280
717,0,22,0.698661,1280
718,2,25,0.698312,1282
719,0,28,0.697962,1282
720,0,15,0.697614,1282
721,1,89,0.697265,1282
722,0,33,0.696916,1283
723,0,7,0.696568,1283
724,0,32,0.696219,1283
725,0,22,0.695871,1283
726,1,49,0.695523,1284
727,0,28,0.695176,1284
728,2,36,0.694828,1287
729,1,62,0.694481,1287
730,2,37,0.694133,1291
731,0,23,0.693786,1291
732,0,60,0.693439,1291
733,0,64,0.693093,1291
734,0,15,0.692746,1291
735,0,48,0.692400,1291
736,2,50,0.692053,1299
737,1,22,0.691707,1301
738,2,44,0.691362,1305
739,0,51,0.691016,1305
740,0,8,0.690670,1305
741,0,11,0.690325,1305
742,1,72,0.689980,1305
743,0,17,0.689635,1305
744,0,47,0.689290,1305
745,0,20,0.688945,1305
746,0,9,0.688601,1305
747,1,25,0.688257,1305
748,2,23,0.687913,1311
749,1,15,0.687569,1312
750,0,13,0.687225,1312
751,2,17,0.686881,1313
752,2,75,0.686538,1319
753,0,17,0.686195,1319
754,2,35,0.685851,1321
755,0,25,0.685508,1321
756,1,59,0.685166,1327
757,1,8,0.684823,1327
758,0,8,0.684481,1327
759,1,45,0.684138,1328
760,0,9,0.683796,1328
761,0,8,0.683455,1328
762,2,55,0.683113,1333
763,1,20,0.682771,1333
764,2,71,0.682430,1339
765,0,23,0.682089,1339
766,1,20,0.681748,1339
767,1,32,0.681407,1343
768,0,10,0.681066,1343
769,0,52,0.680725,1343
770,0,13,0.680385,1343
771,0,56,0.680045,1343
772,0,13,0.679705,1343
773,2,26,0.679365,1348
774,2,48,0.679025,1348
775,1,13,0.678686,1350
776,0,8,0.678347,1350
777,1,23,0.678007,1350
778,1,23,0.677668,1350
779,1,26,0.677330,1350
780,0,43,0.676991,1350
781,0,18,0.676652,1350
782,2,19,0.676314,1351
783,0,13,0.675976,1351
784,0,26,0.675638,1352
785,0,47,0.675300,1352
786,1,12,0.674962,1352
787,1,16,0.674625,1352
788,0,11,0.674288,1352
789,2,69,0.673950,1354
790,0,9,0.673613,1354
791,0,15,0.673277,1354
792,0,12,0.672940,1354
793,0,48,0.672604,1354
794,0,12,0.672267,1354
795,1,17,0.671931,1354
796,1,17,0.671595,1355
797,2,19,0.671259,1356
798,0,7,0.670924,1356
799,4,134,0.670588,1386
800,0,14,0.670253,1386
801,0,13,0.669918,1386
802,0,40,0.669583,1386
803,0,14,0.669248,1386
804,0,19,0.668913,1387
805,0,28,0.668579,1387
806,0,43,0.668245,1387
807,1,55,0.667911,1387
808,0,14,0.667577,1387
809,2,39,0.667243,1389
810,0,21,0.666909,1389
811,2,51,0.666576,1391
812,1,25,0.666243,1391
813,2,16,0.665909,1392
814,0,10,0.665576,1392
815,0,8,0.665244,1392
816,2,51,0.664911,1401
817,1,10,0.664579,1401
818,1,43,0.664246,1402
819,2,18,0.663914,1404
820,0,29,0.663582,1404
821,3,32,0.663250,1408
822,2,32,0.662919,1418
823,1,28,0.662587,1418
824,0,38,0.662256,1418
825,0,9,0.661925,1418
826,1,73,0.661594,1421
827,2,36,0.661263,1425
828,0,5,0.660933,1425
829,2,39,0.660602,1429
830,2,12,0.660272,1430
831,1,30,0.659942,1432
832,0,11,0.659612,1432
833,1,26,0.659282,1433
834,0,20,0.658952,1433
835,0,23,0.658623,1433
836,0,7,0.658293,1433
837,0,11,0.657964,1433
838,1,10,0.657635,1433
839,2,22,0.657306,1440
840,0,15,0.656978,1440
841,0,41,0.656649,1440
842,2,43,0.656321,1444
843,0,10,0.655993,1444
844,3,23,0.655665,1445
845,1,9,0.655337,1446
846,1,22,0.655009,1447
847,1,30,0.654682,1447
848,1,46,0.654354,1449
849,0,7,0.654027,1449
850,2,51,0.653700,1453
851,1,26,0.653373,1454
852,0,8,0.653047,1454
853,0,17,0.652720,1454
854,2,29,0.652394,1455
855,2,23,0.652068,1455
856,0,40,0.651742,1455
857,0,31,0.651416,1455
858,0,11,0.651090,1455
859,0,10,0.650765,1455
860,2,15,0.650439,1456
861,2,44,0.650114,1458
862,1,10,0.649789,1458
863,2,48,0.649464,1463
864,0,44,0.649139,1463
865,1,27,0.648815,1465
866,0,9,0.648490,1465
867,1,56,0.648166,1466
868,1,34,0.647842,1466
869,1,21,0.647518,1467
870,0,22,0.647194,1467
871,2,63,0.646871,1478
872,1,14,0.646547,1478
873,0,16,0.646224,1478
874,0,20,0.645901,1478
875,0,8,0.645578,1478
876,2,80,0.645255,1490
877,1,7,0.644932,1490
878,2,48,0.644610,1495
879,0,9,0.644288,1495
880,0,45,0.643966,1495
881,1,16,0.643644,1495
882,0,28,0.643322,1495
883,2,32,0.643000,1497
884,1,39,0.642679,1497
885,2,30,0.642357,1499
886,0,12,0.642036,1499
887,1,30,0.641715,1500
888,3,43,0.641394,1505
889,0,13,0.641074,1505
890,1,19,0.640753,1505
891,1,8,0.640433,1505
892,0,18,0.640112,1505
893,0,9,0.639792,1505
894,1,27,0.639472,1505
895,0,7,0.639153,1505
896,1,6,0.638833,1505
897,0,19,0.638514,1505
898,2,33,0.638194,1507
899,0,15,0.637875,1507
900,0,30,0.637556,1507
901,1,15,0.637238,1509
902,1,32,0.636919,1509
903,1,41,0.636601,1509
904,2,53,0.636282,1510
905,0,7,0.635964,1510
906,2,40,0.635646,1517
907,1,35,0.635328,1517
908,0,13,0.635011,1517
909,0,31,0.634693,1517
910,0,8,0.634376,1517
911,1,31,0.634059,1517
912,1,14,0.633742,1517
913,0,10,0.633425,1517
914,0,17,0.633108,1517
915,2,22,0.632791,1518
916,0,17,0.632475,1518
917,2,28,0.632159,1520
918,2,30,0.631843,1521
919,1,21,0.631527,1521
920,2,9,0.631211,1521
921,0,23,0.630895,1522
922,1,19,0.630580,1522
923,0,29,0.630265,1522
924,2,33,0.629950,1526
925,0,21,0.629635,1526
926,1,26,0.629320,1526
927,1,17,0.629005,1526
928,0,9,0.628691,1526
929,0,8,0.628376,1526
930,0,10,0.628062,1526
931,2,25,0.627748,1529
932,2,37,0.627434,1532
933,0,22,0.627120,1532
934,2,62,0.626807,1537
935,0,13,0.626493,1537
936,1,24,0.626180,1539
937,2,8,0.625867,1540
938,0,8,0.625554,1540
939,0,16,0.625241,1540
940,2,28,0.624929,1543
941,0,21,0.624616,1543
942,2,96,0.624304,1545
943,1,17,0.623992,1546
944,3,22,0.623680,1548
945,2,50,0.623368,1553
946,0,8,0.623056,1553
947,2,29,0.622745,1558
948,2,43,0.622433,1561
949,1,26,0.622122,1562
950,2,9,0.621811,1563
951,2,6,0.621500,1564
952,3,19,0.621190,1567
953,1,19,0.620879,1568
954,1,12,0.620568,1568
955,1,77,0.620258,1569
956,0,16,0.619948,1569
957,1,27,0.619638,1570
958,0,15,0.619328,1570
959,2,25,0.619019,1573
960,1,14,0.618709,1574
961,1,11,0.618400,1574
962,1,12,0.618091,1574
963,2,12,0.617782,1576
964,2,14,0.617473,1576
965,1,27,0.617164,1576
966,1,29,0.616855,1577
967,0,11,0.616547,1577
968,1,29,0.616239,1577
969,2,29,0.615930,1577
970,0,16,0.615623,1577
971,2,14,0.615315,1578
972,1,9,0.615007,1578
973,2,34,0.614700,1580
974,0,24,0.614392,1580
975,1,27,0.614085,1580
976,0,11,0.613778,1580
977,0,36,0.613471,1580
978,0,72,0.613164,1580
979,0,13,0.612858,1580
980,0,11,0.612551,1580
981,1,11,0.612245,1580
982,1,45,0.611939,1580
983,2,46,0.611633,1588
984,1,36,0.611327,1589
985,1,31,0.611021,1590
986,0,64,0.610716,1590
987,1,39,0.610411,1591
988,0,14,0.610105,1591
989,1,31,0.609800,1591
990,2,29,0.609495,1598
991,0,84,0.609191,1599
992,2,24,0.608886,1600
993,1,22,0.608582,1600
994,0,6,0.608277,1600
995,0,11,0.607973,1600
996,0,13,0.607669,1600
997,1,35,0.607365,1602
998,1,20,0.607062,1602
999,1,21,0.606758,1602
1000,1,29,0.606455,1603
1001,1,60,0.606152,1603
1002,2,80,0.605849,1604
1003,1,28,0.605546,1604
1004,2,24,0.605243,1609
1005,1,20,0.604940,1611
1006,0,9,0.604638,1611
1007,2,25,0.604335,1611
1008,0,22,0.604033,1611
1009,2,55,0.603731,1613
1010,1,46,0.603429,1613
1011,2,32,0.603128,1616
1012,3,87,0.602826,1628
1013,2,38,0.602525,1634
1014,0,12,0.602223,1634
1015,0,9,0.601922,1634
1016,0,10,0.601621,1635
1017,1,19,0.601321,1635
1018,2,39,0.601020,1638
1019,2,11,0.600719,1638
1020,2,37,0.600419,1640
1021,2,38,0.600119,1642
1022,2,22,0.599819,1644
1023,0,9,0.599519,1644
1024,2,29,0.599219,1645
1025,0,14,0.598919,1645
1026,2,34,0.598620,1650
1027,2,27,0.598321,1653
1028,2,36,0.598022,1655
1029,1,7,0.597723,1655
1030,0,18,0.597424,1655
1031,0,9,0.597125,1655
1032,2,29,0.596826,1656
1033,0,9,0.596528,1656
1034,2,75,0.596230,1662
1035,0,17,0.595932,1662
1036,1,41,0.595634,1663
1037,0,8,0.595336,1663
1038,0,7,0.595038,1663
1039,1,32,0.594741,1663
1040,2,53,0.594443,1663
1041,2,33,0.594146,1666
1042,0,6,0.593849,1666
1043,2,33,0.593552,1670
1044,1,45,0.593255,1670
1045,2,48,0.592959,1674
1046,1,16,0.592662,1675
1047,1,46,0.592366,1675
1048,2,17,0.592070,1675
1049,1,15,0.591774,1675
1050,1,17,0.591478,1675
1051,1,26,0.591182,1675
1052,0,25,0.590886,1675
1053,1,45,0.590591,1676
1054,2,19,0.590296,1676
1055,2,24,0.590000,1677
1056,0,21,0.589705,1677
1057,2,20,0.589411,1678
1058,0,47,0.589116,1678
1059,3,50,0.588821,1680
1060,2,20,0.588527,1682
1061,2,20,0.588233,1684
1062,2,39,0.587939,1686
1063,1,21,0.587645,1687
1064,0,11,0.587351,1687
1065,0,18,0.587057,1687
1066,2,24,0.586764,1687
1067,2,62,0.586470,1689
1068,0,6,0.586177,1689
1069,2,25,0.585884,1690
1070,2,24,0.585591,1690
1071,2,23,0.585298,1692
1072,2,23,0.585005,1693
1073,2,65,0.584713,1699
1074,1,12,0.584421,1699
1075,2,33,0.584128,1702
1076,2,36,0.583836,1702
1077,2,19,0.583544,1704
1078,1,57,0.583253,1704
1079,1,43,0.582961,1705
1080,3,43,0.582670,1708
1081,1,6,0.582378,1708
1082,0,20,0.582087,1708
1083,0,25,0.581796,1708
1084,1,31,0.581505,1708
1085,2,57,0.581214,1710
1086,0,8,0.580924,1710
1087,1,17,0.580633,1710
1088,2,15,0.580343,1711
1089,0,27,0.580053,1711
1090,2,28,0.579763,1715
1091,1,25,0.579473,1716
1092,0,10,0.579183,1716
1093,1,68,0.578894,1716
1094,2,38,0.578604,1717
1095,1,42,0.578315,1718
1096,1,11,0.578026,1718
1097,1,24,0.577737,1719
1098,2,26,0.577448,1719
1099,1,26,0.577159,1720
1100,2,28,0.576870,1723
1101,0,7,0.576582,1723
1102,0,25,0.576294,1723
1103,2,45,0.576006,1729
1104,1,28,0.575718,1729
1105,2,54,0.575430,1732
1106,0,22,0.575142,1732
1107,2,31,0.574854,1734
1108,0,16,0.574567,1734
1109,2,55,0.574280,1737
1110,1,37,0.573993,1738
1111,0,10,0.573706,1738
1112,1,40,0.573419,1738
1113,1,19,0.573132,1740
1114,0,10,0.572845,1740
1115,0,21,0.572559,1740
1116,3,24,0.572273,1743
1117,3,22,0.571987,1745
1118,1,36,0.571701,1746
1119,2,19,0.571415,1747
1120,1,21,0.571129,1747
1121,1,21,0.570844,1747
1122,1,22,0.570558,1748
1123,0,22,0.570273,1748
1124,0,35,0.569988,1748
1125,1,38,0.569703,1749
1126,0,13,0.569418,1749
1127,2,46,0.569133,1752
1128,0,17,0.568849,1752
1129,3,69,0.568564,1759
1130,0,23,0.568280,1759
1131,0,9,0.567996,1759
1132,2,49,0.567712,1764
1133,0,10,0.567428,1764
1134,1,19,0.567144,1764
1135,0,36,0.566861,1764
1136,0,16,0.566577,1764
1137,1,32,0.566294,1764
1138,1,19,0.566011,1764
1139,3,101,0.565728,1769
1140,0,8,0.565445,1769
1141,0,15,0.565162,1769
1142,1,22,0.564880,1769
1143,1,28,0.564597,1769
1144,2,19,0.564315,1769
1145,0,6,0.564033,1769
1146,2,21,0.563751,1771
1147,2,24,0.563469,1774
1148,2,56,0.563187,1775
1149,2,29,0.562905,1777
1150,1,18,0.562624,1777
1151,0,16,0.562343,1777
1152,1,25,0.562061,1778
1153,2,61,0.561780,1780
1154,1,62,0.561500,1780
1155,2,20,0.561219,1781
1156,1,23,0.560938,1782
1157,0,19,0.560658,1782
1158,2,13,0.560377,1785
1159,1,23,0.560097,1785
1160,1,8,0.559817,1785
1161,1,9,0.559537,1785
1162,1,33,0.559257,1785
1163,1,11,0.558978,1785
1164,0,12,0.558698,1785
1165,1,15,0.558419,1785
1166,2,28,0.558140,1787
1167,1,16,0.557861,1787
1168,1,16,0.557582,1788
1169,0,21,0.557303,1788
1170,0,16,0.557024,1789
1171,1,56,0.556746,1790
1172,0,21,0.556467,1790
1173,2,22,0.556189,1790
1174,1,34,0.555911,1791
1175,1,44,0.555633,1794
1176,2,34,0.555355,1795
1177,1,33,0.555078,1795
1178,2,23,0.554800,1795
1179,2,30,0.554523,1797
1180,1,12,0.554246,1797
1181,2,33,0.553968,1800
1182,1,26,0.553691,1800
1183,1,9,0.553415,1800
1184,2,32,0.553138,1801
1185,2,56,0.552861,1802
1186,2,18,0.552585,1802
1187,1,9,0.552309,1803
1188,1,12,0.552032,1803
1189,1,40,0.551756,1803
1190,2,45,0.551480,1806
1191,1,15,0.551205,1806
1192,2,23,0.550929,1806
1193,0,31,0.550654,1806
1194,2,38,0.550378,1811
1195,0,7,0.550103,1811
1196,1,34,0.549828,1811
1197,2,17,0.549553,1811
1198,2,121,0.549278,1819
1199,1,17,0.549004,1820
1200,3,31,0.548729,1823
1201,0,29,0.548455,1823
1202,2,17,0.548181,1823
1203,0,9,0.547907,1823
1204,1,14,0.547633,1823
1205,2,30,0.547359,1825
1206,1,7,0.547085,1825
1207,0,22,0.546812,1825
1208,3,38,0.546538,1832
1209,2,69,0.546265,1834
1210,1,26,0.545992,1834
1211,1,12,0.545719,1834
1212,1,15,0.545446,1834
1213,1,9,0.545173,1834
1214,0,7,0.544901,1834
1215,0,11,0.544628,1834
1216,1,49,0.544356,1834
1217,5,39,0.544084,1839
1218,1,22,0.543812,1839
1219,0,16,0.543540,1839
1220,4,51,0.543268,1847
1221,0,9,0.542996,1847
1222,2,13,0.542725,1847
1223,0,6,0.542453,1847
1224,1,10,0.542182,1847
1225,1,10,0.541911,1847
1226,2,41,0.541640,1852
1227,2,19,0.541369,1852
1228,0,14,0.541099,1852
1229,1,8,0.540828,1852
1230,1,35,0.540558,1852
1231,2,22,0.540287,1855
1232,0,12,0.540017,1855
1233,0,7,0.539747,1855
1234,2,49,0.539477,1858
1235,2,73,0.539208,1860
1236,3,32,0.538938,1863
1237,1,39,0.538669,1864
1238,0,7,0.538399,1864
1239,2,45,0.538130,1865
1240,0,11,0.537861,1865
1241,2,14,0.537592,1865
1242,1,10,0.537323,1865
1243,1,19,0.537055,1865
1244,1,20,0.536786,1865
1245,0,7,0.536518,1865
1246,1,31,0.536249,1865
1247,2,36,0.535981,1867
1248,0,12,0.535713,1867
1249,1,46,0.535445,1867
1250,2,41,0.535178,1867
1251,0,20,0.534910,1867
1252,2,18,0.534643,1868
1253,2,23,0.534375,1869
1254,0,16,0.534108,1869
1255,2,48,0.533841,1872
1256,0,25,0.533574,1872
1257,2,26,0.533307,1877
1258,2,25,0.533041,1877
1259,2,37,0.532774,1880
1260,0,7,0.532508,1880
1261,0,13,0.532242,1880
1262,2,52,0.531976,1887
1263,2,42,0.531710,1891
1264,0,20,0.531444,1891
1265,2,27,0.531178,1894
1266,0,10,0.530912,1894
1267,1,9,0.530647,1894
1268,2,29,0.530382,1894
1269,0,11,0.530116,1894
1270,3,26,0.529851,1900
1271,2,39,0.529586,1900
1272,2,11,0.529322,1900
1273,2,31,0.529057,1902
1274,0,19,0.528792,1902
1275,1,38,0.528528,1902
1276,0,25,0.528264,1902
1277,1,13,0.528000,1902
1278,2,30,0.527736,1904
1279,2,39,0.527472,1905
1280,1,11,0.527208,1905
1281,2,13,0.526944,1905
1282,2,56,0.526681,1911
1283,0,21,0.526418,1911
1284,1,25,0.526154,1911
1285,1,23,0.525891,1911
1286,3,43,0.525628,1916
1287,2,26,0.525366,1917
1288,1,10,0.525103,1917
1289,1,32,0.524840,1917
1290,1,27,0.524578,1917
1291,2,74,0.524316,1917
1292,1,24,0.524053,1917
1293,1,23,0.523791,1917
1294,1,41,0.523530,1917
1295,2,16,0.523268,1917
1296,1,41,0.523006,1917
1297,1,28,0.522745,1917
1298,1,33,0.522483,1919
1299,2,30,0.522222,1921
1300,1,14,0.521961,1921
1301,3,41,0.521700,1922
1302,1,20,0.521439,1922
1303,3,57,0.521178,1927
1304,2,47,0.520918,1929
1305,1,20,0.520657,1930
1306,0,13,0.520397,1930
1307,0,26,0.520137,1930
1308,1,20,0.519877,1930
1309,0,11,0.519617,1930
1310,0,25,0.519357,1930
1311,1,26,0.519097,1930
1312,0,30,0.518838,1930
1313,1,20,0.518578,1930
1314,2,29,0.518319,1931
1315,2,55,0.518060,1932
1316,1,41,0.517801,1933
1317,1,12,0.517542,1933
1318,0,7,0.517283,1933
1319,2,29,0.517025,1935
1320,0,15,0.516766,1935
1321,2,67,0.516508,1938
1322,2,30,0.516249,1939
1323,2,40,0.515991,1939
1324,2,26,0.515733,1940
1325,1,22,0.515475,1940
1326,1,40,0.515218,1940
1327,2,22,0.514960,1940
1328,2,31,0.514703,1941
1329,2,12,0.514445,1944
1330,3,43,0.514188,1950
1331,0,13,0.513931,1950
1332,2,36,0.513674,1955
1333,0,6,0.513417,1955
1334,2,21,0.513160,1958
1335,2,48,0.512904,1961
1336,1,18,0.512647,1961
1337,2,46,0.512391,1962
1338,1,14,0.512135,1962
1339,4,34,0.511879,1967
1340,4,60,0.511623,1970
1341,1,27,0.511367,1971
1342,2,27,0.511111,1972
1343,0,7,0.510856,1972
1344,0,7,0.510600,1972
1345,2,44,0.510345,1972
1346,1,18,0.510090,1973
1347,1,21,0.509835,1974
1348,1,21,0.509580,1974
1349,1,15,0.509325,1974
1350,1,55,0.509070,1975
1351,2,37,0.508816,1975
1352,1,51,0.508562,1975
1353,2,46,0.508307,1978
1354,2,9,0.508053,1978
1355,3,42,0.507799,1980
1356,2,24,0.507545,1983
1357,2,42,0.507291,1985
1358,2,9,0.507038,1986
1359,0,14,0.506784,1986
1360,3,45,0.506531,1992
1361,1,13,0.506278,1992
1362,1,18,0.506024,1992
1363,1,11,0.505771,1992
1364,3,47,0.505519,1992
1365,2,22,0.505266,1992
1366,2,38,0.505013,1993
1367,2,32,0.504761,1994
1368,2,20,0.504508,1995
1369,1,11,0.504256,1995
1370,2,28,0.504004,1995
1371,1,21,0.503752,1995
1372,0,10,0.503500,1995
1373,1,18,0.503248,1995
1374,0,9,0.502997,1995
1375,1,27,0.502745,1996
1376,2,18,0.502494,1999
1377,1,9,0.502243,1999
1378,2,34,0.501991,2000
1379,3,41,0.501740,2001
1380,0,9,0.501490,2001
1381,0,20,0.501239,2001
1382,1,10,0.500988,2001
1383,1,50,0.500738,2002
1384,2,24,0.500487,2002
1385,2,90,0.500237,2006
1386,3,17,0.499987,2006
1387,1,12,0.499737,2006
1388,1,17,0.499487,2006
1389,1,21,0.499237,2006
1390,1,31,0.498988,2006
1391,0,14,0.498738,2006
1392,1,21,0.498489,2006
1393,0,8,0.498240,2006
1394,1,14,0.497990,2006
1395,2,10,0.497741,2006
1396,2,64,0.497493,2008
1397,2,22,0.497244,2008
1398,2,30,0.496995,2009
1399,0,8,0.496747,2009
1400,1,26,0.496498,2009
1401,2,31,0.496250,2010
1402,2,26,0.496002,2013
1403,2,39,0.495754,2014
1404,2,37,0.495506,2016
1405,1,42,0.495258,2016
1406,2,53,0.495011,2016
1407,1,25,0.494763,2016
1408,1,13,0.494516,2016
1409,0,16,0.494269,2016
1410,2,38,0.494021,2017
1411,0,5,0.493774,2017
1412,1,10,0.493528,2017
1413,1,6,0.493281,2017
1414,0,11,0.493034,2017
1415,0,16,0.492788,2017
1416,1,35,0.492541,2017
1417,0,33,0.492295,2017
1418,0,13,0.492049,2017
1419,3,24,0.491803,2018
1420,4,51,0.491557,2023
1421,4,57,0.491311,2031
1422,2,29,0.491065,2032
1423,1,32,0.490820,2032
1424,1,32,0.490575,2032
1425,2,32,0.490329,2034
1426,1,41,0.490084,2035
1427,3,56,0.489839,2039
1428,2,39,0.489594,2040
1429,0,8,0.489349,2040
1430,1,15,0.489105,2042
1431,2,25,0.488860,2042
1432,2,37,0.488616,2044
1433,3,51,0.488371,2048
1434,1,25,0.488127,2048
1435,2,36,0.487883,2049
1436,1,32,0.487639,2049
1437,1,16,0.487395,2050
1438,1,19,0.487152,2050
1439,2,41,0.486908,2051
1440,1,30,0.486665,2051
1441,1,15,0.486421,2051
1442,2,81,0.486178,2055
1443,4,54,0.485935,2065
1444,1,14,0.485692,2066
1445,2,40,0.485449,2066
1446,2,67,0.485206,2069
1447,2,41,0.484964,2071
1448,2,35,0.484721,2072
1449,0,6,0.484479,2072
1450,2,30,0.484237,2072
1451,1,5,0.483995,2072
1452,0,29,0.483753,2073
1453,3,47,0.483511,2078
1454,4,59,0.483269,2082
1455,2,11,0.483027,2083
1456,1,52,0.482786,2085
1457,3,57,0.482544,2086
1458,2,18,0.482303,2086
1459,2,61,0.482062,2087
1460,0,21,0.481821,2087
1461,2,26,0.481580,2087
1462,2,13,0.481339,2088
1463,3,73,0.481099,2089
1464,0,26,0.480858,2089
1465,1,41,0.480618,2089
1466,2,10,0.480377,2089
1467,2,34,0.480137,2089
1468,0,13,0.479897,2089
1469,2,61,0.479657,2093
1470,4,79,0.479417,2099
1471,0,40,0.479178,2099
1472,2,11,0.478938,2099
1473,1,25,0.478699,2099
1474,3,35,0.478459,2100
1475,1,22,0.478220,2100
1476,0,6,0.477981,2100
1477,2,32,0.477742,2100
1478,1,21,0.477503,2100
1479,2,74,0.477264,2104
1480,1,17,0.477026,2104
1481,1,14,0.476787,2104
1482,0,20,0.476549,2104
1483,2,56,0.476310,2106
1484,0,11,0.476072,2106
1485,1,11,0.475834,2106
1486,1,24,0.475596,2106
1487,0,19,0.475359,2106
1488,2,50,0.475121,2107
1489,1,50,0.474883,2107
1490,2,33,0.474646,2109
1491,0,9,0.474409,2109
1492,0,9,0.474171,2109
1493,1,8,0.473934,2109
1494,0,13,0.473697,2109
1495,4,65,0.473460,2117
1496,2,43,0.473224,2117
1497,2,15,0.472987,2118
1498,1,28,0.472751,2118
1499,3,31,0.472514,2125
1500,2,55,0.472278,2127
1501,1,6,0.472042,2127
1502,2,38,0.471806,2128
1503,1,15,0.471570,2129
1504,2,27,0.471334,2130
1505,2,29,0.471098,2131
1506,2,41,0.470863,2131
1507,2,9,0.470627,2132
1508,3,38,0.470392,2134
1509,2,54,0.470157,2134
1510,2,25,0.469922,2137
1511,2,45,0.469687,2139
1512,2,14,0.469452,2139
1513,0,9,0.469217,2139
1514,0,8,0.468983,2139
1515,0,11,0.468748,2139
1516,1,13,0.468514,2139
1517,2,15,0.468280,2140
1518,2,36,0.468045,2141
1519,1,14,0.467811,2141
1520,1,39,0.467578,2142
1521,0,25,0.467344,2142
1522,2,39,0.467110,2144
1523,2,62,0.466877,2146
1524,1,27,0.466643,2146
1525,2,21,0.466410,2146
1526,0,17,0.466177,2146
1527,1,24,0.465943,2146
1528,2,42,0.465711,2154
1529,1,19,0.465478,2154
1530,0,28,0.465245,2154
1531,2,15,0.465012,2154
1532,3,60,0.464780,2159
1533,2,11,0.464547,2160
1534,2,38,0.464315,2162
1535,0,9,0.464083,2162
1536,2,39,0.463851,2163
1537,0,16,0.463619,2163
1538,2,16,0.463387,2164
1539,1,9,0.463155,2164
1540,2,26,0.462924,2166
1541,0,12,0.462692,2166
1542,4,81,0.462461,2173
1543,1,13,0.462230,2173
1544,1,14,0.461999,2173
1545,1,48,0.461768,2173
1546,1,19,0.461537,2173
1547,0,6,0.461306,2173
1548,2,38,0.461075,2175
1549,1,10,0.460845,2175
1550,2,24,0.460614,2176
1551,2,11,0.460384,2176
1552,0,7,0.460154,2176
1553,3,15,0.459924,2178
1554,1,14,0.459694,2178
1555,0,7,0.459464,2178
1556,1,27,0.459234,2178
1557,1,12,0.459005,2178
1558,1,29,0.458775,2178
1559,2,34,0.458546,2179
1560,1,7,0.458317,2179
1561,1,40,0.458087,2179
1562,0,17,0.457858,2179
1563,2,35,0.457629,2180
1564,1,58,0.457401,2182
1565,0,18,0.457172,2182
1566,2,11,0.456943,2182
1567,1,16,0.456715,2183
1568,0,20,0.456487,2183
1569,1,9,0.456258,2183
1570,2,53,0.456030,2186
1571,3,27,0.455802,2188
1572,1,45,0.455574,2188
1573,1,18,0.455346,2188
1574,2,30,0.455119,2189
1575,1,20,0.454891,2189
1576,2,27,0.454664,2189
1577,0,6,0.454436,2189
1578,0,7,0.454209,2189
1579,1,14,0.453982,2189
1580,3,46,0.453755,2192
1581,2,20,0.453528,2192
1582,1,16,0.453301,2192
1583,3,30,0.453075,2192
1584,1,18,0.452848,2192
1585,2,19,0.452622,2192
1586,2,24,0.452396,2194
1587,3,71,0.452169,2201
1588,3,75,0.451943,2202
1589,2,19,0.451717,2203
1590,0,36,0.451491,2203
1591,2,47,0.451266,2206
1592,4,40,0.451040,2207
1593,2,28,0.450815,2209
1594,1,19,0.450589,2209
1595,2,32,0.450364,2211
1596,2,23,0.450139,2212
1597,0,29,0.449914,2212
1598,3,38,0.449689,2212
1599,0,15,0.449464,2212
1600,2,14,0.449239,2212
1601,2,32,0.449014,2213
1602,1,30,0.448790,2213
1603,3,41,0.448566,2219
1604,0,25,0.448341,2219
1605,3,42,0.448117,2222
1606,2,29,0.447893,2224
1607,2,16,0.447669,2224
1608,0,7,0.447445,2224
1609,2,38,0.447222,2225
1610,1,23,0.446998,2225
1611,2,24,0.446774,2225
1612,1,31,0.446551,2225
1613,1,10,0.446328,2225
1614,2,48,0.446105,2226
1615,0,10,0.445882,2226
1616,1,8,0.445659,2226
1617,0,13,0.445436,2226
1618,2,18,0.445213,2226
1619,1,20,0.444990,2226
1620,1,9,0.444768,2226
1621,4,54,0.444546,2232
1622,2,24,0.444323,2233
1623,3,39,0.444101,2236
1624,1,12,0.443879,2236
1625,2,42,0.443657,2236
1626,2,15,0.443435,2236
1627,3,26,0.443214,2236
1628,1,16,0.442992,2236
1629,2,26,0.442771,2237
1630,2,21,0.442549,2237
1631,1,9,0.442328,2237
1632,2,20,0.442107,2239
1633,2,47,0.441886,2241
1634,2,16,0.441665,2241
1635,3,22,0.441444,2242
1636,1,24,0.441223,2242
1637,2,7,0.441003,2242
1638,3,44,0.440782,2244
1639,0,18,0.440562,2244
1640,0,6,0.440341,2244
1641,3,57,0.440121,2246
1642,1,44,0.439901,2246
1643,2,28,0.439681,2247
1644,1,25,0.439461,2247
1645,3,49,0.439242,2248
1646,2,10,0.439022,2248
1647,1,24,0.438802,2250
1648,1,42,0.438583,2250
1649,3,36,0.438364,2251
1650,2,20,0.438145,2251
1651,0,23,0.437926,2251
1652,2,116,0.437707,2259
1653,1,8,0.437488,2259
1654,2,29,0.437269,2260
1655,0,8,0.437050,2260
1656,2,70,0.436832,2260
1657,2,20,0.436613,2260
1658,2,28,0.436395,2263
1659,1,10,0.436177,2263
1660,1,31,0.435959,2263
1661,2,38,0.435741,2263
1662,0,8,0.435523,2263
1663,2,37,0.435305,2264
1664,4,64,0.435088,2269
1665,2,19,0.434870,2269
1666,2,35,0.434653,2270
1667,4,20,0.434435,2272
1668,1,35,0.434218,2272
1669,2,34,0.434001,2274
1670,1,8,0.433784,2274
1671,4,93,0.433567,2290
1672,2,27,0.433350,2290
1673,3,78,0.433134,2295
1674,3,39,0.432917,2296
1675,2,34,0.432701,2296
1676,3,34,0.432484,2298
1677,2,50,0.432268,2299
1678,3,27,0.432052,2301
1679,1,11,0.431836,2301
1680,0,9,0.431620,2301
1681,2,41,0.431404,2306
1682,2,39,0.431188,2306
1683,2,35,0.430973,2306
1684,2,27,0.430757,2308
1685,0,21,0.430542,2308
1686,3,35,0.430327,2308
1687,3,44,0.430111,2311
1688,1,12,0.429896,2311
1689,1,7,0.429681,2311
1690,1,16,0.429467,2311
1691,0,16,0.429252,2311
1692,0,9,0.429037,2311
1693,2,37,0.428823,2314
1694,2,6,0.428608,2314
1695,2,16,0.428394,2314
1696,1,12,0.428180,2314
1697,3,37,0.427966,2315
1698,4,20,0.427752,2316
1699,2,19,0.427538,2317
1700,3,50,0.427324,2321
1701,1,9,0.427110,2321
1702,2,23,0.426897,2321
1703,0,6,0.426683,2321
1704,2,44,0.426470,2322
1705,1,27,0.426257,2322
1706,1,11,0.426044,2322
1707,0,5,0.425831,2322
1708,2,33,0.425618,2322
1709,5,95,0.425405,2332
1710,2,10,0.425192,2333
1711,1,12,0.424980,2333
1712,2,26,0.424767,2335
1713,2,32,0.424555,2336
1714,4,47,0.424343,2338
1715,0,9,0.424130,2338
1716,0,8,0.423918,2338
1717,1,22,0.423706,2338
1718,0,16,0.423494,2338
1719,2,31,0.423283,2341
1720,2,44,0.423071,2342
1721,1,15,0.422860,2342
1722,3,37,0.422648,2343
1723,2,22,0.422437,2345
1724,4,68,0.422226,2354
1725,1,10,0.422014,2354
1726,2,24,0.421803,2354
1727,4,42,0.421593,2358
1728,1,6,0.421382,2358
1729,3,28,0.421171,2360
1730,2,46,0.420960,2361
1731,2,25,0.420750,2361
1732,3,28,0.420540,2364
1733,3,50,0.420329,2366
1734,1,21,0.420119,2366
1735,2,31,0.419909,2367
1736,2,67,0.419699,2368
1737,1,15,0.419489,2368
1738,1,25,0.419280,2368
1739,2,34,0.419070,2368
1740,2,23,0.418860,2368
1741,2,25,0.418651,2368
1742,4,40,0.418442,2370
1743,2,25,0.418232,2370
1744,0,9,0.418023,2370
1745,2,46,0.417814,2370
1746,1,46,0.417605,2371
1747,0,6,0.417397,2371
1748,3,36,0.417188,2373
1749,2,23,0.416979,2373
1750,1,21,0.416771,2373
1751,1,12,0.416562,2373
1752,1,14,0.416354,2373
1753,2,27,0.416146,2375
1754,1,9,0.415938,2375
1755,0,9,0.415730,2375
1756,2,15,0.415522,2375
1757,4,33,0.415314,2376
1758,2,23,0.415107,2376
1759,1,11,0.414899,2376
1760,2,43,0.414692,2376
1761,1,20,0.414484,2377
1762,0,19,0.414277,2377
1763,2,31,0.414070,2377
1764,2,12,0.413863,2377
1765,1,10,0.413656,2377
1766,4,70,0.413449,2384
1767,1,12,0.413242,2385
1768,1,20,0.413036,2385
1769,2,39,0.412829,2388
1770,0,6,0.412623,2388
1771,0,6,0.412417,2388
1772,0,10,0.412210,2388
1773,1,11,0.412004,2388
1774,2,37,0.411798,2390
1775,1,23,0.411592,2390
1776,1,8,0.411387,2390
1777,2,13,0.411181,2390
1778,3,77,0.410975,2393
1779,1,21,0.410770,2393
1780,0,5,0.410564,2393
1781,4,80,0.410359,2401
1782,1,29,0.410154,2401
1783,2,21,0.409949,2403
1784,3,48,0.409744,2404
1785,4,52,0.409539,2407
1786,2,18,0.409334,2407
1787,1,38,0.409130,2407
1788,2,44,0.408925,2408
1789,2,33,0.408721,2411
1790,3,34,0.408516,2411
1791,1,11,0.408312,2411
1792,0,11,0.408108,2411
1793,2,9,0.407904,2411
1794,1,9,0.407700,2411
1795,2,15,0.407496,2411
1796,1,27,0.407292,2411
1797,0,12,0.407088,2411
1798,1,5,0.406885,2411
1799,3,55,0.406682,2412
1800,1,13,0.406478,2412
1801,2,15,0.406275,2414
1802,0,23,0.406072,2414
1803,2,25,0.405869,2415
1804,1,32,0.405666,2416
1805,1,12,0.405463,2416
1806,1,13,0.405260,2416
1807,2,42,0.405058,2416
1808,4,47,0.404855,2419
1809,1,12,0.404653,2419
1810,4,25,0.404450,2420
1811,2,32,0.404248,2421
1812,2,21,0.404046,2423
1813,1,17,0.403844,2423
1814,2,26,0.403642,2423
1815,2,22,0.403440,2423
1816,3,25,0.403239,2426
1817,2,15,0.403037,2426
1818,5,64,0.402835,2431
1819,2,22,0.402634,2432
1820,2,12,0.402433,2432
1821,1,17,0.402231,2432
1822,0,11,0.402030,2432
1823,0,14,0.401829,2432
1824,2,29,0.401628,2434
1825,0,21,0.401428,2434
1826,1,11,0.401227,2434
1827,1,14,0.401026,2434
1828,0,7,0.400826,2434
1829,2,34,0.400625,2434
1830,2,28,0.400425,2434
1831,2,20,0.400225,2434
1832,2,19,0.400025,2435
1833,2,48,0.399825,2436
1834,1,32,0.399625,2437
1835,1,20,0.399425,2437
1836,2,26,0.399225,2437
1837,3,71,0.399026,2440
1838,2,39,0.398826,2440
1839,2,52,0.398627,2444
1840,3,44,0.398427,2445
1841,0,7,0.398228,2445
1842,2,26,0.398029,2445
1843,2,8,0.397830,2445
1844,3,27,0.397631,2445
1845,5,55,0.397432,2454
1846,1,14,0.397234,2454
1847,2,42,0.397035,2456
1848,2,46,0.396836,2456
1849,4,42,0.396638,2456
1850,1,10,0.396440,2456
1851,2,64,0.396241,2456
1852,0,6,0.396043,2456
1853,2,16,0.395845,2456
1854,2,17,0.395647,2457
1855,3,39,0.395450,2460
1856,1,59,0.395252,2461
1857,3,32,0.395054,2463
1858,1,10,0.394857,2463
1859,2,23,0.394659,2463
1860,5,71,0.394462,2471
1861,1,12,0.394265,2471
1862,2,20,0.394068,2471
1863,2,8,0.393871,2471
1864,2,22,0.393674,2471
1865,0,13,0.393477,2471
1866,1,22,0.393280,2471
1867,4,50,0.393083,2474
1868,3,29,0.392887,2475
1869,3,50,0.392690,2476
1870,2,14,0.392494,2476
1871,2,25,0.392298,2476
1872,2,18,0.392102,2476
1873,3,24,0.391906,2477
1874,1,21,0.391710,2477
1875,2,40,0.391514,2477
1876,1,16,0.391318,2477
1877,2,53,0.391122,2479
1878,2,21,0.390927,2479
1879,1,31,0.390731,2479
1880,2,40,0.390536,2479
1881,3,69,0.390341,2480
1882,4,27,0.390146,2482
1883,2,14,0.389951,2482
1884,3,48,0.389756,2485
1885,5,59,0.389561,2494
1886,2,50,0.389366,2495
1887,4,53,0.389171,2498
1888,0,8,0.388977,2498
1889,3,26,0.388782,2500
1890,2,16,0.388588,2501
1891,0,33,0.388393,2501
1892,4,104,0.388199,2518
1893,4,27,0.388005,2519
1894,2,38,0.387811,2520
1895,0,10,0.387617,2520
1896,1,26,0.387423,2520
1897,0,8,0.387230,2520
1898,3,51,0.387036,2523
1899,4,33,0.386843,2527
1900,3,41,0.386649,2527
1901,2,23,0.386456,2527
1902,2,18,0.386263,2527
1903,2,13,0.386069,2527
1904,3,50,0.385876,2527
1905,3,26,0.385683,2528
1906,2,24,0.385491,2528
1907,3,37,0.385298,2528
1908,2,25,0.385105,2528
1909,3,44,0.384913,2529
1910,2,45,0.384720,2530
1911,2,30,0.384528,2532
1912,0,14,0.384336,2532
1913,1,11,0.384143,2532
1914,2,11,0.383951,2532
1915,1,15,0.383759,2532
1916,2,25,0.383568,2535
1917,2,17,0.383376,2535
1918,2,11,0.383184,2535
1919,2,26,0.382992,2535
1920,2,24,0.382801,2535
1921,3,31,0.382610,2537
1922,0,15,0.382418,2537
1923,1,14,0.382227,2537
1924,4,50,0.382036,2540
1925,0,6,0.381845,2540
1926,2,21,0.381654,2540
1927,2,21,0.381463,2541
1928,4,71,0.381272,2548
1929,2,18,0.381082,2548
1930,0,8,0.380891,2548
1931,2,26,0.380701,2548
1932,2,21,0.380510,2548
1933,1,21,0.380320,2548
1934,2,49,0.380130,2549
1935,2,19,0.379940,2550
1936,2,16,0.379750,2550
1937,2,20,0.379560,2550
1938,1,24,0.379370,2550
1939,2,43,0.379181,2553
1940,4,24,0.378991,2555
1941,2,24,0.378802,2555
1942,3,24,0.378612,2555
1943,1,28,0.378423,2555
1944,0,5,0.378234,2555
1945,1,15,0.378045,2555
1946,4,51,0.377856,2559
1947,3,34,0.377667,2561
1948,2,44,0.377478,2561
1949,2,16,0.377289,2562
1950,2,57,0.377100,2564
1951,3,26,0.376912,2564
1952,1,42,0.376723,2564
1953,2,32,0.376535,2564
1954,4,54,0.376347,2568
1955,2,54,0.376159,2571
1956,4,59,0.375971,2574
1957,2,53,0.375783,2575
1958,5,63,0.375595,2578
1959,3,54,0.375407,2579
1960,3,26,0.375219,2579
1961,1,33,0.375032,2579
1962,1,30,0.374844,2579
1963,2,18,0.374657,2579
1964,4,31,0.374469,2580
1965,1,6,0.374282,2580
1966,1,42,0.374095,2581
1967,1,11,0.373908,2581
1968,0,11,0.373721,2581
1969,1,17,0.373534,2581
1970,1,15,0.373347,2581
1971,2,44,0.373161,2582
1972,5,69,0.372974,2588
1973,4,71,0.372788,2597
1974,2,19,0.372601,2597
1975,2,23,0.372415,2597
1976,0,15,0.372229,2597
1977,3,35,0.372042,2598
1978,2,40,0.371856,2599
1979,1,30,0.371671,2599
1980,2,28,0.371485,2601
1981,5,45,0.371299,2609
1982,5,52,0.371113,2612
1983,1,14,0.370928,2613
1984,1,20,0.370742,2613
1985,1,10,0.370557,2613
1986,3,28,0.370372,2615
1987,1,8,0.370186,2615
1988,4,51,0.370001,2616
1989,5,40,0.369816,2619
1990,2,18,0.369631,2619
1991,0,9,0.369447,2619
1992,1,11,0.369262,2619
1993,1,29,0.369077,2619
1994,1,21,0.368893,2619
1995,4,63,0.368708,2623
1996,2,58,0.368524,2626
1997,2,46,0.368340,2627
1998,1,27,0.368156,2628
1999,2,21,0.367971,2629
2000,2,30,0.367787,2629
2001,3,46,0.367604,2630
2002,2,36,0.367420,2630
2003,0,6,0.367236,2630
2004,3,47,0.367052,2633
2005,0,13,0.366869,2633
2006,1,31,0.366685,2634
2007,0,7,0.366502,2634
2008,2,25,0.366319,2634
2009,2,16,0.366136,2634
2010,2,34,0.365953,2634
2011,3,37,0.365770,2635
2012,2,52,0.365587,2635
2013,4,55,0.365404,2644
2014,3,26,0.365221,2644
2015,1,29,0.365039,2644
2016,2,36,0.364856,2644
2017,2,17,0.364674,2644
2018,1,15,0.364491,2644
2019,2,20,0.364309,2644
2020,4,63,0.364127,2647
2021,3,47,0.363945,2647
2022,1,24,0.363763,2648
2023,2,12,0.363581,2649
2024,1,6,0.363399,2649
2025,2,23,0.363218,2649
2026,1,23,0.363036,2649
2027,2,32,0.362854,2649
2028,1,21,0.362673,2649
2029,4,51,0.362492,2654
2030,3,30,0.362310,2659
2031,3,66,0.362129,2662
2032,1,11,0.361948,2662
2033,4,62,0.361767,2669
2034,1,53,0.361586,2669
2035,4,106,0.361406,2681
2036,4,37,0.361225,2683
2037,3,16,0.361044,2683
2038,0,7,0.360864,2683
2039,3,58,0.360683,2684
2040,2,26,0.360503,2684
2041,4,44,0.360323,2688
2042,4,54,0.360143,2690
2043,2,22,0.359962,2690
2044,1,23,0.359783,2690
2045,0,9,0.359603,2690
2046,2,21,0.359423,2692
2047,3,15,0.359243,2692
2048,4,41,0.359063,2698
2049,1,9,0.358884,2698
2050,2,26,0.358705,2699
2051,2,36,0.358525,2700
2052,3,30,0.358346,2700
2053,4,72,0.358167,2709
2054,1,13,0.357988,2709
2055,2,32,0.357809,2710
2056,4,24,0.357630,2714
2057,3,27,0.357451,2716
2058,2,10,0.357272,2716
2059,2,28,0.357094,2718
2060,3,42,0.356915,2721
2061,0,15,0.356737,2721
2062,4,92,0.356558,2725
2063,2,28,0.356380,2725
2064,3,52,0.356202,2726
2065,4,55,0.356024,2726
2066,4,48,0.355846,2730
2067,2,22,0.355668,2730
2068,1,22,0.355490,2730
2069,2,17,0.355312,2730
2070,2,32,0.355134,2731
2071,4,18,0.354957,2733
2072,1,12,0.354779,2733
2073,3,29,0.354602,2733
2074,3,26,0.354425,2733
2075,2,21,0.354247,2733
2076,3,65,0.354070,2739
2077,4,82,0.353893,2741
2078,2,18,0.353716,2741
2079,4,52,0.353540,2750
2080,2,26,0.353363,2750
2081,3,11,0.353186,2750
2082,2,22,0.353009,2753
2083,4,32,0.352833,2756
2084,2,11,0.352657,2757
2085,4,51,0.352480,2761
2086,5,59,0.352304,2766
2087,1,9,0.352128,2766
2088,0,6,0.351952,2766
2089,0,8,0.351776,2766
2090,1,14,0.351600,2766
2091,0,7,0.351424,2766
2092,4,69,0.351248,2774
2093,2,17,0.351073,2774
2094,1,21,0.350897,2774
2095,2,36,0.350722,2778
2096,3,29,0.350546,2778
2097,2,32,0.350371,2778
2098,4,65,0.350196,2784
2099,1,9,0.350021,2784
2100,2,35,0.349846,2784
2101,3,24,0.349671,2784
2102,0,12,0.349496,2784
2103,1,36,0.349321,2784
2104,3,28,0.349147,2786
2105,2,37,0.348972,2791
2106,2,15,0.348798,2791
2107,2,23,0.348623,2791
2108,3,25,0.348449,2792
2109,1,11,0.348275,2792
2110,5,77,0.348101,2801
2111,4,41,0.347927,2802
2112,4,42,0.347753,2806
2113,2,21,0.347579,2806
2114,1,27,0.347405,2806
2115,2,21,0.347231,2806
2116,2,33,0.347058,2807
2117,3,43,0.346884,2807
2118,0,16,0.346711,2807
2119,1,11,0.346537,2807
2120,1,9,0.346364,2807
2121,2,32,0.346191,2808
2122,2,43,0.346018,2808
2123,2,47,0.345845,2809
2124,1,21,0.345672,2809
2125,1,12,0.345499,2809
2126,4,53,0.345326,2811
2127,3,22,0.345154,2811
2128,2,36,0.344981,2814
2129,1,26,0.344808,2814
2130,4,48,0.344636,2817
2131,2,29,0.344464,2818
2132,4,54,0.344292,2821
2133,3,25,0.344119,2822
2134,3,45,0.343947,2823
2135,1,10,0.343775,2823
2136,4,41,0.343603,2828
2137,3,52,0.343432,2831
2138,2,35,0.343260,2831
2139,0,22,0.343088,2831
2140,2,17,0.342917,2831
2141,4,39,0.342745,2834
2142,1,20,0.342574,2834
2143,2,26,0.342403,2834
2144,2,56,0.342231,2835
2145,0,6,0.342060,2835
2146,3,47,0.341889,2836
2147,3,19,0.341718,2837
2148,4,29,0.341547,2838
2149,3,39,0.341377,2839
2150,1,17,0.341206,2840
2151,1,21,0.341035,2840
2152,3,42,0.340865,2841
2153,0,20,0.340694,2841
2154,2,35,0.340524,2841
2155,4,45,0.340354,2846
2156,1,27,0.340184,2846
2157,2,20,0.340014,2846
2158,2,22,0.339844,2846
2159,3,39,0.339674,2847
2160,3,45,0.339504,2848
2161,1,15,0.339334,2848
2162,4,35,0.339164,2850
2163,2,27,0.338995,2851
2164,3,49,0.338825,2853
2165,3,41,0.338656,2854
2166,1,12,0.338487,2855
2167,2,28,0.338317,2855
2168,1,29,0.338148,2855
2169,4,54,0.337979,2858
2170,1,8,0.337810,2858
2171,1,25,0.337641,2858
2172,2,24,0.337472,2858
2173,5,52,0.337304,2866
2174,4,72,0.337135,2871
2175,0,6,0.336966,2871
2176,1,14,0.336798,2871
2177,0,5,0.336630,2871
2178,1,7,0.336461,2871
2179,4,77,0.336293,2874
2180,2,76,0.336125,2874
2181,6,88,0.335957,2881
2182,1,12,0.335789,2881
2183,0,7,0.335621,2881
2184,1,10,0.335453,2881
2185,1,28,0.335285,2881
2186,0,24,0.335118,2881
2187,4,65,0.334950,2883
2188,2,22,0.334783,2883
2189,4,27,0.334615,2884
2190,4,30,0.334448,2885
2191,1,15,0.334281,2885
2192,1,8,0.334114,2885
2193,3,30,0.333947,2885
2194,1,17,0.333780,2885
2195,1,27,0.333613,2885
2196,2,17,0.333446,2885
2197,3,39,0.333279,2885
2198,2,24,0.333113,2887
2199,3,15,0.332946,2887
2200,1,14,0.332780,2887
2201,0,10,0.332613,2887
2202,3,34,0.332447,2888
2203,0,11,0.332281,2888
2204,3,44,0.332114,2891
2205,1,22,0.331948,2892
2206,4,46,0.331782,2892
2207,1,6,0.331617,2892
2208,2,17,0.331451,2892
2209,4,75,0.331285,2905
2210,1,20,0.331119,2905
2211,2,22,0.330954,2905
2212,2,23,0.330788,2906
2213,0,15,0.330623,2906
2214,2,18,0.330458,2907
2215,4,56,0.330292,2910
2216,3,41,0.330127,2910
2217,1,21,0.329962,2910
2218,0,9,0.329797,2910
2219,3,34,0.329632,2910
2220,4,42,0.329467,2913
2221,2,24,0.329303,2913
2222,1,14,0.329138,2913
2223,3,48,0.328974,2914
2224,1,33,0.328809,2914
2225,1,16,0.328645,2914
2226,2,70,0.328480,2916
2227,4,37,0.328316,2918
2228,2,29,0.328152,2919
2229,3,28,0.327988,2919
2230,4,48,0.327824,2921
2231,2,47,0.327660,2925
2232,2,17,0.327496,2925
2233,4,46,0.327332,2929
2234,4,67,0.327169,2932
2235,4,57,0.327005,2937
2236,2,14,0.326842,2937
2237,3,31,0.326678,2937
2238,4,66,0.326515,2940
2239,1,16,0.326352,2941
2240,1,11,0.326188,2941
2241,2,27,0.326025,2942
2242,1,17,0.325862,2942
2243,1,11,0.325699,2943
2244,2,31,0.325537,2943
2245,4,52,0.325374,2948
2246,3,23,0.325211,2948
2247,2,27,0.325048,2949
2248,6,70,0.324886,2954
2249,2,41,0.324724,2954
2250,3,47,0.324561,2955
2251,2,28,0.324399,2955
2252,1,10,0.324237,2955
2253,1,41,0.324075,2956
2254,4,53,0.323913,2958
2255,1,14,0.323751,2958
2256,2,24,0.323589,2959
2257,4,43,0.323427,2962
2258,0,19,0.323265,2962
2259,4,19,0.323104,2963
2260,3,33,0.322942,2963
2261,1,8,0.322781,2963
2262,2,24,0.322619,2963
2263,2,24,0.322458,2965
2264,2,33,0.322297,2965
2265,2,13,0.322135,2965
2266,4,50,0.321974,2969
2267,1,13,0.321813,2969
2268,4,51,0.321652,2969
2269,0,23,0.321492,2969
2270,4,34,0.321331,2973
2271,1,19,0.321170,2973
2272,1,17,0.321010,2973
2273,1,19,0.320849,2973
2274,2,13,0.320689,2973
2275,2,23,0.320528,2973
2276,4,65,0.320368,2974
2277,2,36,0.320208,2975
2278,2,25,0.320048,2975
2279,4,34,0.319888,2979
2280,4,55,0.319728,2984
2281,2,57,0.319568,2984
2282,2,26,0.319408,2984
2283,0,13,0.319249,2984
2284,4,40,0.319089,2987
2285,2,21,0.318929,2987
2286,1,11,0.318770,2987
2287,0,13,0.318610,2987
2288,4,52,0.318451,2988
2289,1,19,0.318292,2989
2290,0,11,0.318133,2989
2291,2,21,0.317974,2989
2292,2,21,0.317815,2989
2293,3,22,0.317656,2990
2294,2,11,0.317497,2990
2295,4,44,0.317338,2990
2296,2,26,0.317180,2990
2297,2,20,0.317021,2990
2298,4,28,0.316863,2996
2299,2,26,0.316704,2996
2300,4,61,0.316546,3000
2301,6,49,0.316387,3001
2302,2,25,0.316229,3001
2303,3,28,0.316071,3001
2304,2,20,0.315913,3001
2305,2,26,0.315755,3001
2306,5,47,0.315597,3004
2307,1,10,0.315439,3004
2308,2,20,0.315282,3004
2309,3,43,0.315124,3004
2310,2,21,0.314967,3004
2311,2,21,0.314809,3004
2312,4,30,0.314652,3004
2313,3,47,0.314494,3006
2314,2,42,0.314337,3006
2315,1,18,0.314180,3006
2316,3,51,0.314023,3007
2317,1,10,0.313866,3007
2318,1,23,0.313709,3007
2319,1,10,0.313552,3007
2320,2,50,0.313395,3007
2321,2,26,0.313239,3008
2322,4,86,0.313082,3011
2323,3,19,0.312925,3011
2324,3,48,0.312769,3012
2325,2,39,0.312613,3013
2326,2,17,0.312456,3014
2327,1,22,0.312300,3014
2328,4,27,0.312144,3015
2329,3,35,0.311988,3016
2330,1,12,0.311832,3016
2331,2,43,0.311676,3016
2332,4,48,0.311520,3017
2333,4,70,0.311364,3021
2334,1,9,0.311209,3021
2335,1,21,0.311053,3021
2336,4,58,0.310897,3025
2337,3,41,0.310742,3027
2338,1,10,0.310587,3027
2339,4,79,0.310431,3031
2340,4,20,0.310276,3031
2341,1,8,0.310121,3031
2342,2,14,0.309966,3031
2343,2,22,0.309811,3031
2344,3,48,0.309656,3031
2345,2,16,0.309501,3031
2346,2,29,0.309346,3032
2347,4,49,0.309192,3036
2348,2,13,0.309037,3036
2349,0,5,0.308883,3036
2350,0,5,0.308728,3036
2351,2,23,0.308574,3036
2352,2,26,0.308420,3036
2353,4,38,0.308265,3039
2354,2,28,0.308111,3039
2355,5,33,0.307957,3044
2356,2,20,0.307803,3044
2357,2,23,0.307649,3044
2358,4,31,0.307495,3046
2359,2,12,0.307342,3046
2360,5,44,0.307188,3050
2361,2,11,0.307034,3050
2362,4,40,0.306881,3052
2363,4,40,0.306728,3054
2364,2,30,0.306574,3054
2365,3,53,0.306421,3057
2366,3,19,0.306268,3057
2367,1,13,0.306115,3057
2368,2,16,0.305961,3057
2369,1,7,0.305808,3057
2370,1,16,0.305656,3057
2371,3,43,0.305503,3058
2372,4,44,0.305350,3060
2373,4,32,0.305197,3060
2374,1,28,0.305045,3060
2375,3,65,0.304892,3060
2376,4,44,0.304740,3063
2377,2,12,0.304587,3063
2378,4,70,0.304435,3065
2379,1,17,0.304283,3065
2380,2,22,0.304131,3065
2381,4,55,0.303979,3067
2382,4,32,0.303827,3069
2383,1,11,0.303675,3069
2384,5,42,0.303523,3070
2385,4,89,0.303371,3072
2386,4,35,0.303219,3073
2387,3,26,0.303068,3073
2388,4,56,0.302916,3077
2389,1,9,0.302765,3077
2390,2,16,0.302614,3077
2391,2,11,0.302462,3078
2392,2,16,0.302311,3078
2393,3,38,0.302160,3080
2394,2,31,0.302009,3081
2395,6,70,0.301858,3087
2396,3,31,0.301707,3088
2397,0,9,0.301556,3088
2398,2,23,0.301405,3088
2399,1,24,0.301254,3088
2400,1,28,0.301104,3088
2401,5,49,0.300953,3093
2402,2,44,0.300803,3093
2403,2,33,0.300652,3093
2404,4,29,0.300502,3095
2405,1,24,0.300352,3095
2406,5,45,0.300202,3097
2407,4,30,0.300052,3102
2408,2,31,0.299902,3103
2409,2,18,0.299752,3103
2410,2,23,0.299602,3103
2411,2,10,0.299452,3103
2412,1,27,0.299302,3104
2413,3,32,0.299153,3105
2414,2,36,0.299003,3105
2415,3,12,0.298853,3105
2416,3,36,0.298704,3105
2417,2,29,0.298555,3105
2418,4,38,0.298405,3108
2419,1,15,0.298256,3109
2420,5,47,0.298107,3114
2421,1,19,0.297958,3114
2422,3,16,0.297809,3114
2423,4,42,0.297660,3116
2424,5,54,0.297511,3119
2425,4,59,0.297363,3120
2426,1,17,0.297214,3120
2427,2,28,0.297065,3120
2428,1,7,0.296917,3120
2429,4,45,0.296768,3123
2430,4,57,0.296620,3126
2431,3,47,0.296472,3129
2432,2,22,0.296323,3129
2433,2,53,0.296175,3129
2434,2,21,0.296027,3129
2435,3,39,0.295879,3129
2436,2,10,0.295731,3129
2437,4,89,0.295583,3133
2438,3,48,0.295435,3134
2439,3,43,0.295288,3134
2440,4,35,0.295140,3134
2441,3,49,0.294993,3134
2442,2,37,0.294845,3137
2443,1,12,0.294698,3137
2444,3,35,0.294550,3137
2445,2,35,0.294403,3137
2446,3,36,0.294256,3139
2447,0,7,0.294109,3139
2448,2,28,0.293962,3139
2449,3,45,0.293815,3141
2450,2,31,0.293668,3142
2451,0,16,0.293521,3142
2452,4,46,0.293374,3143
2453,2,17,0.293227,3143
2454,4,35,0.293081,3143
2455,2,20,0.292934,3143
2456,3,39,0.292788,3145
2457,1,22,0.292641,3145
2458,4,32,0.292495,3146
2459,3,23,0.292349,3146
2460,3,30,0.292203,3146
2461,2,29,0.292057,3146
2462,5,44,0.291911,3147
2463,4,46,0.291765,3150
2464,4,52,0.291619,3154
2465,2,50,0.291473,3154
2466,3,31,0.291327,3154
2467,2,26,0.291182,3154
2468,6,63,0.291036,3157
2469,5,63,0.290890,3163
2470,2,10,0.290745,3163
2471,4,27,0.290600,3164
2472,4,76,0.290454,3165
2473,3,31,0.290309,3167
2474,3,17,0.290164,3167
2475,1,10,0.290019,3167
2476,2,46,0.289874,3167
2477,1,7,0.289729,3167
2478,1,12,0.289584,3167
2479,4,68,0.289439,3172
2480,2,33,0.289294,3172
2481,1,14,0.289150,3172
2482,4,71,0.289005,3176
2483,1,11,0.288861,3176
2484,3,42,0.288716,3176
2485,3,37,0.288572,3177
2486,3,31,0.288428,3177
2487,4,45,0.288283,3178
2488,3,36,0.288139,3178
2489,4,35,0.287995,3179
2490,4,38,0.287851,3179
2491,3,30,0.287707,3179
2492,0,8,0.287563,3179
2493,4,68,0.287420,3183
2494,4,38,0.287276,3188
2495,4,26,0.287132,3189
2496,1,7,0.286989,3189
2497,0,17,0.286845,3189
2498,3,27,0.286702,3189
2499,3,49,0.286559,3189
2500,2,21,0.286415,3189
2501,5,55,0.286272,3191
2502,2,24,0.286129,3191
2503,3,17,0.285986,3191
2504,2,31,0.285843,3191
2505,2,34,0.285700,3191
2506,1,9,0.285557,3191
2507,2,19,0.285414,3191
2508,1,25,0.285272,3191
2509,4,51,0.285129,3192
2510,0,8,0.284986,3192
2511,4,49,0.284844,3193
2512,2,25,0.284701,3194
2513,1,15,0.284559,3194
2514,5,20,0.284417,3195
2515,4,49,0.284275,3199
2516,4,49,0.284132,3201
2517,3,16,0.283990,3202
2518,2,22,0.283848,3203
2519,1,17,0.283707,3203
2520,0,8,0.283565,3203
2521,0,6,0.283423,3203
2522,5,71,0.283281,3207
2523,4,39,0.283140,3209
2524,4,30,0.282998,3209
2525,5,54,0.282856,3211
2526,3,50,0.282715,3211
2527,2,41,0.282574,3211
2528,4,41,0.282432,3212
2529,2,36,0.282291,3213
2530,3,9,0.282150,3213
2531,4,52,0.282009,3216
2532,1,21,0.281868,3217
2533,4,34,0.281727,3218
2534,1,28,0.281586,3218
2535,1,12,0.281445,3218
2536,2,28,0.281305,3218
2537,4,39,0.281164,3219
2538,2,45,0.281023,3220
2539,0,6,0.280883,3220
2540,4,32,0.280742,3221
2541,2,23,0.280602,3221
2542,4,39,0.280462,3222
2543,6,45,0.280322,3226
2544,3,43,0.280181,3228
2545,2,41,0.280041,3228
2546,1,22,0.279901,3228
2547,2,27,0.279761,3229
2548,3,21,0.279621,3230
2549,1,27,0.279482,3230
2550,5,61,0.279342,3231
2551,3,28,0.279202,3231
2552,5,89,0.279063,3233
2553,2,11,0.278923,3233
2554,2,22,0.278784,3233
2555,4,46,0.278644,3236
2556,1,8,0.278505,3236
2557,0,16,0.278366,3236
2558,2,23,0.278226,3236
2559,2,24,0.278087,3236
2560,2,22,0.277948,3236
2561,2,41,0.277809,3236
2562,2,17,0.277670,3236
2563,2,25,0.277532,3236
2564,0,8,0.277393,3236
2565,1,9,0.277254,3236
2566,4,47,0.277116,3244
2567,1,9,0.276977,3244
2568,1,15,0.276838,3244
2569,2,23,0.276700,3244
2570,1,17,0.276562,3244
2571,4,23,0.276423,3244
2572,0,7,0.276285,3244
2573,0,6,0.276147,3244
2574,2,19,0.276009,3244
2575,2,25,0.275871,3244
2576,1,11,0.275733,3244
2577,2,36,0.275595,3244
2578,2,46,0.275457,3244
2579,0,5,0.275320,3244
2580,3,26,0.275182,3244
2581,6,62,0.275044,3249
2582,1,7,0.274907,3249
2583,3,43,0.274769,3250
2584,0,5,0.274632,3250
2585,3,23,0.274495,3250
2586,3,35,0.274357,3250
2587,2,24,0.274220,3250
2588,5,70,0.274083,3253
2589,4,58,0.273946,3254
2590,1,12,0.273809,3254
2591,5,78,0.273672,3258
2592,2,12,0.273535,3258
2593,7,70,0.273399,3266
2594,2,45,0.273262,3268
2595,4,33,0.273125,3269
2596,4,31,0.272989,3271
2597,5,30,0.272852,3274
2598,3,26,0.272716,3275
2599,2,13,0.272579,3275
2600,1,13,0.272443,3275
2601,1,16,0.272307,3275
2602,3,37,0.272171,3275
2603,0,11,0.272035,3275
2604,0,9,0.271899,3275
2605,3,27,0.271763,3275
2606,0,9,0.271627,3275
2607,5,50,0.271491,3282
2608,4,56,0.271355,3282
2609,5,28,0.271220,3286
2610,2,33,0.271084,3287
2611,0,10,0.270949,3287
2612,2,20,0.270813,3287
2613,2,19,0.270678,3287
2614,4,50,0.270542,3290
2615,1,9,0.270407,3290
2616,6,60,0.270272,3295
2617,4,29,0.270137,3297
2618,4,48,0.270002,3298
2619,6,38,0.269867,3302
2620,1,14,0.269732,3302
2621,3,40,0.269597,3304
2622,2,22,0.269462,3304
2623,2,19,0.269327,3305
2624,2,9,0.269193,3306
2625,3,32,0.269058,3306
2626,2,23,0.268923,3307
2627,2,39,0.268789,3307
2628,1,27,0.268655,3308
2629,3,22,0.268520,3308
2630,0,23,0.268386,3308
2631,2,32,0.268252,3308
2632,1,15,0.268118,3308
2633,2,31,0.267984,3308
2634,2,14,0.267850,3308
2635,2,36,0.267716,3309
2636,4,43,0.267582,3310
2637,2,14,0.267448,3310
2638,3,31,0.267314,3310
2639,3,17,0.267181,3310
2640,3,30,0.267047,3311
2641,3,29,0.266914,3311
2642,1,20,0.266780,3311
2643,4,21,0.266647,3311
2644,2,24,0.266513,3311
2645,2,36,0.266380,3312
2646,4,32,0.266247,3315
2647,3,54,0.266114,3315
2648,2,40,0.265981,3315
2649,2,19,0.265848,3315
2650,2,21,0.265715,3316
2651,2,31,0.265582,3316
2652,4,45,0.265449,3321
2653,2,28,0.265317,3321
2654,0,8,0.265184,3321
2655,2,37,0.265051,3322
2656,4,33,0.264919,3324
2657,6,81,0.264786,3331
2658,4,36,0.264654,3333
2659,3,42,0.264522,3333
2660,3,17,0.264389,3333
2661,1,11,0.264257,3333
2662,5,41,0.264125,3335
2663,3,25,0.263993,3335
2664,3,42,0.263861,3336
2665,2,17,0.263729,3336
2666,0,6,0.263597,3336
2667,2,22,0.263465,3336
2668,3,39,0.263334,3336
2669,2,35,0.263202,3338
2670,1,26,0.263070,3338
2671,5,29,0.262939,3340
2672,4,33,0.262807,3342
2673,4,36,0.262676,3342
2674,2,31,0.262545,3343
2675,4,56,0.262413,3345
2676,4,40,0.262282,3346
2677,0,11,0.262151,3346
2678,6,60,0.262020,3352
2679,4,87,0.261889,3356
2680,4,43,0.261758,3359
2681,2,29,0.261627,3359
2682,3,33,0.261496,3360
2683,3,74,0.261365,3360
2684,2,17,0.261235,3360
2685,2,16,0.261104,3361
2686,6,75,0.260974,3368
2687,2,23,0.260843,3368
2688,2,31,0.260713,3370
2689,2,23,0.260582,3370
2690,2,12,0.260452,3370
2691,3,22,0.260322,3371
2692,4,52,0.260192,3373
2693,3,21,0.260062,3373
2694,1,15,0.259932,3373
2695,4,41,0.259802,3374
2696,0,7,0.259672,3374
2697,5,56,0.259542,3379
2698,5,75,0.259412,3385
2699,1,15,0.259282,3385
2700,0,11,0.259153,3385
2701,4,36,0.259023,3390
2702,3,49,0.258894,3391
2703,4,34,0.258764,3391
2704,5,55,0.258635,3391
2705,4,66,0.258506,3393
2706,0,8,0.258376,3393
2707,4,34,0.258247,3393
2708,1,12,0.258118,3394
2709,4,49,0.257989,3397
2710,4,37,0.257860,3399
2711,2,9,0.257731,3399
2712,2,21,0.257602,3400
2713,2,26,0.257473,3400
2714,2,28,0.257345,3400
2715,2,20,0.257216,3400
2716,2,47,0.257087,3400
2717,8,68,0.256959,3407
2718,0,14,0.256830,3407
2719,1,10,0.256702,3407
2720,3,53,0.256573,3407
2721,1,11,0.256445,3407
2722,3,18,0.256317,3407
2723,3,39,0.256189,3408
2724,2,14,0.256061,3408
2725,3,29,0.255933,3409
2726,2,27,0.255805,3409
2727,4,26,0.255677,3410
2728,2,29,0.255549,3410
2729,2,58,0.255421,3411
2730,1,9,0.255294,3411
2731,4,62,0.255166,3413
2732,4,50,0.255038,3414
2733,3,33,0.254911,3414
2734,1,10,0.254783,3414
2735,5,68,0.254656,3418
2736,0,10,0.254529,3418
2737,0,6,0.254401,3418
2738,1,20,0.254274,3418
2739,2,18,0.254147,3418
2740,5,58,0.254020,3420
2741,2,14,0.253893,3420
2742,4,23,0.253766,3423
2743,3,38,0.253639,3424
2744,4,44,0.253512,3428
2745,3,25,0.253385,3428
2746,4,43,0.253259,3431
2747,2,27,0.253132,3431
2748,1,22,0.253006,3431
2749,4,22,0.252879,3433
2750,3,33,0.252753,3433
2751,4,41,0.252626,3434
2752,2,20,0.252500,3434
2753,3,33,0.252374,3434
2754,5,59,0.252248,3435
2755,3,32,0.252121,3437
2756,4,42,0.251995,3437
2757,2,20,0.251869,3437
2758,2,15,0.251743,3437
2759,2,47,0.251618,3437
2760,4,57,0.251492,3441
2761,1,15,0.251366,3441
2762,1,16,0.251240,3441
2763,2,26,0.251115,3441
2764,2,19,0.250989,3441
2765,4,46,0.250864,3441
2766,1,15,0.250738,3441
2767,3,30,0.250613,3441
2768,6,77,0.250488,3446
2769,4,50,0.250362,3449
2770,4,23,0.250237,3452
2771,5,27,0.250112,3453
2772,0,9,0.249987,3453
2773,4,38,0.249862,3454
2774,4,31,0.249737,3457
2775,2,14,0.249612,3457
2776,3,50,0.249487,3457
2777,4,54,0.249363,3458
2778,1,15,0.249238,3458
2779,1,6,0.249113,3458
2780,1,6,0.248989,3458
2781,4,38,0.248864,3458
2782,2,10,0.248740,3458
2783,4,26,0.248615,3459
2784,4,25,0.248491,3459
2785,1,21,0.248367,3459
2786,3,33,0.248243,3461
2787,2,14,0.248119,3461
2788,3,20,0.247995,3462
2789,0,10,0.247871,3462
2790,2,26,0.247747,3462
2791,2,25,0.247623,3462
2792,4,35,0.247499,3463
2793,4,28,0.247375,3464
2794,2,43,0.247251,3464
2795,2,20,0.247128,3464
2796,2,24,0.247004,3464
2797,5,52,0.246881,3465
2798,3,31,0.246757,3465
2799,5,32,0.246634,3467
2800,1,31,0.246511,3468
2801,0,12,0.246387,3468
2802,2,27,0.246264,3469
2803,4,55,0.246141,3472
2804,2,33,0.246018,3472
2805,3,38,0.245895,3472
2806,2,15,0.245772,3472
2807,2,13,0.245649,3472
2808,2,23,0.245526,3472
2809,3,36,0.245404,3474
2810,5,40,0.245281,3476
2811,4,21,0.245158,3477
2812,2,16,0.245036,3477
2813,4,30,0.244913,3477
2814,4,50,0.244791,3478
2815,0,8,0.244668,3478
2816,1,6,0.244546,3478
2817,7,130,0.244424,3493
2818,0,9,0.244301,3493
2819,3,19,0.244179,3494
2820,4,49,0.244057,3494
2821,2,14,0.243935,3494
2822,2,20,0.243813,3494
2823,5,51,0.243691,3496
2824,4,46,0.243569,3497
2825,2,19,0.243448,3497
2826,5,21,0.243326,3497
2827,1,10,0.243204,3497
2828,2,35,0.243083,3497
2829,4,21,0.242961,3497
2830,3,36,0.242840,3497
2831,2,16,0.242718,3497
2832,4,49,0.242597,3499
2833,2,27,0.242476,3499
2834,2,26,0.242354,3499
2835,4,51,0.242233,3500
2836,1,13,0.242112,3500
2837,5,46,0.241991,3503
2838,0,12,0.241870,3503
2839,4,30,0.241749,3504
2840,4,35,0.241628,3504
2841,1,19,0.241507,3505
2842,2,21,0.241387,3505
2843,0,7,0.241266,3505
2844,3,31,0.241145,3505
2845,5,27,0.241025,3508
2846,4,40,0.240904,3510
2847,1,12,0.240784,3510
2848,2,38,0.240663,3511
2849,4,37,0.240543,3513
2850,2,16,0.240423,3513
2851,4,29,0.240303,3514
2852,0,6,0.240182,3514
2853,3,40,0.240062,3515
2854,3,23,0.239942,3515
2855,4,31,0.239822,3517
2856,3,24,0.239702,3517
2857,4,23,0.239583,3519
2858,4,44,0.239463,3522
2859,2,15,0.239343,3522
2860,5,58,0.239223,3523
2861,0,9,0.239104,3523
2862,2,30,0.238984,3524
2863,4,52,0.238865,3525
2864,3,24,0.238745,3525
2865,2,11,0.238626,3526
2866,1,39,0.238507,3526
2867,4,35,0.238387,3527
2868,3,31,0.238268,3527
2869,3,44,0.238149,3527
2870,4,34,0.238030,3528
2871,7,72,0.237911,3536
2872,2,30,0.237792,3536
2873,3,32,0.237673,3536
2874,4,28,0.237554,3536
2875,6,49,0.237435,3543
2876,3,54,0.237317,3543
2877,2,17,0.237198,3543
2878,6,58,0.237079,3545
2879,4,42,0.236961,3546
2880,2,14,0.236842,3546
2881,2,26,0.236724,3546
2882,6,61,0.236606,3550
2883,2,40,0.236487,3550
2884,1,20,0.236369,3550
2885,2,25,0.236251,3550
2886,4,35,0.236133,3550
2887,2,27,0.236015,3550
2888,5,63,0.235897,3555
2889,4,42,0.235779,3557
2890,4,37,0.235661,3558
2891,1,18,0.235543,3558
2892,7,48,0.235425,3560
2893,4,45,0.235308,3561
2894,4,52,0.235190,3563
2895,3,14,0.235072,3563
2896,2,19,0.234955,3563
2897,4,51,0.234837,3565
2898,2,55,0.234720,3565
2899,5,66,0.234603,3568
2900,2,32,0.234485,3568
2901,2,27,0.234368,3569
2902,2,8,0.234251,3569
2903,4,56,0.234134,3571
2904,1,11,0.234017,3571
2905,6,65,0.233900,3573
2906,2,34,0.233783,3573
2907,4,33,0.233666,3573
2908,1,14,0.233549,3573
2909,1,15,0.233432,3573
2910,2,15,0.233315,3573
2911,4,37,0.233199,3573
2912,4,39,0.233082,3574
2913,2,10,0.232966,3574
2914,6,73,0.232849,3578
2915,4,85,0.232733,3581
2916,4,41,0.232616,3584
2917,4,31,0.232500,3587
2918,1,26,0.232384,3587
2919,1,13,0.232268,3587
2920,4,23,0.232151,3588
2921,2,20,0.232035,3589
2922,4,19,0.231919,3590
2923,3,28,0.231803,3590
2924,4,28,0.231688,3590
2925,1,10,0.231572,3590
2926,2,48,0.231456,3590
2927,2,34,0.231340,3590
2928,1,18,0.231225,3590
2929,2,22,0.231109,3590
2930,2,36,0.230993,3590
2931,0,14,0.230878,3590
2932,2,18,0.230762,3590
2933,3,35,0.230647,3591
2934,5,36,0.230532,3593
2935,1,15,0.230416,3593
2936,2,10,0.230301,3593
2937,3,39,0.230186,3594
2938,6,81,0.230071,3601
2939,4,31,0.229956,3602
2940,2,12,0.229841,3602
2941,3,44,0.229726,3603
2942,2,22,0.229611,3604
2943,7,59,0.229496,3610
2944,1,14,0.229382,3610
2945,4,31,0.229267,3610
2946,2,11,0.229152,3610
2947,2,21,0.229038,3610
2948,4,27,0.228923,3611
2949,2,19,0.228809,3612
2950,4,31,0.228694,3613
2951,6,20,0.228580,3614
2952,4,44,0.228466,3615
2953,5,45,0.228351,3618
2954,0,6,0.228237,3618
2955,4,27,0.228123,3618
2956,4,44,0.228009,3618
2957,3,49,0.227895,3619
2958,0,9,0.227781,3619
2959,4,56,0.227667,3620
2960,3,32,0.227553,3620
2961,2,29,0.227440,3620
2962,2,42,0.227326,3620
2963,1,13,0.227212,3620
2964,1,13,0.227099,3620
2965,1,22,0.226985,3620
2966,4,55,0.226872,3620
2967,6,75,0.226758,3626
2968,4,53,0.226645,3627
2969,1,10,0.226532,3627
2970,3,30,0.226418,3627
2971,4,90,0.226305,3630
2972,0,7,0.226192,3630
2973,1,22,0.226079,3630
2974,6,67,0.225966,3636
2975,4,51,0.225853,3638
2976,4,36,0.225740,3641
2977,4,46,0.225627,3644
2978,2,29,0.225514,3644
2979,4,38,0.225401,3644
2980,6,56,0.225289,3646
2981,1,9,0.225176,3646
2982,6,77,0.225063,3651
2983,4,44,0.224951,3652
2984,4,51,0.224838,3652
2985,0,10,0.224726,3652
2986,1,11,0.224614,3652
2987,1,17,0.224501,3652
2988,3,45,0.224389,3653
2989,4,29,0.224277,3655
2990,1,8,0.224165,3655
2991,1,15,0.224053,3655
2992,5,64,0.223941,3659
2993,2,22,0.223829,3659
2994,3,36,0.223717,3659
2995,6,76,0.223605,3664
2996,3,42,0.223493,3664
2997,6,54,0.223381,3668
2998,4,39,0.223270,3669
2999,0,12,0.223158,3669
3000,6,70,0.223046,3675
3001,10,105,0.222935,3682
3002,2,27,0.222823,3682
3003,1,7,0.222712,3682
3004,3,36,0.222601,3682
3005,3,58,0.222489,3683
3006,4,52,0.222378,3684
3007,3,19,0.222267,3684
3008,5,61,0.222156,3687
3009,6,63,0.222045,3691
3010,5,47,0.221934,3692
3011,2,34,0.221823,3692
3012,4,31,0.221712,3692
3013,4,42,0.221601,3693
3014,2,16,0.221490,3693
3015,4,24,0.221379,3693
3016,1,16,0.221269,3693
3017,2,37,0.221158,3693
3018,2,25,0.221048,3694
3019,2,15,0.220937,3694
3020,3,28,0.220827,3694
3021,2,21,0.220716,3694
3022,4,52,0.220606,3698
3023,6,52,0.220495,3703
3024,3,19,0.220385,3704
3025,3,27,0.220275,3705
3026,1,9,0.220165,3705
3027,4,30,0.220055,3705
3028,4,30,0.219945,3705
3029,3,40,0.219835,3705
3030,5,39,0.219725,3706
3031,4,37,0.219615,3707
3032,2,16,0.219505,3707
3033,3,28,0.219395,3707
3034,8,122,0.219286,3717
3035,2,22,0.219176,3717
3036,8,65,0.219067,3719
3037,3,35,0.218957,3719
3038,2,20,0.218848,3720
3039,4,46,0.218738,3721
3040,3,22,0.218629,3721
3041,2,19,0.218519,3721
3042,3,43,0.218410,3721
3043,2,35,0.218301,3721
3044,4,27,0.218192,3721
3045,2,28,0.218083,3721
3046,1,9,0.217974,3721
3047,4,24,0.217865,3722
3048,2,17,0.217756,3722
3049,2,19,0.217647,3722
3050,4,42,0.217538,3722
3051,4,43,0.217429,3722
3052,4,37,0.217321,3722
3053,4,38,0.217212,3723
3054,3,43,0.217103,3723
3055,4,34,0.216995,3724
3056,3,29,0.216886,3726
3057,1,6,0.216778,3726
3058,1,9,0.216669,3726
3059,4,53,0.216561,3726
3060,4,42,0.216453,3726
3061,6,50,0.216345,3729
3062,2,37,0.216236,3729
3063,6,58,0.216128,3733
3064,4,45,0.216020,3735
3065,5,53,0.215912,3736
3066,6,46,0.215804,3739
3067,0,9,0.215696,3739
3068,5,45,0.215589,3741
3069,2,25,0.215481,3741
3070,4,48,0.215373,3742
3071,2,17,0.215265,3742
3072,1,7,0.215158,3742
3073,4,29,0.215050,3743
3074,0,9,0.214943,3743
3075,1,11,0.214835,3743
3076,2,20,0.214728,3743
3077,3,24,0.214620,3743
3078,6,80,0.214513,3749
3079,5,55,0.214406,3749
3080,2,34,0.214299,3749
3081,6,66,0.214191,3758
3082,4,14,0.214084,3758
3083,5,60,0.213977,3761
3084,4,41,0.213870,3761
3085,4,51,0.213763,3763
3086,2,23,0.213656,3763
3087,4,20,0.213550,3764
3088,3,25,0.213443,3764
3089,5,16,0.213336,3764
3090,4,40,0.213229,3765
3091,2,17,0.213123,3765
3092,4,46,0.213016,3766
3093,6,64,0.212910,3771
3094,2,18,0.212803,3771
3095,7,64,0.212697,3772
3096,6,59,0.212591,3774
3097,5,50,0.212484,3778
3098,5,57,0.212378,3778
3099,0,6,0.212272,3778
3100,5,35,0.212166,3779
3101,1,6,0.212060,3779
3102,4,35,0.211954,3779
3103,8,111,0.211848,3786
3104,2,25,0.211742,3788
3105,0,9,0.211636,3788
3106,2,19,0.211530,3788
3107,4,38,0.211424,3789
3108,4,43,0.211319,3791
3109,2,24,0.211213,3791
3110,4,32,0.211107,3791
3111,7,48,0.211002,3793
3112,4,45,0.210896,3793
3113,2,29,0.210791,3793
3114,3,41,0.210685,3794
3115,0,21,0.210580,3794
3116,4,67,0.210475,3801
3117,2,37,0.210370,3801
3118,10,73,0.210264,3806
3119,3,45,0.210159,3806
3120,2,18,0.210054,3806
3121,6,107,0.209949,3810
3122,3,32,0.209844,3810
3123,4,29,0.209739,3810
3124,6,50,0.209634,3810
3125,3,37,0.209529,3812
3126,3,41,0.209425,3812
3127,2,19,0.209320,3813
3128,1,24,0.209215,3813
3129,5,34,0.209111,3814
3130,2,15,0.209006,3814
3131,5,40,0.208902,3814
3132,4,34,0.208797,3814
3133,1,13,0.208693,3814
3134,1,14,0.208588,3814
3135,3,39,0.208484,3815
3136,2,20,0.208380,3816
3137,6,51,0.208276,3819
3138,2,25,0.208172,3820
3139,4,20,0.208068,3820
3140,2,11,0.207964,3820
3141,4,43,0.207860,3820
3142,3,32,0.207756,3820
3143,1,13,0.207652,3820
3144,8,66,0.207548,3826
3145,4,51,0.207444,3830
3146,2,9,0.207340,3830
3147,7,50,0.207237,3832
3148,4,56,0.207133,3832
3149,3,19,0.207030,3832
3150,4,62,0.206926,3832
3151,1,14,0.206823,3832
3152,3,26,0.206719,3832
3153,4,36,0.206616,3832
3154,2,13,0.206512,3833
3155,1,11,0.206409,3833
3156,4,38,0.206306,3833
3157,2,20,0.206203,3833
3158,5,39,0.206100,3834
3159,1,8,0.205997,3834
3160,8,59,0.205894,3835
3161,5,73,0.205791,3838
3162,4,62,0.205688,3839
3163,5,55,0.205585,3846
3164,3,34,0.205482,3846
3165,2,12,0.205380,3847
3166,5,72,0.205277,3853
3167,4,28,0.205174,3853
3168,3,29,0.205072,3853
3169,0,8,0.204969,3853
3170,3,31,0.204867,3853
3171,5,33,0.204764,3855
3172,0,5,0.204662,3855
3173,5,35,0.204559,3857
3174,4,36,0.204457,3860
3175,1,9,0.204355,3860
3176,0,7,0.204253,3860
3177,2,22,0.204151,3860
3178,4,49,0.204049,3861
3179,4,38,0.203947,3862
3180,2,20,0.203845,3862
3181,4,58,0.203743,3864
3182,3,16,0.203641,3864
3183,3,53,0.203539,3865
3184,3,28,0.203437,3865
3185,4,35,0.203335,3866
3186,5,48,0.203234,3868
3187,6,67,0.203132,3871
3188,6,75,0.203031,3877
3189,4,48,0.202929,3877
3190,4,40,0.202828,3879
3191,6,59,0.202726,3880
3192,0,10,0.202625,3880
3193,4,25,0.202524,3880
3194,1,7,0.202422,3880
3195,4,28,0.202321,3881
3196,0,12,0.202220,3881
3197,1,11,0.202119,3881
3198,4,30,0.202018,3881
3199,4,45,0.201917,3882
3200,4,47,0.201816,3884
3201,5,51,0.201715,3886
3202,3,32,0.201614,3886
3203,3,33,0.201513,3887
3204,3,34,0.201412,3887
3205,5,34,0.201312,3888
3206,6,47,0.201211,3892
3207,3,28,0.201110,3892
3208,4,49,0.201010,3893
3209,1,10,0.200909,3893
3210,0,9,0.200809,3893
3211,3,14,0.200709,3893
3212,6,47,0.200608,3897
3213,6,46,0.200508,3899
3214,1,19,0.200408,3899
3215,4,39,0.200307,3901
3216,2,20,0.200207,3901
3217,0,9,0.200107,3901
3218,7,102,0.200007,3907
3219,4,22,0.199907,3908
3220,1,14,0.199807,3908
3221,6,48,0.199707,3909
3222,4,30,0.199607,3911
3223,3,33,0.199508,3911
3224,2,20,0.199408,3911
3225,0,7,0.199308,3911
3226,5,53,0.199208,3914
3227,4,32,0.199109,3915
3228,1,15,0.199009,3915
3229,4,27,0.198910,3916
3230,2,29,0.198810,3916
3231,4,48,0.198711,3918
3232,3,26,0.198612,3918
3233,4,66,0.198512,3918
3234,3,21,0.198413,3918
3235,3,53,0.198314,3921
3236,2,20,0.198215,3921
3237,1,8,0.198116,3921
3238,1,14,0.198017,3921
3239,4,52,0.197917,3922
3240,3,19,0.197819,3922
3241,1,15,0.197720,3922
3242,4,37,0.197621,3926
3243,3,23,0.197522,3926
3244,2,8,0.197423,3926
3245,4,35,0.197324,3928
3246,7,78,0.197226,3930
3247,2,17,0.197127,3930
3248,6,74,0.197029,3935
3249,3,20,0.196930,3935
3250,1,9,0.196832,3935
3251,5,46,0.196733,3935
3252,3,32,0.196635,3935
3253,2,11,0.196537,3935
3254,4,28,0.196438,3938
3255,5,63,0.196340,3939
3256,5,21,0.196242,3940
3257,4,40,0.196144,3940
3258,2,24,0.196046,3941
3259,4,44,0.195948,3941
3260,7,91,0.195850,3947
3261,4,32,0.195752,3948
3262,4,40,0.195654,3950
3263,4,21,0.195556,3950
3264,5,45,0.195458,3952
3265,6,70,0.195361,3955
3266,4,25,0.195263,3955
3267,3,24,0.195165,3955
3268,5,49,0.195068,3958
3269,4,39,0.194970,3958
3270,5,32,0.194873,3958
3271,1,10,0.194775,3958
3272,4,32,0.194678,3960
3273,2,23,0.194581,3960
3274,4,48,0.194483,3960
3275,2,11,0.194386,3960
3276,5,63,0.194289,3962
3277,0,11,0.194192,3962
3278,2,25,0.194095,3963
3279,6,55,0.193997,3966
3280,3,29,0.193901,3966
3281,4,41,0.193804,3967
3282,3,42,0.193707,3969
3283,3,31,0.193610,3970
3284,0,7,0.193513,3970
3285,4,36,0.193416,3970
3286,4,38,0.193320,3970
3287,6,38,0.193223,3971
3288,4,33,0.193126,3971
3289,2,21,0.193030,3971
3290,4,36,0.192933,3971
3291,7,87,0.192837,3976
3292,4,30,0.192740,3976
3293,4,21,0.192644,3977
3294,8,54,0.192548,3978
3295,5,42,0.192451,3978
3296,3,34,0.192355,3978
3297,2,26,0.192259,3979
3298,3,45,0.192163,3980
3299,3,21,0.192067,3980
3300,2,26,0.191971,3981
3301,1,17,0.191875,3981
3302,7,63,0.191779,3985
3303,2,16,0.191683,3986
3304,1,15,0.191587,3986
3305,4,30,0.191491,3986
3306,1,16,0.191395,3986
3307,1,17,0.191300,3986
3308,7,70,0.191204,3992
3309,4,28,0.191109,3992
3310,4,37,0.191013,3993
3311,3,22,0.190917,3994
3312,4,38,0.190822,3995
3313,4,55,0.190727,3996
3314,5,52,0.190631,3997
3315,4,32,0.190536,3997
3316,0,22,0.190441,3997
3317,5,41,0.190345,3999
3318,7,61,0.190250,4001
3319,3,37,0.190155,4001
3320,2,27,0.190060,4001
3321,4,17,0.189965,4002
3322,1,7,0.189870,4002
3323,2,9,0.189775,4002
3324,3,23,0.189680,4002
3325,4,38,0.189585,4002
3326,2,19,0.189491,4002
3327,7,55,0.189396,4005
3328,4,53,0.189301,4007
3329,2,14,0.189207,4007
3330,4,38,0.189112,4008
3331,8,71,0.189017,4012
3332,0,10,0.188923,4012
3333,4,33,0.188828,4014
3334,3,32,0.188734,4014
3335,1,13,0.188640,4014
3336,4,50,0.188545,4017
3337,3,24,0.188451,4017
3338,6,66,0.188357,4019
3339,7,112,0.188263,4023
3340,3,39,0.188168,4023
3341,4,34,0.188074,4023
3342,9,93,0.187980,4027
3343,3,23,0.187886,4027
3344,2,15,0.187792,4027
3345,2,20,0.187699,4027
3346,4,39,0.187605,4030
3347,4,24,0.187511,4030
3348,4,25,0.187417,4030
3349,2,10,0.187323,4030
3350,8,53,0.187230,4035
3351,3,28,0.187136,4035
3352,4,57,0.187043,4037
3353,1,11,0.186949,4037
3354,4,45,0.186856,4037
3355,4,37,0.186762,4037
3356,3,34,0.186669,4037
3357,4,18,0.186575,4038
3358,7,80,0.186482,4042
3359,2,20,0.186389,4042
3360,6,48,0.186296,4042
3361,4,41,0.186203,4042
3362,4,30,0.186109,4042
3363,5,22,0.186016,4044
3364,2,21,0.185923,4045
3365,4,51,0.185830,4047
3366,4,45,0.185738,4048
3367,0,10,0.185645,4048
3368,6,51,0.185552,4051
3369,1,12,0.185459,4051
3370,2,39,0.185366,4051
3371,5,65,0.185274,4053
3372,1,10,0.185181,4053
3373,5,74,0.185088,4056
3374,5,54,0.184996,4057
3375,5,44,0.184903,4059
3376,6,56,0.184811,4060
3377,4,46,0.184718,4060
3378,1,11,0.184626,4061
3379,5,41,0.184534,4061
3380,5,39,0.184442,4063
3381,4,37,0.184349,4063
3382,3,14,0.184257,4063
3383,5,55,0.184165,4066
3384,10,101,0.184073,4070
3385,1,21,0.183981,4070
3386,2,30,0.183889,4070
3387,2,24,0.183797,4071
3388,7,66,0.183705,4077
3389,4,22,0.183613,4078
3390,1,14,0.183521,4078
3391,3,25,0.183430,4078
3392,1,8,0.183338,4078
3393,4,32,0.183246,4080
3394,6,59,0.183155,4085
3395,5,41,0.183063,4087
3396,2,30,0.182972,4087
3397,4,48,0.182880,4087
3398,4,28,0.182789,4088
3399,1,8,0.182697,4088
3400,5,15,0.182606,4090
3401,6,54,0.182515,4091
3402,2,7,0.182423,4091
3403,1,19,0.182332,4091
3404,8,79,0.182241,4095
3405,4,40,0.182150,4097
3406,4,42,0.182059,4098
3407,5,53,0.181968,4099
3408,2,22,0.181877,4099
3409,3,39,0.181786,4099
3410,6,57,0.181695,4100
3411,4,56,0.181604,4102
3412,4,41,0.181513,4102
3413,10,122,0.181422,4105
3414,0,8,0.181332,4105
3415,6,57,0.181241,4107
3416,8,46,0.181150,4108
3417,3,50,0.181060,4109
3418,5,28,0.180969,4110
3419,2,24,0.180879,4110
3420,4,48,0.180788,4110
3421,5,35,0.180698,4111
3422,3,18,0.180608,4111
3423,1,10,0.180517,4111
3424,3,43,0.180427,4111
3425,2,10,0.180337,4111
3426,2,25,0.180247,4111
3427,2,30,0.180157,4111
3428,2,20,0.180067,4111
3429,2,28,0.179977,4112
3430,7,53,0.179887,4113
3431,6,52,0.179797,4114
3432,2,14,0.179707,4115
3433,4,31,0.179617,4115
3434,1,11,0.179527,4115
3435,3,45,0.179437,4115
3436,2,14,0.179348,4115
3437,6,53,0.179258,4116
3438,1,9,0.179168,4116
3439,4,40,0.179079,4119
3440,8,104,0.178989,4123
3441,4,45,0.178900,4123
3442,5,40,0.178810,4123
3443,5,53,0.178721,4124
3444,6,73,0.178631,4128
3445,2,8,0.178542,4128
3446,5,41,0.178453,4129
3447,2,22,0.178364,4129
3448,4,32,0.178274,4129
3449,4,32,0.178185,4129
3450,6,56,0.178096,4130
3451,2,18,0.178007,4130
3452,6,71,0.177918,4131
3453,3,25,0.177829,4131
3454,4,32,0.177740,4132
3455,4,31,0.177651,4132
3456,2,33,0.177563,4132
3457,1,11,0.177474,4132
3458,2,25,0.177385,4132
3459,6,74,0.177296,4140
3460,4,30,0.177208,4140
3461,4,45,0.177119,4140
3462,3,27,0.177031,4140
3463,2,23,0.176942,4140
3464,0,12,0.176854,4140
3465,6,57,0.176765,4143
3466,5,34,0.176677,4144
3467,4,27,0.176588,4145
3468,2,27,0.176500,4145
3469,5,48,0.176412,4147
3470,3,43,0.176324,4148
3471,4,20,0.176236,4148
3472,2,11,0.176147,4148
3473,5,50,0.176059,4150
3474,7,44,0.175971,4152
3475,6,71,0.175883,4152
3476,4,41,0.175795,4153
3477,4,42,0.175707,4154
3478,6,64,0.175620,4157
3479,7,71,0.175532,4163
3480,0,8,0.175444,4163
3481,2,24,0.175356,4163
3482,4,37,0.175269,4163
3483,1,9,0.175181,4163
3484,4,39,0.175093,4163
3485,4,55,0.175006,4163
3486,2,38,0.174918,4164
3487,6,44,0.174831,4164
3488,3,31,0.174743,4164
3489,3,24,0.174656,4164
3490,2,11,0.174569,4164
3491,7,83,0.174482,4170
3492,6,78,0.174394,4172
3493,4,47,0.174307,4172
3494,3,31,0.174220,4172
3495,2,20,0.174133,4172
3496,0,6,0.174046,4172
3497,4,60,0.173959,4173
3498,5,55,0.173872,4174
3499,6,73,0.173785,4175
3500,5,54,0.173698,4175
3501,3,30,0.173611,4175
3502,1,11,0.173524,4175
3503,3,30,0.173437,4175
3504,1,10,0.173351,4175
3505,4,40,0.173264,4176
3506,1,6,0.173177,4176
3507,3,17,0.173091,4176
3508,4,54,0.173004,4178
3509,6,56,0.172918,4178
3510,1,9,0.172831,4178
3511,4,35,0.172745,4179
3512,7,59,0.172659,4180
3513,4,43,0.172572,4180
3514,2,20,0.172486,4180
3515,0,7,0.172400,4180
3516,3,25,0.172314,4180
3517,5,74,0.172227,4184
3518,4,47,0.172141,4185
3519,6,51,0.172055,4186
3520,0,6,0.171969,4186
3521,4,35,0.171883,4186
3522,1,6,0.171797,4186
3523,4,41,0.171711,4186
3524,2,44,0.171625,4186
3525,4,40,0.171540,4186
3526,10,70,0.171454,4188
3527,5,72,0.171368,4190
3528,6,76,0.171282,4198
3529,0,12,0.171197,4198
3530,5,42,0.171111,4198
3531,0,7,0.171026,4198
3532,4,21,0.170940,4199
3533,3,28,0.170855,4199
3534,8,98,0.170769,4204
3535,4,49,0.170684,4205
3536,5,40,0.170599,4207
3537,1,11,0.170513,4207
3538,2,26,0.170428,4207
3539,5,57,0.170343,4210
3540,6,58,0.170258,4214
3541,8,117,0.170172,4222
3542,2,10,0.170087,4222
3543,4,47,0.170002,4223
3544,4,42,0.169917,4224
3545,2,18,0.169832,4225
3546,5,32,0.169747,4225
3547,4,29,0.169663,4225
3548,5,34,0.169578,4226
3549,4,50,0.169493,4227
3550,4,43,0.169408,4227
3551,4,36,0.169324,4228
3552,8,100,0.169239,4232
3553,1,9,0.169154,4232
3554,2,23,0.169070,4232
3555,4,34,0.168985,4233
3556,4,34,0.168901,4235
3557,6,69,0.168816,4236
3558,1,6,0.168732,4236
3559,3,35,0.168647,4237
3560,6,67,0.168563,4239
3561,4,37,0.168479,4239
3562,4,33,0.168395,4239
3563,5,40,0.168310,4239
3564,4,43,0.168226,4241
3565,3,46,0.168142,4241
3566,5,54,0.168058,4241
3567,2,26,0.167974,4241
3568,5,40,0.167890,4243
3569,5,51,0.167806,4244
3570,3,25,0.167722,4244
3571,5,52,0.167638,4248
3572,4,41,0.167554,4249
3573,5,47,0.167471,4251
3574,3,31,0.167387,4251
3575,3,26,0.167303,4251
3576,1,10,0.167220,4251
3577,2,19,0.167136,4251
3578,4,38,0.167052,4251
3579,1,18,0.166969,4251
3580,4,51,0.166885,4254
3581,9,70,0.166802,4258
3582,4,27,0.166719,4258
3583,6,54,0.166635,4258
3584,2,21,0.166552,4259
3585,1,25,0.166469,4259
3586,1,9,0.166385,4259
3587,4,38,0.166302,4261
3588,5,56,0.166219,4261
3589,4,23,0.166136,4263
3590,7,64,0.166053,4265
3591,4,30,0.165970,4265
3592,0,9,0.165887,4265
3593,4,27,0.165804,4265
3594,4,46,0.165721,4265
3595,4,20,0.165638,4266
3596,1,27,0.165555,4266
3597,5,40,0.165473,4266
3598,4,59,0.165390,4267
3599,6,77,0.165307,4269
3600,2,19,0.165224,4269
3601,3,24,0.165142,4270
3602,5,40,0.165059,4274
3603,0,10,0.164977,4274
3604,1,13,0.164894,4274
3605,8,102,0.164812,4279
3606,8,77,0.164729,4285
3607,11,98,0.164647,4288
3608,3,28,0.164565,4288
3609,4,42,0.164482,4290
3610,4,48,0.164400,4291
3611,5,47,0.164318,4293
3612,2,21,0.164236,4293
3613,4,35,0.164154,4293
3614,9,97,0.164072,4295
3615,5,54,0.163990,4296
3616,4,37,0.163908,4296
3617,2,20,0.163826,4296
3618,1,16,0.163744,4296
3619,5,69,0.163662,4296
3620,3,21,0.163580,4296
3621,3,32,0.163498,4296
3622,5,56,0.163417,4297
3623,5,59,0.163335,4298
3624,4,43,0.163253,4299
3625,2,15,0.163172,4299
3626,8,83,0.163090,4302
3627,3,26,0.163008,4302
3628,4,32,0.162927,4303
3629,7,47,0.162845,4304
3630,4,36,0.162764,4304
3631,1,11,0.162683,4304
3632,3,37,0.162601,4304
3633,7,86,0.162520,4313
3634,3,30,0.162439,4313
3635,2,23,0.162358,4313
3636,6,58,0.162276,4314
3637,2,24,0.162195,4314
3638,8,67,0.162114,4315
3639,3,29,0.162033,4315
3640,2,30,0.161952,4315
3641,3,36,0.161871,4315
3642,4,41,0.161790,4315
3643,6,50,0.161709,4316
3644,3,33,0.161628,4316
3645,4,24,0.161548,4316
3646,4,43,0.161467,4317
3647,5,44,0.161386,4319
3648,3,31,0.161305,4319
3649,3,44,0.161225,4319
3650,6,56,0.161144,4320
3651,6,84,0.161064,4323
3652,6,55,0.160983,4323
3653,10,90,0.160902,4324
3654,5,64,0.160822,4324
3655,5,49,0.160742,4324
3656,2,12,0.160661,4324
3657,3,25,0.160581,4324
3658,4,21,0.160501,4324
3659,3,49,0.160420,4325
3660,1,7,0.160340,4325
3661,6,51,0.160260,4329
3662,0,9,0.160180,4329
3663,5,54,0.160100,4331
3664,2,30,0.160020,4331
3665,5,47,0.159940,4332
3666,3,36,0.159860,4332
3667,3,37,0.159780,4332
3668,3,42,0.159700,4332
3669,6,61,0.159620,4335
3670,4,51,0.159540,4336
3671,6,36,0.159461,4336
3672,9,58,0.159381,4338
3673,3,29,0.159301,4338
3674,8,73,0.159221,4341
3675,5,40,0.159142,4341
3676,2,33,0.159062,4341
3677,1,14,0.158983,4341
3678,0,8,0.158903,4341
3679,4,36,0.158824,4343
3680,1,8,0.158744,4343
3681,2,11,0.158665,4343
3682,4,28,0.158586,4343
3683,1,18,0.158506,4343
3684,4,44,0.158427,4345
3685,1,8,0.158348,4345
3686,4,37,0.158269,4346
3687,0,8,0.158190,4346
3688,2,10,0.158110,4346
3689,1,9,0.158031,4346
3690,3,16,0.157952,4346
3691,1,33,0.157873,4346
3692,4,43,0.157795,4346
3693,6,49,0.157716,4346
3694,8,104,0.157637,4350
3695,5,36,0.157558,4350
3696,5,53,0.157479,4350
3697,5,46,0.157400,4351
3698,3,26,0.157322,4351
3699,3,24,0.157243,4351
3700,5,81,0.157164,4355
3701,2,23,0.157086,4355
3702,4,23,0.157007,4355
3703,10,94,0.156929,4360
3704,4,35,0.156850,4360
3705,5,61,0.156772,4363
3706,2,24,0.156694,4364
3707,3,29,0.156615,4365
3708,5,44,0.156537,4365
3709,4,43,0.156459,4366
3710,2,20,0.156380,4366
3711,4,28,0.156302,4367
3712,5,40,0.156224,4370
3713,1,8,0.156146,4370
3714,4,44,0.156068,4372
3715,9,115,0.155990,4380
3716,2,21,0.155912,4380
3717,6,45,0.155834,4381
3718,3,49,0.155756,4381
3719,7,65,0.155678,4388
3720,4,64,0.155600,4388
3721,2,12,0.155522,4388
3722,5,45,0.155445,4391
3723,8,43,0.155367,4392
3724,4,39,0.155289,4393
3725,6,49,0.155212,4394
3726,3,45,0.155134,4395
3727,4,31,0.155056,4395
3728,4,36,0.154979,4395
3729,3,35,0.154901,4395
3730,8,73,0.154824,4399
3731,5,70,0.154747,4402
3732,3,36,0.154669,4402
3733,8,78,0.154592,4407
3734,3,34,0.154515,4407
3735,5,47,0.154437,4409
3736,6,55,0.154360,4410
3737,3,29,0.154283,4410
3738,4,31,0.154206,4410
3739,2,26,0.154129,4410
3740,8,79,0.154052,4413
3741,5,42,0.153975,4414
3742,5,33,0.153898,4414
3743,2,19,0.153821,4414
3744,2,20,0.153744,4414
3745,0,8,0.153667,4414
3746,7,57,0.153590,4415
3747,4,41,0.153513,4417
3748,6,64,0.153436,4420
3749,2,35,0.153360,4420
3750,3,47,0.153283,4421
3751,2,17,0.153206,4421
3752,3,28,0.153130,4421
3753,4,40,0.153053,4421
3754,3,33,0.152977,4421
3755,3,56,0.152900,4421
3756,2,26,0.152824,4421
3757,1,13,0.152747,4421
3758,3,38,0.152671,4421
3759,4,33,0.152595,4422
3760,9,74,0.152518,4423
3761,4,26,0.152442,4423
3762,4,36,0.152366,4424
3763,2,25,0.152290,4424
3764,3,20,0.152214,4424
3765,6,54,0.152137,4425
3766,4,67,0.152061,4425
3767,6,64,0.151985,4427
3768,5,41,0.151909,4427
3769,5,57,0.151833,4427
3770,3,48,0.151758,4427
3771,0,5,0.151682,4427
3772,3,26,0.151606,4427
3773,0,13,0.151530,4427
3774,3,25,0.151454,4427
3775,2,10,0.151378,4427
3776,4,47,0.151303,4428
3777,2,12,0.151227,4428
3778,4,46,0.151152,4429
3779,4,35,0.151076,4429
3780,1,10,0.151000,4429
3781,4,40,0.150925,4430
3782,0,11,0.150849,4430
3783,3,22,0.150774,4430
3784,5,54,0.150699,4431
3785,5,48,0.150623,4431
3786,2,20,0.150548,4431
3787,9,82,0.150473,4432
3788,9,100,0.150397,4437
3789,6,41,0.150322,4438
3790,2,24,0.150247,4438
3791,1,10,0.150172,4438
3792,4,56,0.150097,4438
3793,1,9,0.150022,4438
3794,8,86,0.149947,4443
3795,2,21,0.149872,4443
3796,2,8,0.149797,4443
3797,4,50,0.149722,4443
3798,4,33,0.149647,4443
3799,8,78,0.149572,4448
3800,5,35,0.149498,4448
3801,5,47,0.149423,4449
3802,1,17,0.149348,4449
3803,2,31,0.149273,4449
3804,4,26,0.149199,4449
3805,2,24,0.149124,4449
3806,3,29,0.149050,4450
3807,3,27,0.148975,4451
3808,8,73,0.148901,4455
3809,4,33,0.148826,4455
3810,2,21,0.148752,4455
3811,3,44,0.148677,4455
3812,6,48,0.148603,4455
3813,4,61,0.148529,4456
3814,4,50,0.148454,4456
3815,1,10,0.148380,4456
3816,8,49,0.148306,4459
3817,5,55,0.148232,4460
3818,1,14,0.148158,4460
3819,2,19,0.148084,4460
3820,4,44,0.148010,4460
3821,2,31,0.147936,4460
3822,2,18,0.147862,4460
3823,2,30,0.147788,4460
3824,6,46,0.147714,4461
3825,4,49,0.147640,4461
3826,3,35,0.147566,4461
3827,2,15,0.147492,4461
3828,5,26,0.147419,4461
3829,1,10,0.147345,4461
3830,3,26,0.147271,4461
3831,4,33,0.147198,4461
3832,3,32,0.147124,4461
3833,2,26,0.147050,4461
3834,6,79,0.146977,4462
3835,7,46,0.146903,4464
3836,5,44,0.146830,4464
3837,5,36,0.146757,4464
3838,4,23,0.146683,4464
3839,6,55,0.146610,4466
3840,1,15,0.146537,4466
3841,3,29,0.146463,4466
3842,4,56,0.146390,4467
3843,6,41,0.146317,4467
3844,1,8,0.146244,4467
3845,2,18,0.146171,4467
3846,4,36,0.146098,4467
3847,1,15,0.146024,4467
3848,7,93,0.145951,4469
3849,2,19,0.145878,4470
3850,3,14,0.145806,4470
3851,1,9,0.145733,4470
3852,2,14,0.145660,4470
3853,7,69,0.145587,4471
3854,4,28,0.145514,4471
3855,4,46,0.145441,4471
3856,6,30,0.145369,4471
3857,2,12,0.145296,4471
3858,4,35,0.145223,4471
3859,6,68,0.145151,4475
3860,3,32,0.145078,4475
3861,3,56,0.145006,4476
3862,5,45,0.144933,4476
3863,3,14,0.144861,4476
3864,6,51,0.144788,4477
3865,7,78,0.144716,4485
3866,5,35,0.144643,4486
3867,0,5,0.144571,4486
3868,4,19,0.144499,4487
3869,4,38,0.144427,4488
3870,7,74,0.144354,4492
3871,4,48,0.144282,4493
3872,4,36,0.144210,4493
3873,0,10,0.144138,4493
3874,4,42,0.144066,4494
3875,2,35,0.143994,4494
3876,2,29,0.143922,4495
3877,0,9,0.143850,4495
3878,4,57,0.143778,4497
3879,6,37,0.143706,4499
3880,1,13,0.143634,4499
3881,1,23,0.143562,4499
3882,3,17,0.143491,4499
3883,3,37,0.143419,4499
3884,1,14,0.143347,4499
3885,6,66,0.143276,4499
3886,9,90,0.143204,4504
3887,9,87,0.143132,4506
3888,4,48,0.143061,4507
3889,7,96,0.142989,4509
3890,1,9,0.142918,4509
3891,1,11,0.142846,4509
3892,4,56,0.142775,4512
3893,7,75,0.142703,4515
3894,2,12,0.142632,4515
3895,2,8,0.142561,4515
3896,6,46,0.142489,4516
3897,5,45,0.142418,4516
3898,3,28,0.142347,4516
3899,1,18,0.142276,4516
3900,6,55,0.142205,4518
3901,2,20,0.142134,4518
3902,7,81,0.142063,4520
3903,7,69,0.141992,4521
3904,7,54,0.141921,4522
3905,4,36,0.141850,4525
3906,2,18,0.141779,4525
3907,5,40,0.141708,4526
3908,1,12,0.141637,4526
3909,7,59,0.141566,4526
3910,1,13,0.141495,4526
3911,4,36,0.141425,4526
3912,4,46,0.141354,4529
3913,3,21,0.141283,4529
3914,0,6,0.141213,4529
3915,5,50,0.141142,4530
3916,3,28,0.141071,4530
3917,1,9,0.141001,4530
3918,2,35,0.140930,4530
3919,7,57,0.140860,4531
3920,1,9,0.140789,4531
3921,7,64,0.140719,4534
3922,3,16,0.140649,4536
3923,4,29,0.140578,4536
3924,3,19,0.140508,4536
3925,4,38,0.140438,4536
3926,13,134,0.140368,4542
3927,9,68,0.140297,4543
3928,4,36,0.140227,4544
3929,6,66,0.140157,4545
3930,1,7,0.140087,4545
3931,11,103,0.140017,4551
3932,4,44,0.139947,4551
3933,6,66,0.139877,4552
3934,1,8,0.139807,4552
3935,1,7,0.139737,4552
3936,2,22,0.139667,4552
3937,7,69,0.139597,4557
3938,2,30,0.139528,4557
3939,6,59,0.139458,4558
3940,2,20,0.139388,4558
3941,5,50,0.139318,4559
3942,1,14,0.139249,4559
3943,3,33,0.139179,4559
3944,5,55,0.139110,4560
3945,3,37,0.139040,4561
3946,4,15,0.138971,4561
3947,8,59,0.138901,4562
3948,8,46,0.138832,4564
3949,4,14,0.138762,4564
3950,4,46,0.138693,4564
3951,4,35,0.138623,4564
3952,4,51,0.138554,4564
3953,8,78,0.138485,4565
3954,6,74,0.138416,4568
3955,8,83,0.138346,4571
3956,6,52,0.138277,4572
3957,6,59,0.138208,4573
3958,10,88,0.138139,4577
3959,8,60,0.138070,4578
3960,0,6,0.138001,4578
3961,4,32,0.137932,4578
3962,5,22,0.137863,4578
3963,7,77,0.137794,4579
3964,6,68,0.137725,4580
3965,5,50,0.137656,4581
3966,9,67,0.137587,4581
3967,2,11,0.137519,4581
3968,4,39,0.137450,4582
3969,5,54,0.137381,4582
3970,1,28,0.137312,4582
3971,2,25,0.137244,4582
3972,8,83,0.137175,4586
3973,3,23,0.137107,4586
3974,6,35,0.137038,4587
3975,5,51,0.136969,4587
3976,2,33,0.136901,4587
3977,8,75,0.136833,4588
3978,2,28,0.136764,4588
3979,6,95,0.136696,4589
3980,6,62,0.136627,4591
3981,6,69,0.136559,4592
3982,9,80,0.136491,4597
3983,6,61,0.136423,4598
3984,8,70,0.136354,4598
3985,1,11,0.136286,4598
3986,3,34,0.136218,4599
3987,7,76,0.136150,4600
3988,2,18,0.136082,4600
3989,7,63,0.136014,4602
3990,5,55,0.135946,4602
3991,3,28,0.135878,4602
3992,6,48,0.135810,4602
3993,9,93,0.135742,4607
3994,6,72,0.135674,4609
3995,6,52,0.135606,4609
3996,6,66,0.135538,4612
3997,6,60,0.135471,4612
3998,5,26,0.135403,4613
3999,3,33,0.135335,4613
4000,4,32,0.135268,4613
4001,7,46,0.135200,4614
4002,10,60,0.135132,4616
4003,4,55,0.135065,4617
4004,1,9,0.134997,4617
4005,5,38,0.134930,4617
4006,2,30,0.134862,4617
4007,8,89,0.134795,4621
4008,2,17,0.134727,4621
4009,4,57,0.134660,4622
4010,3,18,0.134593,4622
4011,8,107,0.134525,4624
4012,3,34,0.134458,4624
4013,6,64,0.134391,4624
4014,6,70,0.134324,4624
4015,5,30,0.134257,4624
4016,4,24,0.134190,4624
4017,2,9,0.134122,4624
4018,4,48,0.134055,4626
4019,4,44,0.133988,4626
4020,7,50,0.133921,4626
4021,5,27,0.133854,4627
4022,5,53,0.133787,4627
4023,3,33,0.133721,4627
4024,2,18,0.133654,4627
4025,7,66,0.133587,4627
4026,0,8,0.133520,4627
4027,6,32,0.133453,4628
4028,6,48,0.133387,4628
4029,5,68,0.133320,4628
4030,3,25,0.133253,4629
4031,8,57,0.133187,4632
4032,7,50,0.133120,4632
4033,8,62,0.133053,4632
4034,6,68,0.132987,4632
4035,9,80,0.132920,4636
4036,5,51,0.132854,4637
4037,2,12,0.132788,4637
4038,4,35,0.132721,4637
4039,1,14,0.132655,4637
4040,0,7,0.132588,4637
4041,2,29,0.132522,4637
4042,4,33,0.132456,4638
4043,2,15,0.132390,4638
4044,5,57,0.132323,4639
4045,11,95,0.132257,4643
4046,3,22,0.132191,4643
4047,3,26,0.132125,4643
4048,5,21,0.132059,4643
4049,4,38,0.131993,4643
4050,6,79,0.131927,4644
4051,5,40,0.131861,4645
4052,2,19,0.131795,4645
4053,6,51,0.131729,4647
4054,7,61,0.131663,4649
4055,5,58,0.131598,4650
4056,5,47,0.131532,4651
4057,5,39,0.131466,4651
4058,7,49,0.131400,4651
4059,6,65,0.131335,4652
4060,2,12,0.131269,4652
4061,9,68,0.131203,4652
4062,3,39,0.131138,4652
4063,6,51,0.131072,4652
4064,3,35,0.131007,4655
4065,5,51,0.130941,4656
4066,2,28,0.130876,4656
4067,5,50,0.130810,4656
4068,6,80,0.130745,4657
4069,9,72,0.130679,4659
4070,5,40,0.130614,4659
4071,5,66,0.130549,4659
4072,2,32,0.130483,4659
4073,3,27,0.130418,4659
4074,1,6,0.130353,4659
4075,11,69,0.130288,4665
4076,2,25,0.130223,4665
4077,4,43,0.130158,4666
4078,4,31,0.130092,4666
4079,2,16,0.130027,4666
4080,3,18,0.129962,4666
4081,3,45,0.129897,4666
4082,12,103,0.129832,4667
4083,5,56,0.129768,4667
4084,4,35,0.129703,4668
4085,2,27,0.129638,4669
4086,4,39,0.129573,4671
4087,0,7,0.129508,4671
4088,3,25,0.129443,4671
4089,7,48,0.129379,4673
4090,9,98,0.129314,4676
4091,6,48,0.129249,4677
4092,3,31,0.129185,4677
4093,2,14,0.129120,4677
4094,1,8,0.129056,4677
4095,5,31,0.128991,4677
4096,5,43,0.128927,4678
4097,1,9,0.128862,4678
4098,4,28,0.128798,4679
4099,1,12,0.128733,4679
4100,2,15,0.128669,4680
4101,4,68,0.128605,4681
4102,6,58,0.128540,4681
4103,5,36,0.128476,4681
4104,4,32,0.128412,4681
4105,8,58,0.128348,4683
4106,2,20,0.128283,4683
4107,1,11,0.128219,4683
4108,2,19,0.128155,4683
4109,7,58,0.128091,4685
4110,6,33,0.128027,4685
4111,4,27,0.127963,4685
4112,5,39,0.127899,4686
4113,4,34,0.127835,4687
4114,2,16,0.127771,4687
4115,9,58,0.127707,4688
4116,11,82,0.127643,4693
4117,4,23,0.127580,4694
4118,3,19,0.127516,4694
4119,5,56,0.127452,4695
4120,1,7,0.127388,4695
4121,6,55,0.127325,4696
4122,8,85,0.127261,4698
4123,4,58,0.127197,4698
4124,4,47,0.127134,4699
4125,5,51,0.127070,4699
4126,2,24,0.127007,4699
4127,9,87,0.126943,4703
4128,6,51,0.126880,4704
4129,2,16,0.126816,4704
4130,0,9,0.126753,4704
4131,6,66,0.126689,4707
4132,2,8,0.126626,4707
4133,5,53,0.126563,4708
4134,5,57,0.126500,4709
4135,4,39,0.126436,4709
4136,3,25,0.126373,4709
4137,0,21,0.126310,4709
4138,5,31,0.126247,4709
4139,7,78,0.126184,4710
4140,3,43,0.126120,4711
4141,4,44,0.126057,4711
4142,4,28,0.125994,4711
4143,8,62,0.125931,4713
4144,4,36,0.125868,4716
4145,2,7,0.125805,4716
4146,1,11,0.125743,4716
4147,6,53,0.125680,4716
4148,5,57,0.125617,4717
4149,7,49,0.125554,4720
4150,9,96,0.125491,4723
4151,8,79,0.125429,4724
4152,1,13,0.125366,4724
4153,12,112,0.125303,4728
4154,8,79,0.125240,4731
4155,5,54,0.125178,4731
4156,5,49,0.125115,4733
4157,4,37,0.125053,4733
4158,6,56,0.124990,4733
4159,4,35,0.124928,4733
4160,2,20,0.124865,4733
4161,8,50,0.124803,4735
4162,1,11,0.124740,4735
4163,5,52,0.124678,4736
4164,11,102,0.124616,4742
4165,12,102,0.124553,4751
4166,5,28,0.124491,4752
4167,4,35,0.124429,4752
4168,3,36,0.124367,4752
4169,10,74,0.124304,4754
4170,2,29,0.124242,4754
4171,6,32,0.124180,4756
4172,7,64,0.124118,4756
4173,3,29,0.124056,4756
4174,3,19,0.123994,4756
4175,1,8,0.123932,4756
4176,7,43,0.123870,4757
4177,5,39,0.123808,4757
4178,7,64,0.123746,4757
4179,8,65,0.123684,4760
4180,4,29,0.123623,4760
4181,2,15,0.123561,4760
4182,2,39,0.123499,4760
4183,5,29,0.123437,4760
4184,4,39,0.123375,4760
4185,4,51,0.123314,4762
4186,8,75,0.123252,4763
4187,8,69,0.123190,4764
4188,3,25,0.123129,4764
4189,4,22,0.123067,4764
4190,6,45,0.123006,4766
4191,6,53,0.122944,4767
4192,3,16,0.122883,4767
4193,4,31,0.122821,4767
4194,5,64,0.122760,4767
4195,5,53,0.122699,4767
4196,4,23,0.122637,4767
4197,3,39,0.122576,4767
4198,2,15,0.122515,4767
4199,6,61,0.122453,4768
4200,4,31,0.122392,4768
4201,9,72,0.122331,4770
4202,5,38,0.122270,4771
4203,4,54,0.122209,4771
4204,9,110,0.122148,4772
4205,10,79,0.122086,4772
4206,7,81,0.122025,4775
4207,5,34,0.121964,4775
4208,9,66,0.121903,4778
4209,1,16,0.121842,4778
4210,4,73,0.121782,4778
4211,5,56,0.121721,4778
4212,5,55,0.121660,4779
4213,11,86,0.121599,4784
4214,2,18,0.121538,4784
4215,6,64,0.121477,4784
4216,8,75,0.121417,4786
4217,4,31,0.121356,4787
4218,7,69,0.121295,4787
4219,4,31,0.121235,4787
4220,7,63,0.121174,4791
4221,15,120,0.121113,4798
4222,6,72,0.121053,4801
4223,9,73,0.120992,4803
4224,1,10,0.120932,4803
4225,11,108,0.120871,4806
4226,3,27,0.120811,4806
4227,6,48,0.120751,4806
4228,6,58,0.120690,4806
4229,4,33,0.120630,4806
4230,6,50,0.120570,4809
4231,7,71,0.120509,4809
4232,4,19,0.120449,4809
4233,8,79,0.120389,4813
4234,6,71,0.120329,4814
4235,0,10,0.120268,4814
4236,7,73,0.120208,4816
4237,10,61,0.120148,4817
4238,2,15,0.120088,4817
4239,2,11,0.120028,4817
4240,6,59,0.119968,4818
4241,11,80,0.119908,4819
4242,8,79,0.119848,4822
4243,8,51,0.119788,4824
4244,1,13,0.119728,4824
4245,8,56,0.119668,4825
4246,5,48,0.119609,4825
4247,11,117,0.119549,4828
4248,4,48,0.119489,4829
4249,0,5,0.119429,4829
4250,7,78,0.119370,4830
4251,8,63,0.119310,4835
4252,5,30,0.119250,4836
4253,5,53,0.119191,4836
4254,4,44,0.119131,4836
4255,8,71,0.119071,4837
4256,2,34,0.119012,4837
4257,4,35,0.118952,4837
4258,1,9,0.118893,4837
4259,8,57,0.118833,4839
4260,8,54,0.118774,4839
4261,6,71,0.118715,4840
4262,4,35,0.118655,4840
4263,9,78,0.118596,4844
4264,2,28,0.118537,4844
4265,1,9,0.118477,4844
4266,2,29,0.118418,4844
4267,4,39,0.118359,4845
4268,1,11,0.118300,4845
4269,2,17,0.118241,4845
4270,15,113,0.118181,4851
4271,6,59,0.118122,4852
4272,4,30,0.118063,4852
4273,4,20,0.118004,4852
4274,9,71,0.117945,4853
4275,5,33,0.117886,4853
4276,6,44,0.117827,4854
4277,5,44,0.117768,4854
4278,10,53,0.117710,4854
4279,6,54,0.117651,4854
4280,7,36,0.117592,4855
4281,6,52,0.117533,4856
4282,6,38,0.117474,4857
4283,3,12,0.117416,4857
4284,5,66,0.117357,4858
4285,5,74,0.117298,4858
4286,8,64,0.117240,4859
4287,5,40,0.117181,4860
4288,2,27,0.117122,4860
4289,5,35,0.117064,4860
4290,2,9,0.117005,4860
4291,7,68,0.116947,4861
4292,0,7,0.116888,4861
4293,8,48,0.116830,4861
4294,5,47,0.116771,4861
4295,2,23,0.116713,4862
4296,8,80,0.116655,4863
4297,6,53,0.116596,4863
4298,5,37,0.116538,4864
4299,8,69,0.116480,4867
4300,4,31,0.116422,4867
4301,2,32,0.116363,4867
4302,4,27,0.116305,4867
4303,10,76,0.116247,4869
4304,4,49,0.116189,4869
4305,6,54,0.116131,4869
4306,4,34,0.116073,4870
4307,4,44,0.116015,4872
4308,9,66,0.115957,4872
4309,7,70,0.115899,4872
4310,5,55,0.115841,4873
4311,6,48,0.115783,4874
4312,6,52,0.115725,4876
4313,3,14,0.115667,4877
4314,6,51,0.115609,4879
4315,3,30,0.115551,4879
4316,4,51,0.115494,4879
4317,6,65,0.115436,4880
4318,3,18,0.115378,4880
4319,4,36,0.115321,4880
4320,5,44,0.115263,4880
4321,5,62,0.115205,4880
4322,5,29,0.115148,4880
4323,11,94,0.115090,4883
4324,8,77,0.115032,4885
4325,8,62,0.114975,4886
4326,3,33,0.114917,4887
4327,2,22,0.114860,4887
4328,6,42,0.114803,4888
4329,8,55,0.114745,4888
4330,3,23,0.114688,4888
4331,7,74,0.114630,4890
4332,2,17,0.114573,4890
4333,5,32,0.114516,4890
4334,7,61,0.114459,4890
4335,6,48,0.114401,4890
4336,6,55,0.114344,4891
4337,4,31,0.114287,4891
4338,8,69,0.114230,4895
4339,0,7,0.114173,4895
4340,5,48,0.114116,4896
4341,2,15,0.114059,4897
4342,4,29,0.114002,4899
4343,3,20,0.113945,4899
4344,5,41,0.113888,4899
4345,5,42,0.113831,4902
4346,9,60,0.113774,4904
4347,3,37,0.113717,4904
4348,7,51,0.113660,4905
4349,2,20,0.113603,4905
4350,5,44,0.113546,4905
4351,6,44,0.113490,4906
4352,7,58,0.113433,4906
4353,8,63,0.113376,4907
4354,6,35,0.113319,4908
4355,2,22,0.113263,4908
4356,8,80,0.113206,4910
4357,6,51,0.113150,4910
4358,2,12,0.113093,4910
4359,7,76,0.113036,4914
4360,6,56,0.112980,4915
4361,6,45,0.112923,4917
4362,3,42,0.112867,4917
4363,18,154,0.112811,4925
4364,8,70,0.112754,4927
4365,3,46,0.112698,4927
4366,8,52,0.112641,4928
4367,5,52,0.112585,4931
4368,2,15,0.112529,4932
4369,0,7,0.112473,4932
4370,5,33,0.112416,4932
4371,3,27,0.112360,4932
4372,5,24,0.112304,4932
4373,0,10,0.112248,4932
4374,4,20,0.112192,4932
4375,4,27,0.112136,4932
4376,1,9,0.112079,4932
4377,6,60,0.112023,4934
4378,8,60,0.111967,4935
4379,7,51,0.111911,4935
4380,5,43,0.111855,4935
4381,2,24,0.111800,4936
4382,8,69,0.111744,4937
4383,4,29,0.111688,4939
4384,4,38,0.111632,4939
4385,9,56,0.111576,4939
4386,8,62,0.111520,4941
4387,7,63,0.111465,4941
4388,2,25,0.111409,4941
4389,5,49,0.111353,4942
4390,1,28,0.111297,4942
4391,11,95,0.111242,4945
4392,7,74,0.111186,4946
4393,5,40,0.111131,4946
4394,4,28,0.111075,4946
4395,8,50,0.111019,4950
4396,3,18,0.110964,4950
4397,1,6,0.110908,4950
4398,10,91,0.110853,4954
4399,0,14,0.110798,4954
4400,5,37,0.110742,4954
4401,4,38,0.110687,4954
4402,12,85,0.110631,4954
4403,4,34,0.110576,4954
4404,6,58,0.110521,4955
4405,1,9,0.110466,4955
4406,4,26,0.110410,4955
4407,6,40,0.110355,4955
4408,2,19,0.110300,4956
4409,1,11,0.110245,4956
4410,4,26,0.110190,4956
4411,6,52,0.110135,4958
4412,4,32,0.110080,4958
4413,10,61,0.110025,4959
4414,2,10,0.109970,4959
4415,6,47,0.109915,4959
4416,2,12,0.109860,4959
4417,10,102,0.109805,4965
4418,2,25,0.109750,4965
4419,7,48,0.109695,4966
4420,2,27,0.109640,4966
4421,4,50,0.109585,4966
4422,0,12,0.109530,4966
4423,7,79,0.109476,4966
4424,0,6,0.109421,4966
4425,3,19,0.109366,4966
4426,9,64,0.109312,4968
4427,7,49,0.109257,4970
4428,7,52,0.109202,4971
4429,3,20,0.109148,4971
4430,5,53,0.109093,4971
4431,8,72,0.109039,4974
4432,9,76,0.108984,4975
4433,5,34,0.108930,4975
4434,1,23,0.108875,4975
4435,10,84,0.108821,4977
4436,5,31,0.108766,4977
4437,9,80,0.108712,4980
4438,3,22,0.108657,4980
4439,10,104,0.108603,4982
4440,1,8,0.108549,4982
4441,1,7,0.108495,4982
4442,0,7,0.108440,4982
4443,5,52,0.108386,4982
4444,5,53,0.108332,4982
4445,2,32,0.108278,4982
4446,14,126,0.108224,4985
4447,4,47,0.108169,4986
4448,7,59,0.108115,4988
4449,9,54,0.108061,4988
4450,10,69,0.108007,4989
4451,10,84,0.107953,4989
4452,6,45,0.107899,4989
4453,11,83,0.107845,4989
4454,8,73,0.107791,4993
4455,4,32,0.107738,4994
4456,4,37,0.107684,4994
4457,4,41,0.107630,4995
4458,2,19,0.107576,4995
4459,7,65,0.107522,4996
4460,6,48,0.107468,4997
4461,6,57,0.107415,4999
4462,1,6,0.107361,4999
4463,2,15,0.107307,5000
4464,6,39,0.107254,5002
4465,3,31,0.107200,5002
4466,3,24,0.107146,5002
4467,1,9,0.107093,5002
4468,7,69,0.107039,5003
4469,9,86,0.106986,5003
4470,7,78,0.106932,5006
4471,6,57,0.106879,5006
4472,5,30,0.106825,5006
4473,5,53,0.106772,5009
4474,5,44,0.106719,5010
4475,7,75,0.106665,5013
4476,5,50,0.106612,5013
4477,5,41,0.106559,5013
4478,4,31,0.106505,5013
4479,9,55,0.106452,5015
4480,4,35,0.106399,5016
4481,6,48,0.106346,5016
4482,6,67,0.106293,5016
4483,4,32,0.106239,5016
4484,3,24,0.106186,5016
4485,6,46,0.106133,5016
4486,6,56,0.106080,5018
4487,8,78,0.106027,5020
4488,2,24,0.105974,5020
4489,10,87,0.105921,5023
4490,6,56,0.105868,5023
4491,5,65,0.105815,5024
4492,3,19,0.105762,5024
4493,4,24,0.105709,5024
4494,6,41,0.105657,5026
4495,8,59,0.105604,5027
4496,1,13,0.105551,5027
4497,9,105,0.105498,5027
4498,4,31,0.105445,5027
4499,6,41,0.105393,5027
4500,5,39,0.105340,5027
4501,2,10,0.105287,5027
4502,5,46,0.105235,5028
4503,9,54,0.105182,5028
4504,1,8,0.105129,5028
4505,2,13,0.105077,5028
4506,6,52,0.105024,5029
4507,6,54,0.104972,5030
4508,12,113,0.104919,5032
4509,5,47,0.104867,5033
4510,7,65,0.104814,5035
4511,7,75,0.104762,5035
4512,0,8,0.104710,5035
4513,8,63,0.104657,5036
4514,4,46,0.104605,5036
4515,6,69,0.104553,5036
4516,2,27,0.104500,5036
4517,1,7,0.104448,5036
4518,6,35,0.104396,5037
4519,6,42,0.104344,5037
4520,4,31,0.104292,5038
4521,2,23,0.104239,5038
4522,9,67,0.104187,5039
4523,7,44,0.104135,5040
4524,2,27,0.104083,5040
4525,5,44,0.104031,5041
4526,5,36,0.103979,5042
4527,5,43,0.103927,5044
4528,12,109,0.103875,5046
4529,11,102,0.103823,5048
4530,6,58,0.103771,5048
4531,10,129,0.103719,5052
4532,8,49,0.103667,5052
4533,8,65,0.103616,5054
4534,2,27,0.103564,5054
4535,5,57,0.103512,5054
4536,5,52,0.103460,5054
4537,4,50,0.103409,5054
4538,5,54,0.103357,5055
4539,11,103,0.103305,5055
4540,2,28,0.103254,5055
4541,6,46,0.103202,5055
4542,10,113,0.103150,5057
4543,6,50,0.103099,5058
4544,5,41,0.103047,5058
4545,2,16,0.102996,5058
4546,12,96,0.102944,5059
4547,2,13,0.102893,5059
4548,12,87,0.102841,5067
4549,3,20,0.102790,5067
4550,8,68,0.102738,5069
4551,6,37,0.102687,5071
4552,7,41,0.102636,5072
4553,2,14,0.102584,5072
4554,8,47,0.102533,5072
4555,8,79,0.102482,5072
4556,5,41,0.102431,5072
4557,4,26,0.102379,5073
4558,3,36,0.102328,5073
4559,5,43,0.102277,5073
4560,12,115,0.102226,5074
4561,6,78,0.102175,5074
4562,3,26,0.102124,5074
4563,6,46,0.102073,5076
4564,4,27,0.102022,5076
4565,8,74,0.101971,5076
4566,2,27,0.101920,5076
4567,2,23,0.101869,5076
4568,3,37,0.101818,5076
4569,7,50,0.101767,5076
4570,2,15,0.101716,5076
4571,11,72,0.101665,5077
4572,8,56,0.101614,5080
4573,6,53,0.101563,5081
4574,3,45,0.101513,5081
4575,10,75,0.101462,5081
4576,5,37,0.101411,5081
4577,2,30,0.101360,5081
4578,6,45,0.101310,5082
4579,7,56,0.101259,5083
4580,9,84,0.101208,5085
4581,7,56,0.101158,5085
4582,6,48,0.101107,5087
4583,8,63,0.101057,5087
4584,8,74,0.101006,5087
4585,10,103,0.100956,5092
4586,4,31,0.100905,5094
4587,12,75,0.100855,5095
4588,3,28,0.100804,5095
4589,4,24,0.100754,5096
4590,6,77,0.100704,5097
4591,12,76,0.100653,5097
4592,6,54,0.100603,5098
4593,8,71,0.100553,5098
4594,6,42,0.100502,5100
4595,1,6,0.100452,5100
4596,4,32,0.100402,5101
4597,9,109,0.100352,5103
4598,8,53,0.100301,5104
4599,8,49,0.100251,5106
4600,8,57,0.100201,5108
4601,0,5,0.100151,5108
4602,7,75,0.100101,5109
4603,9,86,0.100051,5114
4604,1,11,0.100001,5114
4605,4,30,0.099951,5114
4606,9,84,0.099901,5118
4607,8,70,0.099851,5118
4608,5,43,0.099801,5118
4609,3,41,0.099751,5118
4610,9,73,0.099701,5120
4611,5,39,0.099651,5120
4612,3,26,0.099602,5120
4613,6,42,0.099552,5120
4614,2,17,0.099502,5120
4615,5,69,0.099452,5120
4616,6,62,0.099403,5120
4617,6,60,0.099353,5121
4618,5,42,0.099303,5121
4619,6,44,0.099254,5122
4620,3,20,0.099204,5122
4621,7,52,0.099154,5123
4622,6,48,0.099105,5124
4623,3,29,0.099055,5124
4624,5,33,0.099006,5124
4625,3,27,0.098956,5124
4626,3,34,0.098907,5124
4627,2,22,0.098857,5124
4628,6,41,0.098808,5124
4629,7,67,0.098758,5124
4630,7,50,0.098709,5126
4631,3,37,0.098660,5126
4632,6,47,0.098610,5127
4633,8,69,0.098561,5129
4634,11,88,0.098512,5129
4635,2,18,0.098462,5129
4636,3,22,0.098413,5129
4637,2,17,0.098364,5129
4638,6,56,0.098315,5131
4639,1,8,0.098266,5131
4640,2,15,0.098217,5131
4641,3,26,0.098167,5131
4642,6,44,0.098118,5131
4643,4,59,0.098069,5131
4644,2,9,0.098020,5131
4645,4,32,0.097971,5131
4646,2,31,0.097922,5131
4647,4,16,0.097873,5133
4648,6,49,0.097824,5133
4649,4,34,0.097775,5134
4650,4,20,0.097727,5135
4651,2,11,0.097678,5136
4652,8,75,0.097629,5138
4653,7,60,0.097580,5139
4654,6,65,0.097531,5139
4655,8,64,0.097483,5140
4656,4,45,0.097434,5140
4657,4,35,0.097385,5141
4658,2,11,0.097336,5141
4659,1,18,0.097288,5141
4660,7,48,0.097239,5142
4661,4,35,0.097190,5143
4662,3,28,0.097142,5143
4663,5,41,0.097093,5143
4664,12,100,0.097045,5145
4665,3,20,0.096996,5145
4666,8,69,0.096948,5145
4667,7,60,0.096899,5145
4668,5,45,0.096851,5147
4669,8,70,0.096802,5152
4670,8,78,0.096754,5153
4671,4,28,0.096706,5153
4672,7,83,0.096657,5153
4673,5,38,0.096609,5153
4674,7,63,0.096561,5153
4675,8,80,0.096512,5154
4676,10,74,0.096464,5156
4677,5,39,0.096416,5156
4678,4,37,0.096368,5156
4679,5,36,0.096319,5157
4680,0,6,0.096271,5157
4681,5,61,0.096223,5158
4682,6,58,0.096175,5161
4683,8,58,0.096127,5163
4684,15,123,0.096079,5164
4685,11,78,0.096031,5166
4686,4,22,0.095983,5167
4687,8,50,0.095935,5167
4688,6,34,0.095887,5167
4689,5,37,0.095839,5167
4690,4,48,0.095791,5168
4691,7,43,0.095743,5168
4692,4,32,0.095695,5169
4693,6,47,0.095647,5169
4694,3,35,0.095600,5170
4695,7,75,0.095552,5170
4696,3,12,0.095504,5170
4697,7,67,0.095456,5170
4698,6,75,0.095409,5171
4699,2,17,0.095361,5171
4700,4,39,0.095313,5171
4701,3,32,0.095265,5172
4702,4,16,0.095218,5172
4703,3,42,0.095170,5172
4704,7,53,0.095123,5173
4705,3,36,0.095075,5173
4706,6,56,0.095028,5173
4707,5,45,0.094980,5173
4708,8,45,0.094933,5175
4709,7,69,0.094885,5176
4710,4,19,0.094838,5177
4711,6,70,0.094790,5177
4712,7,76,0.094743,5177
4713,2,21,0.094695,5177
4714,4,32,0.094648,5177
4715,4,34,0.094601,5177
4716,2,12,0.094553,5177
4717,8,63,0.094506,5181
4718,12,91,0.094459,5182
4719,8,76,0.094412,5184
4720,4,27,0.094365,5184
4721,10,111,0.094317,5186
4722,7,52,0.094270,5187
4723,6,37,0.094223,5188
4724,5,48,0.094176,5188
4725,5,33,0.094129,5188
4726,8,59,0.094082,5190
4727,4,39,0.094035,5191
4728,8,64,0.093988,5191
4729,6,68,0.093941,5191
4730,8,85,0.093894,5193
4731,8,70,0.093847,5195
4732,9,100,0.093800,5196
4733,8,58,0.093753,5196
4734,6,48,0.093706,5197
4735,6,68,0.093659,5198
4736,7,43,0.093612,5198
4737,5,50,0.093566,5198
4738,4,27,0.093519,5198
4739,8,68,0.093472,5201
4740,8,49,0.093425,5202
4741,8,55,0.093379,5203
4742,7,76,0.093332,5205
4743,4,25,0.093285,5205
4744,5,46,0.093239,5205
4745,8,54,0.093192,5209
4746,6,59,0.093145,5209
4747,2,13,0.093099,5209
4748,9,88,0.093052,5210
4749,7,52,0.093006,5211
4750,3,24,0.092959,5211
4751,5,44,0.092913,5211
4752,8,55,0.092866,5213
4753,2,14,0.092820,5213
4754,7,53,0.092773,5214
4755,4,27,0.092727,5214
4756,10,78,0.092681,5215
4757,6,34,0.092634,5216
4758,3,20,0.092588,5217
4759,9,71,0.092542,5217
4760,4,27,0.092496,5217
4761,7,53,0.092449,5218
4762,11,88,0.092403,5219
4763,7,62,0.092357,5219
4764,10,81,0.092311,5221
4765,4,36,0.092265,5221
4766,9,58,0.092218,5221
4767,10,78,0.092172,5222
4768,8,58,0.092126,5222
4769,5,29,0.092080,5223
4770,2,16,0.092034,5223
4771,7,53,0.091988,5225
4772,2,14,0.091942,5225
4773,5,38,0.091896,5226
4774,7,41,0.091850,5227
4775,4,38,0.091804,5227
4776,6,72,0.091758,5228
4777,2,18,0.091712,5228
4778,9,86,0.091667,5231
4779,8,77,0.091621,5233
4780,6,33,0.091575,5235
4781,10,102,0.091529,5238
4782,10,97,0.091483,5239
4783,1,17,0.091438,5239
4784,8,63,0.091392,5240
4785,1,12,0.091346,5240
4786,11,83,0.091301,5242
4787,7,45,0.091255,5243
4788,4,30,0.091209,5244
4789,10,89,0.091164,5245
4790,3,38,0.091118,5245
4791,3,34,0.091073,5245
4792,3,19,0.091027,5245
4793,5,46,0.090981,5245
4794,5,30,0.090936,5245
4795,6,30,0.090891,5245
4796,5,47,0.090845,5245
4797,6,55,0.090800,5246
4798,6,44,0.090754,5247
4799,4,36,0.090709,5247
4800,13,94,0.090664,5249
4801,9,75,0.090618,5250
4802,3,20,0.090573,5250
4803,8,44,0.090528,5251
4804,10,90,0.090482,5251
4805,8,63,0.090437,5254
4806,5,28,0.090392,5255
4807,5,54,0.090347,5255
4808,1,21,0.090302,5255
4809,10,93,0.090256,5258
4810,4,45,0.090211,5258
4811,1,15,0.090166,5258
4812,5,39,0.090121,5259
4813,4,29,0.090076,5259
4814,2,26,0.090031,5259
4815,6,63,0.089986,5259
4816,8,83,0.089941,5260
4817,8,48,0.089896,5262
4818,4,34,0.089851,5263
4819,6,59,0.089806,5263
4820,12,95,0.089761,5264
4821,8,76,0.089716,5267
4822,5,31,0.089671,5267
4823,6,43,0.089627,5267
4824,10,86,0.089582,5268
4825,1,9,0.089537,5268
4826,6,42,0.089492,5269
4827,8,68,0.089447,5271
4828,9,81,0.089403,5273
4829,3,24,0.089358,5273
4830,6,51,0.089313,5273
4831,7,47,0.089269,5275
4832,14,126,0.089224,5278
4833,4,21,0.089179,5279
4834,11,102,0.089135,5280
4835,5,42,0.089090,5280
4836,4,34,0.089046,5281
4837,3,20,0.089001,5281
4838,12,95,0.088957,5281
4839,4,38,0.088912,5281
4840,9,67,0.088868,5286
4841,8,89,0.088823,5287
4842,7,43,0.088779,5288
4843,6,50,0.088735,5288
4844,1,11,0.088690,5288
4845,6,51,0.088646,5289
4846,12,115,0.088602,5292
4847,7,61,0.088557,5292
4848,2,18,0.088513,5292
4849,7,62,0.088469,5293
4850,6,65,0.088424,5293
4851,5,43,0.088380,5294
4852,4,36,0.088336,5295
4853,9,85,0.088292,5295
4854,6,51,0.088248,5295
4855,4,46,0.088204,5295
4856,5,37,0.088160,5296
4857,4,35,0.088115,5296
4858,7,54,0.088071,5296
4859,8,45,0.088027,5297
4860,5,60,0.087983,5297
4861,3,26,0.087939,5297
4862,3,28,0.087895,5297
4863,10,92,0.087851,5299
4864,2,26,0.087808,5299
4865,6,50,0.087764,5301
4866,1,10,0.087720,5301
4867,6,47,0.087676,5302
4868,0,7,0.087632,5302
4869,4,43,0.087588,5302
4870,6,63,0.087544,5302
4871,4,62,0.087501,5303
4872,3,24,0.087457,5303
4873,9,76,0.087413,5304
4874,4,19,0.087369,5304
4875,1,14,0.087326,5304
4876,12,97,0.087282,5305
4877,10,96,0.087238,5305
4878,5,42,0.087195,5305
4879,10,81,0.087151,5308
4880,2,27,0.087108,5309
4881,9,89,0.087064,5309
4882,7,89,0.087021,5310
4883,4,29,0.086977,5310
4884,5,43,0.086934,5310
4885,4,55,0.086890,5310
4886,10,70,0.086847,5311
4887,5,35,0.086803,5311
4888,10,91,0.086760,5313
4889,6,48,0.086716,5314
4890,12,84,0.086673,5317
4891,0,5,0.086630,5317
4892,7,68,0.086586,5318
4893,4,30,0.086543,5318
4894,6,50,0.086500,5320
4895,6,52,0.086457,5320
4896,2,40,0.086413,5320
4897,10,59,0.086370,5321
4898,3,24,0.086327,5321
4899,2,15,0.086284,5321
4900,9,74,0.086241,5321
4901,6,39,0.086198,5321
4902,5,34,0.086155,5321
4903,6,51,0.086111,5322
4904,8,63,0.086068,5322
4905,5,42,0.086025,5323
4906,4,44,0.085982,5323
4907,14,110,0.085939,5325
4908,7,69,0.085896,5325
4909,11,79,0.085853,5326
4910,8,100,0.085810,5326
4911,3,20,0.085768,5326
4912,10,87,0.085725,5327
4913,6,44,0.085682,5327
4914,8,69,0.085639,5327
4915,8,39,0.085596,5327
4916,2,22,0.085553,5327
4917,15,118,0.085511,5329
4918,2,24,0.085468,5329
4919,8,60,0.085425,5330
4920,9,93,0.085382,5331
4921,10,88,0.085340,5335
4922,7,58,0.085297,5335
4923,6,56,0.085254,5336
4924,6,36,0.085212,5336
4925,8,58,0.085169,5336
4926,4,23,0.085127,5336
4927,0,9,0.085084,5336
4928,4,33,0.085041,5337
4929,7,49,0.084999,5337
4930,14,96,0.084956,5337
4931,6,54,0.084914,5337
4932,3,18,0.084872,5337
4933,10,66,0.084829,5339
4934,6,50,0.084787,5340
4935,8,74,0.084744,5341
4936,2,21,0.084702,5341
4937,3,16,0.084660,5341
4938,8,84,0.084617,5342
4939,14,103,0.084575,5345
4940,9,71,0.084533,5347
4941,10,88,0.084490,5347
4942,4,25,0.084448,5347
4943,4,24,0.084406,5347
4944,2,19,0.084364,5347
4945,11,84,0.084322,5348
4946,8,52,0.084279,5348
4947,8,63,0.084237,5353
4948,1,12,0.084195,5353
4949,6,57,0.084153,5353
4950,2,16,0.084111,5353
4951,5,51,0.084069,5353
4952,5,33,0.084027,5353
4953,4,41,0.083985,5353
4954,9,87,0.083943,5354
4955,6,62,0.083901,5356
4956,12,119,0.083859,5359
4957,9,84,0.083817,5359
4958,14,77,0.083775,5359
4959,4,35,0.083733,5359
4960,9,43,0.083691,5361
4961,8,53,0.083649,5361
4962,15,124,0.083608,5362
4963,11,100,0.083566,5363
4964,3,39,0.083524,5363
4965,8,62,0.083482,5364
4966,3,32,0.083441,5366
4967,11,69,0.083399,5368
4968,6,54,0.083357,5369
4969,5,43,0.083315,5370
4970,12,109,0.083274,5372
4971,12,90,0.083232,5373
4972,4,48,0.083191,5373
4973,6,51,0.083149,5373
4974,12,86,0.083107,5375
4975,8,49,0.083066,5375
4976,8,78,0.083024,5376
4977,5,50,0.082983,5376
4978,10,88,0.082941,5379
4979,2,10,0.082900,5379
4980,6,63,0.082858,5380
4981,4,41,0.082817,5381
4982,9,102,0.082776,5381
4983,9,69,0.082734,5383
4984,6,41,0.082693,5385
4985,6,60,0.082651,5385
4986,11,84,0.082610,5385
4987,2,12,0.082569,5385
4988,2,13,0.082527,5385
4989,11,78,0.082486,5386
4990,6,44,0.082445,5387
4991,10,87,0.082404,5387
4992,6,62,0.082363,5388
4993,2,15,0.082321,5388
4994,6,38,0.082280,5390
4995,2,30,0.082239,5390
4996,4,23,0.082198,5391
4997,13,111,0.082157,5394
4998,5,36,0.082116,5394
4999,4,25,0.082075,5394
5000,6,49,0.082034,5395
5001,8,62,0.081993,5395
5002,3,30,0.081952,5395
5003,1,15,0.081911,5395
5004,3,27,0.081870,5395
5005,4,46,0.081829,5395
5006,10,106,0.081788,5396
5007,5,57,0.081747,5396
5008,2,29,0.081706,5396
5009,5,22,0.081665,5397
5010,5,45,0.081624,5398
5011,4,51,0.081584,5399
5012,12,112,0.081543,5401
5013,5,43,0.081502,5402
5014,6,46,0.081461,5402
5015,11,93,0.081421,5404
5016,8,63,0.081380,5405
5017,3,23,0.081339,5405
5018,15,151,0.081299,5407
5019,10,77,0.081258,5408
5020,9,61,0.081217,5410
5021,4,35,0.081177,5410
5022,9,64,0.081136,5411
5023,4,32,0.081095,5411
5024,8,90,0.081055,5413
5025,10,59,0.081014,5414
5026,10,75,0.080974,5414
5027,3,16,0.080933,5414
5028,9,96,0.080893,5417
5029,8,56,0.080852,5418
5030,13,73,0.080812,5418
5031,7,51,0.080772,5418
5032,13,96,0.080731,5419
5033,2,14,0.080691,5419
5034,10,88,0.080651,5422
5035,10,91,0.080610,5423
5036,8,75,0.080570,5423
5037,8,47,0.080530,5423
5038,8,69,0.080489,5424
5039,14,138,0.080449,5427
5040,9,63,0.080409,5427
5041,3,32,0.080369,5427
5042,7,49,0.080329,5428
5043,6,32,0.080288,5428
5044,9,79,0.080248,5430
5045,5,28,0.080208,5430
5046,4,42,0.080168,5431
5047,4,50,0.080128,5431
5048,5,39,0.080088,5431
5049,4,28,0.080048,5431
5050,10,69,0.080008,5431
5051,4,50,0.079968,5431
5052,5,53,0.079928,5431
5053,16,108,0.079888,5431
5054,8,72,0.079848,5432
5055,6,56,0.079808,5434
5056,7,56,0.079768,5437
5057,4,29,0.079728,5437
5058,5,36,0.079688,5437
5059,14,90,0.079648,5437
5060,4,29,0.079609,5437
5061,7,77,0.079569,5437
5062,10,74,0.079529,5438
5063,9,65,0.079489,5440
5064,10,92,0.079450,5440
5065,10,89,0.079410,5442
5066,10,81,0.079370,5445
5067,3,23,0.079330,5445
5068,8,44,0.079291,5446
5069,5,46,0.079251,5446
5070,4,30,0.079211,5447
5071,9,62,0.079172,5448
5072,13,95,0.079132,5449
5073,7,58,0.079093,5451
5074,14,100,0.079053,5453
5075,9,76,0.079014,5455
5076,7,39,0.078974,5455
5077,3,30,0.078935,5455
5078,4,39,0.078895,5455
5079,6,43,0.078856,5456
5080,6,40,0.078816,5457
5081,5,38,0.078777,5457
5082,6,51,0.078738,5457
5083,5,28,0.078698,5457
5084,5,39,0.078659,5458
5085,4,26,0.078619,5459
5086,6,66,0.078580,5461
5087,10,78,0.078541,5463
5088,6,41,0.078502,5464
5089,12,101,0.078462,5467
5090,7,45,0.078423,5468
5091,12,105,0.078384,5470
5092,8,45,0.078345,5471
5093,10,96,0.078306,5473
5094,7,45,0.078266,5474
5095,5,48,0.078227,5474
5096,4,29,0.078188,5475
5097,3,34,0.078149,5475
5098,11,105,0.078110,5475
5099,3,34,0.078071,5475
5100,4,33,0.078032,5475
5101,13,99,0.077993,5476
5102,6,41,0.077954,5476
5103,4,37,0.077915,5476
5104,3,28,0.077876,5476
5105,4,38,0.077837,5476
5106,1,8,0.077798,5476
5107,11,112,0.077759,5477
5108,6,56,0.077720,5478
5109,1,14,0.077681,5478
5110,5,37,0.077643,5479
5111,8,80,0.077604,5480
5112,11,72,0.077565,5481
5113,7,42,0.077526,5481
5114,10,70,0.077487,5482
5115,2,12,0.077449,5482
5116,1,10,0.077410,5482
5117,2,20,0.077371,5482
5118,6,58,0.077333,5484
5119,11,113,0.077294,5485
5120,10,83,0.077255,5487
5121,5,47,0.077217,5490
5122,11,100,0.077178,5491
5123,7,80,0.077139,5491
5124,2,31,0.077101,5491
5125,5,35,0.077062,5492
5126,5,46,0.077024,5493
5127,14,122,0.076985,5494
5128,5,54,0.076947,5495
5129,5,46,0.076908,5495
5130,11,87,0.076870,5497
5131,4,36,0.076831,5498
5132,3,38,0.076793,5499
5133,5,44,0.076755,5499
5134,7,28,0.076716,5499
5135,6,48,0.076678,5499
5136,3,36,0.076640,5500
5137,11,108,0.076601,5500
5138,6,59,0.076563,5500
5139,6,39,0.076525,5500
5140,5,47,0.076486,5500
5141,11,72,0.076448,5503
5142,6,48,0.076410,5504
5143,9,56,0.076372,5505
5144,7,73,0.076334,5505
5145,4,30,0.076295,5505
5146,7,37,0.076257,5505
5147,12,98,0.076219,5508
5148,3,40,0.076181,5508
5149,12,104,0.076143,5510
5150,5,39,0.076105,5510
5151,1,15,0.076067,5510
5152,10,78,0.076029,5511
5153,8,79,0.075991,5512
5154,13,91,0.075953,5513
5155,4,29,0.075915,5513
5156,5,63,0.075877,5513
5157,8,78,0.075839,5513
5158,1,15,0.075801,5513
5159,4,32,0.075763,5513
5160,2,16,0.075725,5513
5161,6,47,0.075687,5513
5162,6,45,0.075649,5513
5163,5,30,0.075612,5514
5164,9,68,0.075574,5514
5165,14,117,0.075536,5514
5166,2,15,0.075498,5514
5167,6,50,0.075460,5515
5168,12,91,0.075423,5517
5169,3,32,0.075385,5517
5170,7,62,0.075347,5519
5171,3,26,0.075310,5519
5172,17,137,0.075272,5524
5173,7,61,0.075234,5524
5174,12,103,0.075197,5526
5175,4,34,0.075159,5526
5176,5,51,0.075122,5526
5177,4,47,0.075084,5526
5178,2,18,0.075046,5526
5179,6,56,0.075009,5526
5180,2,21,0.074971,5527
5181,10,85,0.074934,5529
5182,7,67,0.074897,5529
5183,4,30,0.074859,5530
5184,4,40,0.074822,5531
5185,7,55,0.074784,5532
5186,2,11,0.074747,5532
5187,2,11,0.074709,5532
5188,4,35,0.074672,5533
5189,9,62,0.074635,5534
5190,4,41,0.074597,5534
5191,3,21,0.074560,5534
5192,11,80,0.074523,5536
5193,6,47,0.074486,5536
5194,8,81,0.074448,5537
5195,4,32,0.074411,5537
5196,1,13,0.074374,5537
5197,5,53,0.074337,5538
5198,5,41,0.074300,5538
5199,8,62,0.074262,5539
5200,15,105,0.074225,5539
5201,13,112,0.074188,5541
5202,6,39,0.074151,5542
5203,10,92,0.074114,5543
5204,5,27,0.074077,5543
5205,3,30,0.074040,5543
5206,10,97,0.074003,5545
5207,2,9,0.073966,5545
5208,1,9,0.073929,5545
5209,17,143,0.073892,5546
5210,6,47,0.073855,5547
5211,9,70,0.073818,5548
5212,3,23,0.073781,5548
5213,5,46,0.073744,5548
5214,6,72,0.073707,5548
5215,1,11,0.073671,5548
5216,5,43,0.073634,5548
5217,2,16,0.073597,5548
5218,1,19,0.073560,5548
5219,2,32,0.073523,5548
5220,9,103,0.073487,5548
5221,9,89,0.073450,5549
5222,2,16,0.073413,5549
5223,4,22,0.073376,5550
5224,4,22,0.073340,5550
5225,5,43,0.073303,5551
5226,8,57,0.073266,5551
5227,4,32,0.073230,5551
5228,5,41,0.073193,5551
5229,5,40,0.073157,5552
5230,5,39,0.073120,5552
5231,10,69,0.073083,5553
5232,4,35,0.073047,5553
5233,10,85,0.073010,5553
5234,6,53,0.072974,5553
5235,9,84,0.072937,5553
5236,6,44,0.072901,5553
5237,7,61,0.072864,5554
5238,10,89,0.072828,5554
5239,8,87,0.072792,5554
5240,8,88,0.072755,5558
5241,6,40,0.072719,5560
5242,0,7,0.072682,5560
5243,9,59,0.072646,5561
5244,8,63,0.072610,5562
5245,12,105,0.072573,5562
5246,7,44,0.072537,5563
5247,8,63,0.072501,5563
5248,15,127,0.072465,5564
5249,3,34,0.072428,5564
5250,8,64,0.072392,5564
5251,10,67,0.072356,5566
5252,3,20,0.072320,5566
5253,12,138,0.072284,5568
5254,4,33,0.072248,5569
5255,4,47,0.072211,5570
5256,10,100,0.072175,5570
5257,7,56,0.072139,5571
5258,6,45,0.072103,5571
5259,13,102,0.072067,5574
5260,6,58,0.072031,5574
5261,9,64,0.071995,5575
5262,2,28,0.071959,5575
5263,10,97,0.071923,5575
5264,7,39,0.071887,5575
5265,8,74,0.071851,5575
5266,3,27,0.071815,5576
5267,11,93,0.071779,5576
5268,3,36,0.071743,5576
5269,4,24,0.071708,5576
5270,9,72,0.071672,5577
5271,7,73,0.071636,5577
5272,2,31,0.071600,5577
5273,1,18,0.071564,5577
5274,14,101,0.071528,5579
5275,7,63,0.071493,5579
5276,2,18,0.071457,5579
5277,6,39,0.071421,5579
5278,4,41,0.071386,5580
5279,4,20,0.071350,5581
5280,0,7,0.071314,5581
5281,2,16,0.071279,5581
5282,5,34,0.071243,5581
5283,5,45,0.071207,5581
5284,1,10,0.071172,5581
5285,5,37,0.071136,5581
5286,6,46,0.071100,5581
5287,7,44,0.071065,5581
5288,5,39,0.071029,5581
5289,9,80,0.070994,5582
5290,3,17,0.070958,5582
5291,1,9,0.070923,5582
5292,9,65,0.070887,5584
5293,12,139,0.070852,5588
5294,8,68,0.070817,5589
5295,10,86,0.070781,5591
5296,12,83,0.070746,5593
5297,8,86,0.070710,5595
5298,6,57,0.070675,5595
5299,12,98,0.070640,5597
5300,6,68,0.070604,5599
5301,5,34,0.070569,5599
5302,10,66,0.070534,5599
5303,4,24,0.070499,5600
5304,4,17,0.070463,5600
5305,5,35,0.070428,5600
5306,7,38,0.070393,5601
5307,1,16,0.070358,5601
5308,15,132,0.070322,5604
5309,6,38,0.070287,5605
5310,5,35,0.070252,5605
5311,4,30,0.070217,5605
5312,1,10,0.070182,5605
5313,4,26,0.070147,5605
5314,3,19,0.070112,5605
5315,2,19,0.070077,5605
5316,8,71,0.070042,5608
5317,5,52,0.070007,5608
5318,4,18,0.069972,5609
5319,11,91,0.069937,5609
5320,8,68,0.069902,5610
5321,6,67,0.069867,5610
5322,8,61,0.069832,5610
5323,16,104,0.069797,5611
5324,1,13,0.069762,5611
5325,1,17,0.069727,5611
5326,8,42,0.069692,5611
5327,8,60,0.069657,5612
5328,5,49,0.069623,5612
5329,10,91,0.069588,5612
5330,5,30,0.069553,5612
5331,9,83,0.069518,5612
5332,4,16,0.069483,5612
5333,6,63,0.069449,5613
5334,11,74,0.069414,5614
5335,7,67,0.069379,5615
5336,5,42,0.069345,5616
5337,11,82,0.069310,5618
5338,8,44,0.069275,5619
5339,2,18,0.069241,5619
5340,8,95,0.069206,5621
5341,4,38,0.069171,5622
5342,6,46,0.069137,5625
5343,8,67,0.069102,5626
5344,11,118,0.069068,5627
5345,12,91,0.069033,5630
5346,6,39,0.068999,5630
5347,7,74,0.068964,5631
5348,4,53,0.068930,5631
5349,8,82,0.068895,5632
5350,4,45,0.068861,5632
5351,7,47,0.068826,5634
5352,14,97,0.068792,5637
5353,14,134,0.068758,5641
5354,4,36,0.068723,5641
5355,3,34,0.068689,5643
5356,8,76,0.068654,5645
5357,4,41,0.068620,5645
5358,11,85,0.068586,5646
5359,8,63,0.068551,5646
5360,4,22,0.068517,5647
5361,10,88,0.068483,5648
5362,7,55,0.068449,5649
5363,3,30,0.068414,5649
5364,4,41,0.068380,5649
5365,6,51,0.068346,5650
5366,4,36,0.068312,5651
5367,5,44,0.068278,5651
5368,6,49,0.068244,5652
5369,3,39,0.068210,5652
5370,10,70,0.068175,5653
5371,7,48,0.068141,5654
5372,8,76,0.068107,5655
5373,10,100,0.068073,5658
5374,10,90,0.068039,5659
5375,7,59,0.068005,5659
5376,7,39,0.067971,5659
5377,23,205,0.067937,5662
5378,3,30,0.067903,5662
5379,9,64,0.067869,5662
5380,8,64,0.067835,5662
5381,16,154,0.067801,5663
5382,9,71,0.067767,5664
5383,2,19,0.067734,5664
5384,6,56,0.067700,5664
5385,17,132,0.067666,5666
5386,3,22,0.067632,5666
5387,10,93,0.067598,5668
5388,8,50,0.067564,5668
5389,4,37,0.067531,5668
5390,7,41,0.067497,5669
5391,4,30,0.067463,5669
5392,7,48,0.067429,5670
5393,4,35,0.067396,5671
5394,6,38,0.067362,5672
5395,9,70,0.067328,5672
5396,3,17,0.067295,5672
5397,21,150,0.067261,5675
5398,10,71,0.067227,5676
5399,12,86,0.067194,5677
5400,7,60,0.067160,5677
5401,2,21,0.067127,5677
5402,6,36,0.067093,5677
5403,4,41,0.067059,5677
5404,2,16,0.067026,5677
5405,3,17,0.066992,5677
5406,4,30,0.066959,5677
5407,4,37,0.066925,5677
5408,10,71,0.066892,5678
5409,10,103,0.066859,5678
5410,5,36,0.066825,5678
5411,10,84,0.066792,5678
5412,14,125,0.066758,5678
5413,3,16,0.066725,5678
5414,6,49,0.066692,5679
5415,8,45,0.066658,5679
5416,10,62,0.066625,5681
5417,11,125,0.066592,5685
5418,7,43,0.066558,5685
5419,9,64,0.066525,5687
5420,2,18,0.066492,5687
5421,4,32,0.066458,5687
5422,9,89,0.066425,5688
5423,10,67,0.066392,5688
5424,13,97,0.066359,5690
5425,8,87,0.066326,5692
5426,7,36,0.066293,5693
5427,11,121,0.066259,5693
5428,6,57,0.066226,5693
5429,8,77,0.066193,5694
5430,5,38,0.066160,5694
5431,11,97,0.066127,5694
5432,3,22,0.066094,5694
5433,17,135,0.066061,5694
5434,8,70,0.066028,5695
5435,12,115,0.065995,5696
5436,7,61,0.065962,5696
5437,1,6,0.065929,5696
5438,4,32,0.065896,5697
5439,2,15,0.065863,5697
5440,10,90,0.065830,5698
5441,7,56,0.065797,5699
5442,2,27,0.065764,5699
5443,6,61,0.065731,5699
5444,5,39,0.065698,5699
5445,2,17,0.065666,5699
5446,3,14,0.065633,5699
5447,6,34,0.065600,5699
5448,9,71,0.065567,5700
5449,9,66,0.065534,5701
5450,5,37,0.065502,5702
5451,0,7,0.065469,5702
5452,11,96,0.065436,5703
5453,8,64,0.065403,5704
5454,3,22,0.065371,5704
5455,6,68,0.065338,5705
5456,3,30,0.065305,5705
5457,1,9,0.065273,5705
5458,6,36,0.065240,5706
5459,3,36,0.065207,5706
5460,14,115,0.065175,5707
5461,12,84,0.065142,5708
5462,12,135,0.065110,5709
5463,4,25,0.065077,5710
5464,10,72,0.065045,5710
5465,6,47,0.065012,5710
5466,6,47,0.064979,5710
5467,8,64,0.064947,5711
5468,14,102,0.064915,5712
5469,13,99,0.064882,5712
5470,10,62,0.064850,5713
5471,2,32,0.064817,5713
5472,15,132,0.064785,5714
5473,10,90,0.064752,5714
5474,8,60,0.064720,5715
5475,9,74,0.064688,5716
5476,5,37,0.064655,5716
5477,7,53,0.064623,5717
5478,11,88,0.064591,5718
5479,9,84,0.064558,5718
5480,6,60,0.064526,5719
5481,4,39,0.064494,5719
5482,10,79,0.064462,5720
5483,10,92,0.064429,5721
5484,3,26,0.064397,5721
5485,11,93,0.064365,5723
5486,9,74,0.064333,5724
5487,4,24,0.064301,5724
5488,10,79,0.064268,5725
5489,9,38,0.064236,5726
5490,10,91,0.064204,5727
5491,15,141,0.064172,5728
5492,8,56,0.064140,5729
5493,8,72,0.064108,5729
5494,12,111,0.064076,5730
5495,9,93,0.064044,5731
5496,12,95,0.064012,5735
5497,5,45,0.063980,5735
5498,4,38,0.063948,5735
5499,10,89,0.063916,5737
5500,7,57,0.063884,5738
5501,2,27,0.063852,5738
5502,5,51,0.063820,5738
5503,11,102,0.063788,5739
5504,2,22,0.063756,5739
5505,7,47,0.063724,5740
5506,15,126,0.063692,5741
5507,1,7,0.063661,5741
5508,2,13,0.063629,5741
5509,6,56,0.063597,5742
5510,7,53,0.063565,5742
5511,14,100,0.063533,5743
5512,9,71,0.063502,5743
5513,6,33,0.063470,5744
5514,6,29,0.063438,5744
5515,6,46,0.063406,5745
5516,9,84,0.063375,5747
5517,8,76,0.063343,5749
5518,5,53,0.063311,5750
5519,18,142,0.063280,5755
5520,5,47,0.063248,5756
5521,6,48,0.063216,5757
5522,8,79,0.063185,5757
5523,13,84,0.063153,5757
5524,11,93,0.063122,5758
5525,13,113,0.063090,5758
5526,10,66,0.063059,5758
5527,4,19,0.063027,5759
5528,8,57,0.062996,5760
5529,8,84,0.062964,5760
5530,4,37,0.062933,5761
5531,7,84,0.062901,5761
5532,10,74,0.062870,5761
5533,6,44,0.062838,5761
5534,9,83,0.062807,5761
5535,9,74,0.062775,5763
5536,0,9,0.062744,5763
5537,7,61,0.062713,5763
5538,8,58,0.062681,5765
5539,6,41,0.062650,5765
5540,8,72,0.062619,5766
5541,10,70,0.062587,5767
5542,9,77,0.062556,5768
5543,8,55,0.062525,5768
5544,7,52,0.062493,5769
5545,8,61,0.062462,5771
5546,6,44,0.062431,5771
5547,5,31,0.062400,5771
5548,10,66,0.062369,5773
5549,8,51,0.062337,5773
5550,4,21,0.062306,5773
5551,1,8,0.062275,5773
5552,11,73,0.062244,5777
5553,8,52,0.062213,5777
5554,8,52,0.062182,5777
5555,9,75,0.062151,5778
5556,11,115,0.062120,5779
5557,6,47,0.062088,5779
5558,9,72,0.062057,5779
5559,5,34,0.062026,5779
5560,12,98,0.061995,5780
5561,2,16,0.061964,5780
5562,10,82,0.061933,5781
5563,5,52,0.061902,5781
5564,5,35,0.061871,5782
5565,10,100,0.061841,5782
5566,13,109,0.061810,5783
5567,6,38,0.061779,5784
5568,6,45,0.061748,5784
5569,10,77,0.061717,5784
5570,13,88,0.061686,5785
5571,4,29,0.061655,5785
5572,10,75,0.061624,5786
5573,2,18,0.061594,5786
5574,6,36,0.061563,5787
5575,2,20,0.061532,5787
5576,1,15,0.061501,5787
5577,4,14,0.061471,5787
5578,8,48,0.061440,5788
5579,9,64,0.061409,5788
5580,3,30,0.061378,5788
5581,7,51,0.061348,5788
5582,6,43,0.061317,5788
5583,7,56,0.061286,5789
5584,8,45,0.061256,5789
5585,7,39,0.061225,5790
5586,3,13,0.061194,5790
5587,2,14,0.061164,5790
5588,9,71,0.061133,5790
5589,13,89,0.061103,5792
5590,7,46,0.061072,5792
5591,2,24,0.061042,5792
5592,3,24,0.061011,5792
5593,11,76,0.060981,5795
5594,9,84,0.060950,5797
5595,7,67,0.060920,5797
5596,10,102,0.060889,5799
5597,10,77,0.060859,5800
5598,12,88,0.060828,5801
5599,14,121,0.060798,5803
5600,7,58,0.060767,5804
5601,16,127,0.060737,5805
5602,8,62,0.060707,5809
5603,12,105,0.060676,5810
5604,4,37,0.060646,5811
5605,8,75,0.060616,5811
5606,15,116,0.060585,5813
5607,6,40,0.060555,5814
5608,8,61,0.060525,5815
5609,10,77,0.060495,5817
5610,4,29,0.060464,5818
5611,5,22,0.060434,5818
5612,9,50,0.060404,5819
5613,3,22,0.060374,5819
5614,6,64,0.060344,5821
5615,12,103,0.060313,5821
5616,8,63,0.060283,5821
5617,13,100,0.060253,5822
5618,7,55,0.060223,5822
5619,4,26,0.060193,5823
5620,8,73,0.060163,5824
5621,11,128,0.060133,5826
5622,12,102,0.060103,5826
5623,7,62,0.060073,5826
5624,3,20,0.060042,5826
5625,9,87,0.060012,5826
5626,13,96,0.059982,5828
5627,16,146,0.059952,5828
5628,7,43,0.059922,5828
5629,11,114,0.059893,5828
5630,2,17,0.059863,5828
5631,15,131,0.059833,5831
5632,6,52,0.059803,5832
5633,4,31,0.059773,5832
5634,18,114,0.059743,5833
5635,8,77,0.059713,5834
5636,11,82,0.059683,5836
5637,15,137,0.059653,5836
5638,7,40,0.059624,5836
5639,8,72,0.059594,5837
5640,5,45,0.059564,5837
5641,4,28,0.059534,5837
5642,4,34,0.059504,5838
5643,1,17,0.059475,5838
5644,8,82,0.059445,5839
5645,5,38,0.059415,5839
5646,9,45,0.059385,5839
5647,5,47,0.059356,5839
5648,0,7,0.059326,5839
5649,2,27,0.059296,5839
5650,11,85,0.059267,5840
5651,16,150,0.059237,5840
5652,9,69,0.059208,5841
5653,16,138,0.059178,5843
5654,14,97,0.059148,5845
5655,8,51,0.059119,5845
5656,6,51,0.059089,5845
5657,14,79,0.059060,5846
5658,14,119,0.059030,5847
5659,8,67,0.059001,5848
5660,8,75,0.058971,5849
5661,4,21,0.058942,5850
5662,13,95,0.058912,5852
5663,4,33,0.058883,5852
5664,10,87,0.058853,5852
5665,2,17,0.058824,5852
5666,12,84,0.058794,5853
5667,9,69,0.058765,5857
5668,10,63,0.058736,5858
5669,3,15,0.058706,5858
5670,12,131,0.058677,5859
5671,14,103,0.058648,5859
5672,8,57,0.058618,5860
5673,16,109,0.058589,5861
5674,6,64,0.058560,5862
5675,1,10,0.058530,5862
5676,7,50,0.058501,5864
5677,13,90,0.058472,5865
5678,4,34,0.058443,5866
5679,6,41,0.058413,5867
5680,7,49,0.058384,5868
5681,5,42,0.058355,5868
5682,2,10,0.058326,5868
5683,2,20,0.058297,5868
5684,6,46,0.058268,5868
5685,8,48,0.058238,5868
5686,9,75,0.058209,5869
5687,9,59,0.058180,5871
5688,8,76,0.058151,5873
5689,8,68,0.058122,5873
5690,11,111,0.058093,5874
5691,3,16,0.058064,5874
5692,6,51,0.058035,5874
5693,9,70,0.058006,5875
5694,5,33,0.057977,5876
5695,0,5,0.057948,5876
5696,6,46,0.057919,5876
5697,7,70,0.057890,5877
5698,6,58,0.057861,5877
5699,14,102,0.057832,5877
5700,11,78,0.057803,5878
5701,7,71,0.057774,5879
5702,1,10,0.057745,5879
5703,6,35,0.057716,5879
5704,3,28,0.057688,5879
5705,8,47,0.057659,5879
5706,11,72,0.057630,5879
5707,5,46,0.057601,5879
5708,11,104,0.057572,5879
5709,12,96,0.057544,5881
5710,10,87,0.057515,5881
5711,2,30,0.057486,5881
5712,10,87,0.057457,5881
5713,4,27,0.057429,5881
5714,7,65,0.057400,5882
5715,6,44,0.057371,5883
5716,11,89,0.057342,5886
5717,6,54,0.057314,5887
5718,8,50,0.057285,5887
5719,11,102,0.057256,5888
5720,10,78,0.057228,5888
5721,1,7,0.057199,5888
5722,10,86,0.057171,5888
5723,12,103,0.057142,5888
5724,5,50,0.057113,5888
5725,4,46,0.057085,5889
5726,4,27,0.057056,5889
5727,14,94,0.057028,5889
5728,8,75,0.056999,5889
5729,5,43,0.056971,5889
5730,10,84,0.056942,5891
5731,9,66,0.056914,5891
5732,11,83,0.056885,5893
5733,5,55,0.056857,5893
5734,8,48,0.056829,5894
5735,9,68,0.056800,5894
5736,14,122,0.056772,5896
5737,10,57,0.056743,5897
5738,7,58,0.056715,5897
5739,7,49,0.056687,5898
5740,6,61,0.056658,5898
5741,9,78,0.056630,5899
5742,8,73,0.056602,5899
5743,11,89,0.056573,5900
5744,10,63,0.056545,5902
5745,6,46,0.056517,5903
5746,7,47,0.056488,5904
5747,12,103,0.056460,5905
5748,5,25,0.056432,5905
5749,6,36,0.056404,5906
5750,2,25,0.056376,5906
5751,2,28,0.056347,5906
5752,14,98,0.056319,5907
5753,2,20,0.056291,5907
5754,5,43,0.056263,5907
5755,8,80,0.056235,5907
5756,4,36,0.056207,5907
5757,10,63,0.056179,5907
5758,12,124,0.056150,5908
5759,3,34,0.056122,5908
5760,4,31,0.056094,5909
5761,7,62,0.056066,5910
5762,9,70,0.056038,5910
5763,4,41,0.056010,5910
5764,7,52,0.055982,5911
5765,7,46,0.055954,5912
5766,10,79,0.055926,5912
5767,5,39,0.055898,5912
5768,4,44,0.055870,5912
5769,10,64,0.055842,5913
5770,2,9,0.055815,5913
5771,2,10,0.055787,5913
5772,4,44,0.055759,5913
5773,16,129,0.055731,5913
5774,10,90,0.055703,5914
5775,13,122,0.055675,5916
5776,16,127,0.055647,5916
5777,1,9,0.055619,5916
5778,8,70,0.055592,5917
5779,9,74,0.055564,5919
5780,0,7,0.055536,5919
5781,6,56,0.055508,5919
5782,6,67,0.055481,5920
5783,11,89,0.055453,5921
5784,11,89,0.055425,5921
5785,6,51,0.055397,5921
5786,9,56,0.055370,5922
5787,12,83,0.055342,5922
5788,13,113,0.055314,5923
5789,12,103,0.055287,5926
5790,5,51,0.055259,5926
5791,8,80,0.055231,5927
5792,2,30,0.055204,5927
5793,17,130,0.055176,5928
5794,3,28,0.055149,5928
5795,16,136,0.055121,5928
5796,6,62,0.055093,5928
5797,6,50,0.055066,5931
5798,15,129,0.055038,5932
5799,11,93,0.055011,5933
5800,1,23,0.054983,5933
5801,8,64,0.054956,5934
5802,8,57,0.054928,5936
5803,4,31,0.054901,5936
5804,9,66,0.054873,5937
5805,8,50,0.054846,5938
5806,3,17,0.054819,5938
5807,2,24,0.054791,5939
5808,7,76,0.054764,5939
5809,8,66,0.054736,5940
5810,3,46,0.054709,5940
5811,13,85,0.054682,5940
5812,8,65,0.054654,5941
5813,3,22,0.054627,5941
5814,18,132,0.054600,5942
5815,4,17,0.054572,5942
5816,4,22,0.054545,5942
5817,12,96,0.054518,5943
5818,10,97,0.054491,5944
5819,12,90,0.054463,5945
5820,17,134,0.054436,5946
5821,14,137,0.054409,5947
5822,18,154,0.054382,5948
5823,15,111,0.054354,5949
5824,7,72,0.054327,5950
5825,12,124,0.054300,5951
5826,10,82,0.054273,5951
5827,19,167,0.054246,5952
5828,6,63,0.054219,5953
5829,11,80,0.054192,5955
5830,13,88,0.054165,5957
5831,9,72,0.054137,5957
5832,6,23,0.054110,5957
5833,15,124,0.054083,5959
5834,6,34,0.054056,5960
5835,3,34,0.054029,5960
5836,4,30,0.054002,5960
5837,4,32,0.053975,5960
5838,8,85,0.053948,5961
5839,12,90,0.053921,5961
5840,15,142,0.053894,5963
5841,11,114,0.053867,5964
5842,4,35,0.053840,5965
5843,11,84,0.053814,5966
5844,7,79,0.053787,5967
5845,8,59,0.053760,5967
5846,8,69,0.053733,5967
5847,2,17,0.053706,5967
5848,8,65,0.053679,5968
5849,11,91,0.053652,5968
5850,10,92,0.053625,5969
5851,3,32,0.053599,5969
5852,10,84,0.053572,5969
5853,8,88,0.053545,5970
5854,6,47,0.053518,5970
5855,5,49,0.053492,5972
5856,6,46,0.053465,5976
5857,15,124,0.053438,5976
5858,7,80,0.053411,5978
5859,8,50,0.053385,5979
5860,16,126,0.053358,5980
5861,2,24,0.053331,5980
5862,4,28,0.053305,5980
5863,10,91,0.053278,5980
5864,9,49,0.053251,5980
5865,7,44,0.053225,5980
5866,5,56,0.053198,5980
5867,3,24,0.053171,5980
5868,7,51,0.053145,5981
5869,8,60,0.053118,5982
5870,12,107,0.053092,5983
5871,13,114,0.053065,5984
5872,9,64,0.053039,5984
5873,12,97,0.053012,5985
5874,4,31,0.052986,5985
5875,10,100,0.052959,5985
5876,16,119,0.052933,5988
5877,4,32,0.052906,5989
5878,9,98,0.052880,5990
5879,3,18,0.052853,5990
5880,5,31,0.052827,5990
5881,6,54,0.052800,5990
5882,8,49,0.052774,5990
5883,15,132,0.052748,5991
5884,10,84,0.052721,5993
5885,7,67,0.052695,5993
5886,13,111,0.052669,5994
5887,12,120,0.052642,5995
5888,10,82,0.052616,5996
5889,2,21,0.052590,5996
5890,7,68,0.052563,5997
5891,7,50,0.052537,5998
5892,5,49,0.052511,6000
5893,16,126,0.052485,6001
5894,2,17,0.052458,6001
5895,18,127,0.052432,6002
5896,12,111,0.052406,6006
5897,12,95,0.052380,6008
5898,8,64,0.052353,6011
5899,1,16,0.052327,6011
5900,8,77,0.052301,6012
5901,5,29,0.052275,6012
5902,5,26,0.052249,6012
5903,3,23,0.052223,6012
5904,14,138,0.052197,6013
5905,4,22,0.052170,6013
5906,4,34,0.052144,6014
5907,14,100,0.052118,6014
5908,14,132,0.052092,6014
5909,10,89,0.052066,6015
5910,8,77,0.052040,6015
5911,13,136,0.052014,6017
5912,16,135,0.051988,6017
5913,11,75,0.051962,6019
5914,9,76,0.051936,6020
5915,15,112,0.051910,6021
5916,8,67,0.051884,6021
5917,8,64,0.051858,6023
5918,6,58,0.051832,6024
5919,7,42,0.051806,6025
5920,5,33,0.051781,6025
5921,11,74,0.051755,6027
5922,15,126,0.051729,6028
5923,8,58,0.051703,6029
5924,12,65,0.051677,6030
5925,7,54,0.051651,6032
5926,8,64,0.051625,6032
5927,9,61,0.051600,6033
5928,14,134,0.051574,6034
5929,18,134,0.051548,6036
5930,14,89,0.051522,6037
5931,5,44,0.051496,6037
5932,16,142,0.051471,6040
5933,5,26,0.051445,6040
5934,9,74,0.051419,6040
5935,16,123,0.051394,6042
5936,9,83,0.051368,6043
5937,10,103,0.051342,6045
5938,4,27,0.051317,6045
5939,12,85,0.051291,6046
5940,6,64,0.051265,6046
5941,19,145,0.051240,6047
5942,7,63,0.051214,6047
5943,10,85,0.051188,6052
5944,14,110,0.051163,6053
5945,8,76,0.051137,6055
5946,12,141,0.051112,6056
5947,8,61,0.051086,6057
5948,12,71,0.051061,6057
5949,5,29,0.051035,6057
5950,1,9,0.051009,6057
5951,4,32,0.050984,6058
5952,1,8,0.050958,6058
5953,12,102,0.050933,6058
5954,6,65,0.050908,6062
5955,5,41,0.050882,6062
5956,4,40,0.050857,6062
5957,12,103,0.050831,6065
5958,8,64,0.050806,6067
5959,10,87,0.050780,6068
5960,13,91,0.050755,6069
5961,12,107,0.050730,6071
5962,16,121,0.050704,6072
5963,8,70,0.050679,6073
5964,10,71,0.050654,6075
5965,13,120,0.050628,6076
5966,1,9,0.050603,6076
5967,16,103,0.050578,6076
5968,6,62,0.050552,6076
5969,5,52,0.050527,6076
5970,8,58,0.050502,6077
5971,16,121,0.050477,6079
5972,13,112,0.050451,6079
5973,10,77,0.050426,6079
5974,4,39,0.050401,6079
5975,18,147,0.050376,6079
5976,1,6,0.050350,6079
5977,0,6,0.050325,6079
5978,8,52,0.050300,6080
5979,5,54,0.050275,6080
5980,8,70,0.050250,6081
5981,7,55,0.050225,6083
5982,20,157,0.050200,6085
5983,8,66,0.050175,6086
5984,14,124,0.050149,6087
5985,3,23,0.050124,6087
5986,10,95,0.050099,6087
5987,16,136,0.050074,6088
5988,12,109,0.050049,6088
5989,1,11,0.050024,6088
5990,5,54,0.049999,6088
5991,5,34,0.049974,6088
5992,11,112,0.049949,6090
5993,12,113,0.049924,6090
5994,8,80,0.049899,6091
5995,8,52,0.049874,6091
5996,11,123,0.049849,6093
5997,5,24,0.049824,6093
5998,9,80,0.049800,6093
5999,8,80,0.049775,6094
6000,8,63,0.049750,6095
6001,8,35,0.049725,6096
6002,7,64,0.049700,6096
6003,12,123,0.049675,6097
6004,14,96,0.049650,6097
6005,9,86,0.049625,6097
6006,13,130,0.049601,6099
6007,9,47,0.049576,6099
6008,5,49,0.049551,6101
6009,4,18,0.049526,6102
6010,13,73,0.049502,6103
6011,18,180,0.049477,6104
6012,2,18,0.049452,6104
6013,1,10,0.049427,6104
6014,5,48,0.049403,6104
6015,10,78,0.049378,6105
6016,10,85,0.049353,6105
6017,10,72,0.049329,6105
6018,6,43,0.049304,6105
6019,10,109,0.049279,6108
6020,6,51,0.049255,6109
6021,5,33,0.049230,6109
6022,11,84,0.049205,6110
6023,4,22,0.049181,6110
6024,10,88,0.049156,6111
6025,6,48,0.049132,6111
6026,10,81,0.049107,6111
6027,13,104,0.049082,6112
6028,9,84,0.049058,6112
6029,10,101,0.049033,6113
6030,10,95,0.049009,6113
6031,12,97,0.048984,6115
6032,8,74,0.048960,6116
6033,16,145,0.048935,6117
6034,21,153,0.048911,6119
6035,8,59,0.048886,6119
6036,13,102,0.048862,6120
6037,7,43,0.048838,6120
6038,9,66,0.048813,6120
6039,8,58,0.048789,6121
6040,8,62,0.048764,6122
6041,7,56,0.048740,6122
6042,8,55,0.048716,6123
6043,3,42,0.048691,6123
6044,17,118,0.048667,6123
6045,10,94,0.048643,6124
6046,10,86,0.048618,6125
6047,14,111,0.048594,6127
6048,6,49,0.048570,6127
6049,4,25,0.048545,6127
6050,10,84,0.048521,6128
6051,11,49,0.048497,6129
6052,8,51,0.048473,6130
6053,11,98,0.048448,6132
6054,8,69,0.048424,6133
6055,5,49,0.048400,6133
6056,13,118,0.048376,6134
6057,7,45,0.048352,6134
6058,7,64,0.048327,6134
6059,13,115,0.048303,6134
6060,10,82,0.048279,6135
6061,11,82,0.048255,6135
6062,10,85,0.048231,6136
6063,12,128,0.048207,6138
6064,5,31,0.048183,6139
6065,14,99,0.048158,6140
6066,16,126,0.048134,6141
6067,13,116,0.048110,6142
6068,9,61,0.048086,6142
6069,12,91,0.048062,6143
6070,0,10,0.048038,6143
6071,3,25,0.048014,6143
6072,5,36,0.047990,6144
6073,6,50,0.047966,6145
6074,8,62,0.047942,6146
6075,3,14,0.047918,6146
6076,9,59,0.047894,6147
6077,5,51,0.047870,6147
6078,12,72,0.047846,6148
6079,7,77,0.047822,6148
6080,14,118,0.047799,6150
6081,9,97,0.047775,6150
6082,6,60,0.047751,6150
6083,10,86,0.047727,6151
6084,16,156,0.047703,6153
6085,11,99,0.047679,6156
6086,6,44,0.047655,6156
6087,0,8,0.047631,6156
6088,9,76,0.047608,6157
6089,9,57,0.047584,6157
6090,6,50,0.047560,6158
6091,18,131,0.047536,6158
6092,14,104,0.047513,6159
6093,10,87,0.047489,6159
6094,8,45,0.047465,6160
6095,9,76,0.047441,6161
6096,12,98,0.047418,6162
6097,7,70,0.047394,6162
6098,8,63,0.047370,6163
6099,11,90,0.047346,6163
6100,2,15,0.047323,6163
6101,10,63,0.047299,6164
6102,10,54,0.047276,6164
6103,8,86,0.047252,6164
6104,5,38,0.047228,6165
6105,9,83,0.047205,6165
6106,5,56,0.047181,6165
6107,4,21,0.047157,6165
6108,12,100,0.047134,6168
6109,18,126,0.047110,6170
6110,5,33,0.047087,6170
6111,8,47,0.047063,6171
6112,13,109,0.047040,6172
6113,7,71,0.047016,6173
6114,12,108,0.046993,6175
6115,14,77,0.046969,6178
6116,6,49,0.046946,6179
6117,13,121,0.046922,6180
6118,4,40,0.046899,6180
6119,4,50,0.046875,6180
6120,4,32,0.046852,6181
6121,9,62,0.046828,6185
6122,5,37,0.046805,6185
6123,7,55,0.046782,6186
6124,13,77,0.046758,6187
6125,1,8,0.046735,6187
6126,12,121,0.046711,6189
6127,10,60,0.046688,6190
6128,12,99,0.046665,6191
6129,3,20,0.046641,6191
6130,11,96,0.046618,6192
6131,14,102,0.046595,6192
6132,13,94,0.046571,6192
6133,16,133,0.046548,6193
6134,8,66,0.046525,6193
6135,9,51,0.046502,6194
6136,7,74,0.046478,6195
6137,2,21,0.046455,6195
6138,6,55,0.046432,6196
6139,7,58,0.046409,6196
6140,9,57,0.046386,6197
6141,10,79,0.046362,6197
6142,11,91,0.046339,6198
6143,6,38,0.046316,6199
6144,1,20,0.046293,6199
6145,6,45,0.046270,6200
6146,8,66,0.046247,6200
6147,14,109,0.046223,6200
6148,11,96,0.046200,6201
6149,9,62,0.046177,6202
6150,8,52,0.046154,6203
6151,7,53,0.046131,6203
6152,4,25,0.046108,6203
6153,13,89,0.046085,6204
6154,8,52,0.046062,6204
6155,9,50,0.046039,6204
6156,9,66,0.046016,6204
6157,5,31,0.045993,6204
6158,19,148,0.045970,6208
6159,6,54,0.045947,6208
6160,2,21,0.045924,6208
6161,4,30,0.045901,6208
6162,6,41,0.045878,6209
6163,9,69,0.045855,6210
6164,1,10,0.045832,6210
6165,16,140,0.045809,6210
6166,11,104,0.045786,6211
6167,4,37,0.045763,6211
6168,11,103,0.045740,6211
6169,5,36,0.045718,6211
6170,5,26,0.045695,6211
6171,7,45,0.045672,6211
6172,7,54,0.045649,6211
6173,10,68,0.045626,6212
6174,9,73,0.045603,6213
6175,12,101,0.045581,6213
6176,6,49,0.045558,6213
6177,5,47,0.045535,6214
6178,9,76,0.045512,6214
6179,9,75,0.045490,6215
6180,16,107,0.045467,6216
6181,8,53,0.045444,6216
6182,15,103,0.045421,6217
6183,8,41,0.045399,6218
6184,4,28,0.045376,6218
6185,9,84,0.045353,6219
6186,10,79,0.045331,6220
6187,13,92,0.045308,6221
6188,6,48,0.045285,6222
6189,6,54,0.045263,6222
6190,11,81,0.045240,6223
6191,11,107,0.045217,6223
6192,13,108,0.045195,6224
6193,4,35,0.045172,6224
6194,5,46,0.045150,6224
6195,15,96,0.045127,6225
6196,14,111,0.045104,6226
6197,16,159,0.045082,6227
6198,6,45,0.045059,6228
6199,5,47,0.045037,6229
6200,14,103,0.045014,6229
6201,1,10,0.044992,6229
6202,7,48,0.044969,6230
6203,4,34,0.044947,6230
6204,6,57,0.044924,6231
6205,4,20,0.044902,6232
6206,14,89,0.044879,6232
6207,14,127,0.044857,6233
6208,5,37,0.044835,6234
6209,5,40,0.044812,6234
6210,9,89,0.044790,6235
6211,11,85,0.044767,6236
6212,14,124,0.044745,6239
6213,9,78,0.044723,6239
6214,3,24,0.044700,6239
6215,17,136,0.044678,6239
6216,8,52,0.044656,6240
6217,6,40,0.044633,6240
6218,7,61,0.044611,6241
6219,12,106,0.044589,6241
6220,11,98,0.044566,6242
6221,14,110,0.044544,6244
6222,6,42,0.044522,6245
6223,4,20,0.044499,6245
6224,8,63,0.044477,6246
6225,15,119,0.044455,6247
6226,10,84,0.044433,6247
6227,18,202,0.044411,6251
6228,9,62,0.044388,6253
6229,12,78,0.044366,6255
6230,20,186,0.044344,6255
6231,10,65,0.044322,6257
6232,7,53,0.044300,6257
6233,4,23,0.044277,6257
6234,12,87,0.044255,6258
6235,10,90,0.044233,6259
6236,2,20,0.044211,6259
6237,12,117,0.044189,6260
6238,5,35,0.044167,6260
6239,10,76,0.044145,6260
6240,16,130,0.044123,6261
6241,13,86,0.044101,6262
6242,3,20,0.044079,6262
6243,16,137,0.044057,6264
6244,10,60,0.044035,6265
6245,8,93,0.044013,6266
6246,7,49,0.043991,6267
6247,11,78,0.043969,6269
6248,10,85,0.043947,6270
6249,16,127,0.043925,6272
6250,6,49,0.043903,6273
6251,11,92,0.043881,6273
6252,6,47,0.043859,6273
6253,16,151,0.043837,6274
6254,10,84,0.043815,6275
6255,7,68,0.043793,6275
6256,15,127,0.043771,6276
6257,7,52,0.043749,6276
6258,14,132,0.043727,6277
6259,26,166,0.043705,6280
6260,6,48,0.043684,6281
6261,14,81,0.043662,6283
6262,3,46,0.043640,6283
6263,11,66,0.043618,6284
6264,6,54,0.043596,6285
6265,6,49,0.043574,6285
6266,5,49,0.043553,6285
6267,2,23,0.043531,6285
6268,15,120,0.043509,6286
6269,0,6,0.043487,6286
6270,8,36,0.043466,6287
6271,7,55,0.043444,6288
6272,11,78,0.043422,6289
6273,2,19,0.043400,6289
6274,10,88,0.043379,6290
6275,2,13,0.043357,6290
6276,4,41,0.043335,6290
6277,17,158,0.043314,6294
6278,5,52,0.043292,6295
6279,8,51,0.043270,6295
6280,6,61,0.043249,6295
6281,16,152,0.043227,6297
6282,4,25,0.043206,6297
6283,5,48,0.043184,6297
6284,8,93,0.043162,6300
6285,12,94,0.043141,6300
6286,9,72,0.043119,6300
6287,9,83,0.043098,6300
6288,8,73,0.043076,6301
6289,5,58,0.043055,6302
6290,15,104,0.043033,6304
6291,10,90,0.043012,6304
6292,6,50,0.042990,6304
6293,7,56,0.042969,6304
6294,5,45,0.042947,6304
6295,7,53,0.042926,6304
6296,7,55,0.042904,6304
6297,17,116,0.042883,6305
6298,16,135,0.042861,6306
6299,1,10,0.042840,6306
6300,13,120,0.042818,6306
6301,7,76,0.042797,6307
6302,6,51,0.042776,6307
6303,8,65,0.042754,6308
6304,5,38,0.042733,6308
6305,10,68,0.042711,6308
6306,8,50,0.042690,6309
6307,0,7,0.042669,6309
6308,19,190,0.042647,6310
6309,9,78,0.042626,6311
6310,8,48,0.042605,6312
6311,14,98,0.042583,6313
6312,12,120,0.042562,6313
6313,8,86,0.042541,6314
6314,5,48,0.042520,6314
6315,6,47,0.042498,6314
6316,3,21,0.042477,6314
6317,6,36,0.042456,6314
6318,1,16,0.042435,6315
6319,6,47,0.042413,6317
6320,2,25,0.042392,6317
6321,9,73,0.042371,6317
6322,16,149,0.042350,6318
6323,3,23,0.042329,6318
6324,11,116,0.042308,6318
6325,6,47,0.042286,6319
6326,9,55,0.042265,6319
6327,14,100,0.042244,6322
6328,12,98,0.042223,6325
6329,7,59,0.042202,6325
6330,17,129,0.042181,6326
6331,6,37,0.042160,6326
6332,4,24,0.042139,6326
6333,7,76,0.042118,6326
6334,8,83,0.042096,6326
6335,8,84,0.042075,6326
6336,13,110,0.042054,6329
6337,5,47,0.042033,6329
6338,7,39,0.042012,6330
6339,12,84,0.041991,6331
6340,3,28,0.041970,6331
6341,12,96,0.041949,6331
6342,4,39,0.041928,6331
6343,5,40,0.041907,6331
6344,12,113,0.041886,6332
6345,6,43,0.041865,6332
6346,15,104,0.041845,6333
6347,4,33,0.041824,6333
6348,13,76,0.041803,6333
6349,15,116,0.041782,6335
6350,11,106,0.041761,6337
6351,12,111,0.041740,6338
6352,8,81,0.041719,6340
6353,5,36,0.041698,6340
6354,6,42,0.041677,6341
6355,6,46,0.041657,6342
6356,7,57,0.041636,6343
6357,12,66,0.041615,6343
6358,2,22,0.041594,6343
6359,15,78,0.041573,6344
6360,12,81,0.041553,6344
6361,10,63,0.041532,6345
6362,6,50,0.041511,6345
6363,4,34,0.041490,6345
6364,9,76,0.041470,6345
6365,6,53,0.041449,6346
6366,8,64,0.041428,6347
6367,11,69,0.041407,6347
6368,4,39,0.041387,6347
6369,11,72,0.041366,6348
6370,1,14,0.041345,6348
6371,6,34,0.041325,6348
6372,16,134,0.041304,6349
6373,4,42,0.041283,6349
6374,5,34,0.041263,6349
6375,14,85,0.041242,6350
6376,12,80,0.041221,6350
6377,8,64,0.041201,6350
6378,9,71,0.041180,6351
6379,4,22,0.041160,6351
6380,8,59,0.041139,6351
6381,0,5,0.041118,6351
6382,15,120,0.041098,6352
6383,2,36,0.041077,6352
6384,3,23,0.041057,6352
6385,2,20,0.041036,6352
6386,6,53,0.041016,6353
6387,10,80,0.040995,6354
6388,10,74,0.040975,6354
6389,10,61,0.040954,6357
6390,3,21,0.040934,6357
6391,5,58,0.040913,6358
6392,10,94,0.040893,6360
6393,6,35,0.040872,6360
6394,4,21,0.040852,6360
6395,6,46,0.040832,6361
6396,15,120,0.040811,6362
6397,20,201,0.040791,6364
6398,9,72,0.040770,6365
6399,10,78,0.040750,6365
6400,9,81,0.040730,6366
6401,9,95,0.040709,6368
6402,15,117,0.040689,6369
6403,5,45,0.040669,6369
6404,4,26,0.040648,6369
6405,13,83,0.040628,6370
6406,1,7,0.040608,6370
6407,8,48,0.040587,6372
6408,14,134,0.040567,6373
6409,10,74,0.040547,6373
6410,9,66,0.040526,6374
6411,11,77,0.040506,6374
6412,11,101,0.040486,6376
6413,6,51,0.040466,6376
6414,12,86,0.040445,6376
6415,6,43,0.040425,6376
6416,12,111,0.040405,6377
6417,17,106,0.040385,6378
6418,5,36,0.040365,6379
6419,1,9,0.040344,6379
6420,9,68,0.040324,6379
6421,11,89,0.040304,6381
6422,14,102,0.040284,6382
6423,4,13,0.040264,6382
6424,5,43,0.040244,6382
6425,14,130,0.040224,6382
6426,15,118,0.040203,6386
6427,2,11,0.040183,6386
6428,0,11,0.040163,6386
6429,7,61,0.040143,6387
6430,19,143,0.040123,6388
6431,7,60,0.040103,6389
6432,17,130,0.040083,6389
6433,17,141,0.040063,6390
6434,14,104,0.040043,6390
6435,6,47,0.040023,6390
6436,7,37,0.040003,6393
6437,3,21,0.039983,6393
6438,14,117,0.039963,6393
6439,8,77,0.039943,6393
6440,12,93,0.039923,6393
6441,5,67,0.039903,6395
6442,8,80,0.039883,6396
6443,12,97,0.039863,6397
6444,14,102,0.039843,6398
6445,18,147,0.039823,6400
6446,12,105,0.039803,6400
6447,8,70,0.039783,6401
6448,8,58,0.039763,6401
6449,19,139,0.039744,6402
6450,5,60,0.039724,6402
6451,18,140,0.039704,6403
6452,14,104,0.039684,6404
6453,4,32,0.039664,6404
6454,14,116,0.039644,6405
6455,6,53,0.039625,6406
6456,13,111,0.039605,6407
6457,2,21,0.039585,6407
6458,10,100,0.039565,6407
6459,14,105,0.039545,6407
6460,1,5,0.039526,6407
6461,10,67,0.039506,6408
6462,10,91,0.039486,6409
6463,15,124,0.039466,6411
6464,12,106,0.039447,6412
6465,4,21,0.039427,6413
6466,11,89,0.039407,6413
6467,9,91,0.039387,6413
6468,15,138,0.039368,6415
6469,8,64,0.039348,6417
6470,12,131,0.039328,6417
6471,8,63,0.039309,6417
6472,7,31,0.039289,6419
6473,4,33,0.039269,6419
6474,7,56,0.039250,6420
6475,13,90,0.039230,6420
6476,13,85,0.039211,6421
6477,4,21,0.039191,6421
6478,8,56,0.039171,6423
6479,9,76,0.039152,6424
6480,16,148,0.039132,6427
6481,1,8,0.039113,6427
6482,8,81,0.039093,6429
6483,11,87,0.039074,6429
6484,9,77,0.039054,6429
6485,18,147,0.039034,6431
6486,4,26,0.039015,6431
6487,15,106,0.038995,6432
6488,8,70,0.038976,6432
6489,9,93,0.038956,6434
6490,10,99,0.038937,6435
6491,7,65,0.038917,6436
6492,5,45,0.038898,6438
6493,9,59,0.038879,6438
6494,11,112,0.038859,6442
6495,4,28,0.038840,6442
6496,13,116,0.038820,6445
6497,8,66,0.038801,6446
6498,9,64,0.038781,6447
6499,5,51,0.038762,6447
6500,8,63,0.038743,6448
6501,8,47,0.038723,6448
6502,16,137,0.038704,6451
6503,17,139,0.038685,6452
6504,13,82,0.038665,6452
6505,5,43,0.038646,6452
6506,13,109,0.038627,6452
6507,15,118,0.038607,6454
6508,4,28,0.038588,6455
6509,5,42,0.038569,6456
6510,13,130,0.038549,6457
6511,12,114,0.038530,6460
6512,11,113,0.038511,6461
6513,8,53,0.038492,6462
6514,7,48,0.038472,6462
6515,16,108,0.038453,6462
6516,11,94,0.038434,6462
6517,15,110,0.038415,6463
6518,14,88,0.038395,6464
6519,13,114,0.038376,6464
6520,5,38,0.038357,6465
6521,16,124,0.038338,6467
6522,7,40,0.038319,6469
6523,15,119,0.038300,6470
6524,8,47,0.038280,6470
6525,24,144,0.038261,6472
6526,13,92,0.038242,6473
6527,8,56,0.038223,6474
6528,7,58,0.038204,6474
6529,6,53,0.038185,6475
6530,6,43,0.038166,6475
6531,8,52,0.038147,6476
6532,14,100,0.038128,6477
6533,11,77,0.038109,6478
6534,6,44,0.038089,6478
6535,10,94,0.038070,6479
6536,4,20,0.038051,6479
6537,6,46,0.038032,6479
6538,8,53,0.038013,6479
6539,15,121,0.037994,6479
6540,4,32,0.037975,6479
6541,12,97,0.037956,6480
6542,16,124,0.037937,6480
6543,10,55,0.037918,6481
6544,9,86,0.037899,6482
6545,6,61,0.037881,6482
6546,5,28,0.037862,6482
6547,10,72,0.037843,6483
6548,14,106,0.037824,6484
6549,14,133,0.037805,6484
6550,12,84,0.037786,6485
6551,10,65,0.037767,6486
6552,10,68,0.037748,6488
6553,18,141,0.037729,6489
6554,13,105,0.037710,6491
6555,16,123,0.037692,6492
6556,9,60,0.037673,6492
6557,2,24,0.037654,6493
6558,8,67,0.037635,6495
6559,10,96,0.037616,6495
6560,13,89,0.037597,6497
6561,12,100,0.037579,6498
6562,12,106,0.037560,6501
6563,7,55,0.037541,6503
6564,7,61,0.037522,6503
6565,10,67,0.037504,6504
6566,13,124,0.037485,6504
6567,4,30,0.037466,6504
6568,4,33,0.037447,6504
6569,3,22,0.037429,6504
6570,7,59,0.037410,6505
6571,11,104,0.037391,6507
6572,16,118,0.037372,6508
6573,11,53,0.037354,6509
6574,18,176,0.037335,6510
6575,14,90,0.037316,6511
6576,4,38,0.037298,6512
6577,7,57,0.037279,6512
6578,20,188,0.037260,6513
6579,11,84,0.037242,6513
6580,3,18,0.037223,6513
6581,10,77,0.037205,6514
6582,18,107,0.037186,6518
6583,4,36,0.037167,6518
6584,9,63,0.037149,6519
6585,14,110,0.037130,6521
6586,7,47,0.037112,6521
6587,7,41,0.037093,6522
6588,7,57,0.037075,6525
6589,9,74,0.037056,6525
6590,8,56,0.037038,6528
6591,3,34,0.037019,6528
6592,2,9,0.037000,6528
6593,1,8,0.036982,6528
6594,10,68,0.036963,6528
6595,13,83,0.036945,6528
6596,7,59,0.036927,6529
6597,8,61,0.036908,6529
6598,4,35,0.036890,6530
6599,1,8,0.036871,6530
6600,13,109,0.036853,6530
6601,3,10,0.036834,6530
6602,2,11,0.036816,6530
6603,8,66,0.036797,6533
6604,15,116,0.036779,6533
6605,9,66,0.036761,6533
6606,13,101,0.036742,6534
6607,14,117,0.036724,6536
6608,7,53,0.036706,6537
6609,8,66,0.036687,6537
6610,14,113,0.036669,6539
6611,8,61,0.036651,6539
6612,7,48,0.036632,6539
6613,13,94,0.036614,6540
6614,4,30,0.036596,6541
6615,6,50,0.036577,6541
6616,15,110,0.036559,6542
6617,4,25,0.036541,6543
6618,10,69,0.036522,6543
6619,9,73,0.036504,6543
6620,5,39,0.036486,6543
6621,8,47,0.036468,6543
6622,17,131,0.036449,6543
6623,5,57,0.036431,6544
6624,5,30,0.036413,6544
6625,12,76,0.036395,6546
6626,3,29,0.036377,6546
6627,6,51,0.036358,6547
6628,12,116,0.036340,6547
6629,14,136,0.036322,6549
6630,2,19,0.036304,6550
6631,3,21,0.036286,6550
6632,6,51,0.036268,6550
6633,6,59,0.036250,6550
6634,6,52,0.036231,6550
6635,3,21,0.036213,6550
6636,11,92,0.036195,6552
6637,10,93,0.036177,6552
6638,11,76,0.036159,6553
6639,12,106,0.036141,6554
6640,7,72,0.036123,6554
6641,11,107,0.036105,6554
6642,18,189,0.036087,6555
6643,24,172,0.036069,6559
6644,16,122,0.036051,6560
6645,4,23,0.036033,6560
6646,3,36,0.036015,6560
6647,10,82,0.035997,6560
6648,7,59,0.035979,6560
6649,1,9,0.035961,6560
6650,8,64,0.035943,6561
6651,9,77,0.035925,6562
6652,4,40,0.035907,6562
6653,13,119,0.035889,6564
6654,21,189,0.035871,6566
6655,4,26,0.035853,6566
6656,2,13,0.035835,6566
6657,9,55,0.035817,6566
6658,4,19,0.035799,6567
6659,4,41,0.035781,6567
6660,12,115,0.035763,6567
6661,19,142,0.035745,6569
6662,7,70,0.035728,6570
6663,8,56,0.035710,6571
6664,11,84,0.035692,6571
6665,4,20,0.035674,6572
6666,2,12,0.035656,6572
6667,2,18,0.035638,6572
6668,12,103,0.035621,6573
6669,12,93,0.035603,6574
6670,4,35,0.035585,6574
6671,4,20,0.035567,6574
6672,20,149,0.035549,6574
6673,9,86,0.035532,6574
6674,9,62,0.035514,6578
6675,21,180,0.035496,6581
6676,7,37,0.035478,6581
6677,3,29,0.035461,6581
6678,14,124,0.035443,6582
6679,1,9,0.035425,6582
6680,18,138,0.035407,6583
6681,8,75,0.035390,6585
6682,8,65,0.035372,6586
6683,2,19,0.035354,6586
6684,10,72,0.035337,6587
6685,5,38,0.035319,6587
6686,6,32,0.035301,6588
6687,6,30,0.035284,6588
6688,6,31,0.035266,6589
6689,8,54,0.035248,6590
6690,3,12,0.035231,6591
6691,20,144,0.035213,6592
6692,12,96,0.035196,6592
6693,8,74,0.035178,6593
6694,14,117,0.035160,6594
6695,12,94,0.035143,6594
6696,9,84,0.035125,6595
6697,6,54,0.035108,6595
6698,6,48,0.035090,6595
6699,10,86,0.035073,6596
6700,5,39,0.035055,6597
6701,15,109,0.035037,6598
6702,1,13,0.035020,6598
6703,6,49,0.035002,6598
6704,7,51,0.034985,6598
6705,0,5,0.034967,6598
6706,7,42,0.034950,6599
6707,6,44,0.034932,6599
6708,2,19,0.034915,6599
6709,9,71,0.034898,6599
6710,16,105,0.034880,6602
6711,13,127,0.034863,6603
6712,3,27,0.034845,6603
6713,4,44,0.034828,6603
6714,4,40,0.034810,6603
6715,14,112,0.034793,6603
6716,3,25,0.034776,6603
6717,6,45,0.034758,6604
6718,21,176,0.034741,6604
6719,14,116,0.034723,6604
6720,9,63,0.034706,6604
6721,5,37,0.034689,6604
6722,5,42,0.034671,6605
6723,0,10,0.034654,6605
6724,16,126,0.034637,6606
6725,12,121,0.034619,6606
6726,12,96,0.034602,6606
6727,11,91,0.034585,6607
6728,12,93,0.034568,6608
6729,13,99,0.034550,6608
6730,8,64,0.034533,6609
6731,11,90,0.034516,6609
6732,11,108,0.034498,6609
6733,10,76,0.034481,6610
6734,8,67,0.034464,6610
6735,1,8,0.034447,6610
6736,1,13,0.034429,6610
6737,8,50,0.034412,6611
6738,4,30,0.034395,6611
6739,6,39,0.034378,6611
6740,13,107,0.034361,6612
6741,16,137,0.034343,6613
6742,1,23,0.034326,6613
6743,15,115,0.034309,6614
6744,8,54,0.034292,6614
6745,4,28,0.034275,6615
6746,10,94,0.034258,6616
6747,7,44,0.034241,6616
6748,6,52,0.034223,6616
6749,2,23,0.034206,6616
6750,9,47,0.034189,6616
6751,7,59,0.034172,6617
6752,11,93,0.034155,6619
6753,2,18,0.034138,6619
6754,5,48,0.034121,6619
6755,11,65,0.034104,6620
6756,8,62,0.034087,6621
6757,25,177,0.034070,6625
6758,6,38,0.034053,6625
6759,10,84,0.034036,6625
6760,9,66,0.034019,6625
6761,12,99,0.034002,6625
6762,7,54,0.033985,6625
6763,11,91,0.033968,6625
6764,4,49,0.033951,6625
6765,4,23,0.033934,6626
6766,10,76,0.033917,6628
6767,10,62,0.033900,6629
6768,8,75,0.033883,6630
6769,10,92,0.033866,6632
6770,16,130,0.033849,6632
6771,10,73,0.033832,6632
6772,3,22,0.033815,6632
6773,11,95,0.033798,6633
6774,9,62,0.033781,6634
6775,7,50,0.033764,6634
6776,6,51,0.033748,6634
6777,14,128,0.033731,6635
6778,7,47,0.033714,6635
6779,12,120,0.033697,6636
6780,15,121,0.033680,6637
6781,12,111,0.033663,6638
6782,16,127,0.033646,6640
6783,3,15,0.033630,6640
6784,6,43,0.033613,6640
6785,0,8,0.033596,6640
6786,13,109,0.033579,6640
6787,12,97,0.033562,6641
6788,6,37,0.033546,6642
6789,13,112,0.033529,6643
6790,13,114,0.033512,6645
6791,8,70,0.033495,6645
6792,14,83,0.033479,6646
6793,6,45,0.033462,6646
6794,14,120,0.033445,6646
6795,10,82,0.033428,6646
6796,11,87,0.033412,6646
6797,6,83,0.033395,6646
6798,2,17,0.033378,6646
6799,7,57,0.033362,6646
6800,10,89,0.033345,6646
6801,12,85,0.033328,6647
6802,7,57,0.033312,6647
6803,6,49,0.033295,6648
6804,3,34,0.033278,6648
6805,12,84,0.033262,6648
6806,10,68,0.033245,6648
6807,15,94,0.033228,6650
6808,2,17,0.033212,6650
6809,14,130,0.033195,6651
6810,15,120,0.033179,6651
6811,9,86,0.033162,6652
6812,12,103,0.033145,6653
6813,5,28,0.033129,6654
6814,7,82,0.033112,6655
6815,9,63,0.033096,6655
6816,8,53,0.033079,6656
6817,1,10,0.033063,6656
6818,8,62,0.033046,6657
6819,13,96,0.033030,6657
6820,12,93,0.033013,6658
6821,17,123,0.032997,6660
6822,11,95,0.032980,6660
6823,10,112,0.032964,6662
6824,4,27,0.032947,6663
6825,3,15,0.032931,6663
6826,3,41,0.032914,6663
6827,6,35,0.032898,6664
6828,16,100,0.032881,6665
6829,6,54,0.032865,6666
6830,13,115,0.032848,6669
6831,10,93,0.032832,6670
6832,6,35,0.032816,6670
6833,12,93,0.032799,6670
6834,5,36,0.032783,6670
6835,13,110,0.032766,6671
6836,8,53,0.032750,6671
6837,2,7,0.032734,6671
6838,8,59,0.032717,6672
6839,8,91,0.032701,6673
6840,12,96,0.032684,6674
6841,3,17,0.032668,6674
6842,13,106,0.032652,6675
6843,4,28,0.032635,6675
6844,7,59,0.032619,6676
6845,16,112,0.032603,6677
6846,12,86,0.032587,6678
6847,13,113,0.032570,6681
6848,10,85,0.032554,6682
6849,15,98,0.032538,6683
6850,11,70,0.032521,6685
6851,10,82,0.032505,6685
6852,12,81,0.032489,6688
6853,13,97,0.032473,6689
6854,9,70,0.032456,6690
6855,6,57,0.032440,6690
6856,8,60,0.032424,6691
6857,10,61,0.032408,6691
6858,12,88,0.032392,6692
6859,10,77,0.032375,6692
6860,7,46,0.032359,6693
6861,13,100,0.032343,6694
6862,20,159,0.032327,6695
6863,12,104,0.032311,6696
6864,17,122,0.032295,6698
6865,9,76,0.032278,6699
6866,5,37,0.032262,6699
6867,4,39,0.032246,6700
6868,15,123,0.032230,6702
6869,10,97,0.032214,6703
6870,4,33,0.032198,6703
6871,13,103,0.032182,6704
6872,8,41,0.032166,6704
6873,11,66,0.032149,6705
6874,9,63,0.032133,6707
6875,6,38,0.032117,6707
6876,12,80,0.032101,6708
6877,10,98,0.032085,6709
6878,9,57,0.032069,6710
6879,4,26,0.032053,6710
6880,14,113,0.032037,6711
6881,2,13,0.032021,6711
6882,4,25,0.032005,6711
6883,15,121,0.031989,6713
6884,15,108,0.031973,6714
6885,16,138,0.031957,6715
6886,14,108,0.031941,6716
6887,6,43,0.031925,6717
6888,12,96,0.031909,6718
6889,5,46,0.031893,6719
6890,12,93,0.031877,6720
6891,7,44,0.031861,6720
6892,7,61,0.031845,6720
6893,9,79,0.031829,6721
6894,6,53,0.031814,6722
6895,9,70,0.031798,6724
6896,18,141,0.031782,6726
6897,10,74,0.031766,6727
6898,8,51,0.031750,6727
6899,5,62,0.031734,6728
6900,15,90,0.031718,6730
6901,16,111,0.031702,6731
6902,11,74,0.031687,6732
6903,4,27,0.031671,6732
6904,7,58,0.031655,6733
6905,13,105,0.031639,6733
6906,12,99,0.031623,6734
6907,20,150,0.031607,6735
6908,11,99,0.031592,6735
6909,9,70,0.031576,6735
6910,16,121,0.031560,6735
6911,13,107,0.031544,6735
6912,11,108,0.031528,6736
6913,13,111,0.031513,6736
6914,13,68,0.031497,6736
6915,3,26,0.031481,6736
6916,17,124,0.031465,6738
6917,15,88,0.031450,6739
6918,3,20,0.031434,6739
6919,11,109,0.031418,6740
6920,10,59,0.031403,6741
6921,8,83,0.031387,6741
6922,5,45,0.031371,6741
6923,19,157,0.031355,6742
6924,20,138,0.031340,6742
6925,13,81,0.031324,6742
6926,14,108,0.031308,6743
6927,8,66,0.031293,6743
6928,14,141,0.031277,6745
6929,13,123,0.031262,6748
6930,4,26,0.031246,6748
6931,20,164,0.031230,6750
6932,9,54,0.031215,6751
6933,9,71,0.031199,6751
6934,10,93,0.031183,6751
6935,15,113,0.031168,6752
6936,10,92,0.031152,6752
6937,11,107,0.031137,6753
6938,2,18,0.031121,6753
6939,16,127,0.031106,6754
6940,8,72,0.031090,6755
6941,8,50,0.031074,6756
6942,10,78,0.031059,6757
6943,18,173,0.031043,6758
6944,10,62,0.031028,6759
6945,19,141,0.031012,6760
6946,8,37,0.030997,6760
6947,1,16,0.030981,6760
6948,10,105,0.030966,6760
6949,12,87,0.030950,6761
6950,14,100,0.030935,6762
6951,13,103,0.030919,6763
6952,5,37,0.030904,6763
6953,10,51,0.030889,6764
6954,16,152,0.030873,6765
6955,19,135,0.030858,6766
6956,8,74,0.030842,6767
6957,4,35,0.030827,6767
6958,9,66,0.030811,6767
6959,11,54,0.030796,6767
6960,15,106,0.030781,6768
6961,1,9,0.030765,6768
6962,13,113,0.030750,6769
6963,17,137,0.030734,6770
6964,8,53,0.030719,6771
6965,9,69,0.030704,6772
6966,4,36,0.030688,6772
6967,8,66,0.030673,6775
6968,6,42,0.030658,6775
6969,11,70,0.030642,6776
6970,6,60,0.030627,6777
6971,10,82,0.030612,6778
6972,3,26,0.030596,6778
6973,7,52,0.030581,6778
6974,16,128,0.030566,6778
6975,9,66,0.030551,6778
6976,12,84,0.030535,6779
6977,8,67,0.030520,6779
6978,13,91,0.030505,6780
6979,10,84,0.030490,6781
6980,13,123,0.030474,6782
6981,9,67,0.030459,6782
6982,7,83,0.030444,6785
6983,1,8,0.030429,6785
6984,4,29,0.030413,6785
6985,9,96,0.030398,6785
6986,2,16,0.030383,6785
6987,14,109,0.030368,6786
6988,10,82,0.030353,6786
6989,7,57,0.030337,6787
6990,15,133,0.030322,6790
6991,14,130,0.030307,6790
6992,11,60,0.030292,6791
6993,15,154,0.030277,6793
6994,14,88,0.030262,6794
6995,6,27,0.030247,6794
6996,2,14,0.030231,6794
6997,11,79,0.030216,6795
6998,12,98,0.030201,6797
6999,10,100,0.030186,6797
7000,10,70,0.030171,6797
7001,19,135,0.030156,6799
7002,12,97,0.030141,6800
7003,11,72,0.030126,6801
7004,17,177,0.030111,6801
7005,19,127,0.030096,6803
7006,7,64,0.030081,6804
7007,13,103,0.030066,6804
7008,7,79,0.030050,6804
7009,10,71,0.030035,6805
7010,16,107,0.030020,6807
7011,10,67,0.030005,6808
7012,13,78,0.029990,6808
7013,9,63,0.029975,6808
7014,9,84,0.029960,6810
7015,13,98,0.029945,6811
7016,13,99,0.029930,6812
7017,6,35,0.029916,6813
7018,2,13,0.029901,6813
7019,10,79,0.029886,6814
7020,15,117,0.029871,6815
7021,14,97,0.029856,6816
7022,9,89,0.029841,6816
7023,10,93,0.029826,6817
7024,5,46,0.029811,6817
7025,13,111,0.029796,6818
7026,2,20,0.029781,6818
7027,13,74,0.029766,6819
7028,14,98,0.029751,6821
7029,11,65,0.029737,6822
7030,0,5,0.029722,6822
7031,5,48,0.029707,6822
7032,13,80,0.029692,6823
7033,14,110,0.029677,6824
7034,17,139,0.029662,6826
7035,10,83,0.029647,6827
7036,14,97,0.029633,6827
7037,17,166,0.029618,6829
7038,15,129,0.029603,6830
7039,6,43,0.029588,6830
7040,8,67,0.029573,6830
7041,16,94,0.029559,6830
7042,4,27,0.029544,6830
7043,7,46,0.029529,6830
7044,11,110,0.029514,6831
7045,5,37,0.029500,6832
7046,6,69,0.029485,6832
7047,10,67,0.029470,6833
7048,22,148,0.029455,6835
7049,11,108,0.029441,6837
7050,6,43,0.029426,6837
7051,14,103,0.029411,6837
7052,19,150,0.029396,6838
7053,22,201,0.029382,6839
7054,15,133,0.029367,6840
7055,17,121,0.029352,6840
7056,11,79,0.029338,6841
7057,9,50,0.029323,6841
7058,6,50,0.029308,6841
7059,22,180,0.029294,6842
7060,8,62,0.029279,6842
7061,13,117,0.029264,6843
7062,10,74,0.029250,6844
7063,21,204,0.029235,6846
7064,11,85,0.029221,6848
7065,5,51,0.029206,6848
7066,6,41,0.029191,6849
7067,2,7,0.029177,6849
7068,4,30,0.029162,6849
7069,9,76,0.029148,6849
7070,10,70,0.029133,6849
7071,11,91,0.029118,6850
7072,8,64,0.029104,6851
7073,5,47,0.029089,6851
7074,9,88,0.029075,6851
7075,15,121,0.029060,6851
7076,13,105,0.029046,6851
7077,9,70,0.029031,6852
7078,23,191,0.029017,6853
7079,4,30,0.029002,6853
7080,10,88,0.028988,6853
7081,11,112,0.028973,6854
7082,8,43,0.028959,6854
7083,3,30,0.028944,6854
7084,15,110,0.028930,6856
7085,4,33,0.028915,6856
7086,7,65,0.028901,6856
7087,15,120,0.028886,6857
7088,10,75,0.028872,6857
7089,11,93,0.028857,6857
7090,4,23,0.028843,6858
7091,8,76,0.028829,6858
7092,10,54,0.028814,6858
7093,10,87,0.028800,6860
7094,17,132,0.028785,6861
7095,12,117,0.028771,6862
7096,4,32,0.028757,6863
7097,8,71,0.028742,6863
7098,27,237,0.028728,6864
7099,11,84,0.028714,6864
7100,12,101,0.028699,6864
7101,4,40,0.028685,6865
7102,4,23,0.028670,6865
7103,11,109,0.028656,6865
7104,22,146,0.028642,6866
7105,18,160,0.028627,6866
7106,10,82,0.028613,6867
7107,11,89,0.028599,6868
7108,17,123,0.028585,6869
7109,14,149,0.028570,6870
7110,4,29,0.028556,6871
7111,10,78,0.028542,6872
7112,11,94,0.028527,6872
7113,4,27,0.028513,6872
7114,18,154,0.028499,6873
7115,21,197,0.028485,6875
7116,2,29,0.028470,6875
7117,3,28,0.028456,6875
7118,10,74,0.028442,6876
7119,7,49,0.028428,6877
7120,12,97,0.028414,6878
7121,12,87,0.028399,6879
7122,5,50,0.028385,6879
7123,3,21,0.028371,6879
7124,6,35,0.028357,6880
7125,7,37,0.028343,6881
7126,2,10,0.028328,6881
7127,13,94,0.028314,6881
7128,7,49,0.028300,6881
7129,7,51,0.028286,6881
7130,11,93,0.028272,6881
7131,11,88,0.028258,6882
7132,19,165,0.028244,6883
7133,11,92,0.028229,6883
7134,6,53,0.028215,6883
7135,8,72,0.028201,6885
7136,15,129,0.028187,6885
7137,4,23,0.028173,6885
7138,6,37,0.028159,6885
7139,11,78,0.028145,6885
7140,8,51,0.028131,6886
7141,11,94,0.028117,6887
7142,7,53,0.028103,6888
7143,12,130,0.028089,6890
7144,10,88,0.028075,6891
7145,23,166,0.028060,6892
7146,14,103,0.028046,6892
7147,17,127,0.028032,6894
7148,13,104,0.028018,6896
7149,12,105,0.028004,6896
7150,10,83,0.027990,6897
7151,0,8,0.027976,6897
7152,21,183,0.027962,6899
7153,13,111,0.027948,6899
7154,14,128,0.027934,6900
7155,16,113,0.027920,6902
7156,13,112,0.027907,6902
7157,4,38,0.027893,6902
7158,12,99,0.027879,6902
7159,6,41,0.027865,6902
7160,13,98,0.027851,6902
7161,10,76,0.027837,6903
7162,13,78,0.027823,6903
7163,5,46,0.027809,6903
7164,12,115,0.027795,6903
7165,11,90,0.027781,6903
7166,8,55,0.027767,6903
7167,4,21,0.027753,6903
7168,8,55,0.027740,6903
7169,14,104,0.027726,6903
7170,8,65,0.027712,6904
7171,14,128,0.027698,6905
7172,14,114,0.027684,6905
7173,11,94,0.027670,6908
7174,12,82,0.027656,6909
7175,19,151,0.027643,6910
7176,8,54,0.027629,6911
7177,9,58,0.027615,6911
7178,18,171,0.027601,6912
7179,23,145,0.027587,6914
7180,5,37,0.027574,6914
7181,14,116,0.027560,6915
7182,12,91,0.027546,6916
7183,4,27,0.027532,6916
7184,7,49,0.027518,6916
7185,12,96,0.027505,6916
7186,19,146,0.027491,6917
7187,7,60,0.027477,6917
7188,9,79,0.027463,6918
7189,9,88,0.027450,6919
7190,9,100,0.027436,6919
7191,12,133,0.027422,6919
7192,10,56,0.027409,6919
7193,2,22,0.027395,6919
7194,12,100,0.027381,6922
7195,23,208,0.027367,6924
7196,12,80,0.027354,6927
7197,12,80,0.027340,6928
7198,8,56,0.027326,6928
7199,10,66,0.027313,6928
7200,10,81,0.027299,6929
7201,16,117,0.027285,6929
7202,18,133,0.027272,6929
7203,17,116,0.027258,6931
7204,13,79,0.027245,6931
7205,17,159,0.027231,6932
7206,16,128,0.027217,6932
7207,23,184,0.027204,6934
7208,13,74,0.027190,6934
7209,16,123,0.027177,6935
7210,12,110,0.027163,6936
7211,15,112,0.027149,6936
7212,18,150,0.027136,6936
7213,8,58,0.027122,6936
7214,15,121,0.027109,6938
7215,12,111,0.027095,6939
7216,10,68,0.027082,6939
7217,15,97,0.027068,6940
7218,8,63,0.027054,6943
7219,13,112,0.027041,6943
7220,3,24,0.027027,6943
7221,8,81,0.027014,6944
7222,5,65,0.027000,6944
7223,17,146,0.026987,6947
7224,13,103,0.026973,6950
7225,8,53,0.026960,6951
7226,6,38,0.026946,6952
7227,17,115,0.026933,6953
7228,15,126,0.026920,6953
7229,5,38,0.026906,6953
7230,15,122,0.026893,6954
7231,8,75,0.026879,6955
7232,9,83,0.026866,6957
7233,2,16,0.026852,6957
7234,12,90,0.026839,6958
7235,9,85,0.026825,6959
7236,17,132,0.026812,6960
7237,4,16,0.026799,6960
7238,6,47,0.026785,6961
7239,7,49,0.026772,6962
7240,7,47,0.026758,6962
7241,14,125,0.026745,6963
7242,5,39,0.026732,6963
7243,18,116,0.026718,6964
7244,11,94,0.026705,6964
7245,6,49,0.026692,6964
7246,13,96,0.026678,6965
7247,16,126,0.026665,6966
7248,10,89,0.026652,6966
7249,11,106,0.026638,6967
7250,16,118,0.026625,6968
7251,9,58,0.026612,6969
7252,19,212,0.026598,6973
7253,14,131,0.026585,6973
7254,12,99,0.026572,6974
7255,3,22,0.026558,6974
7256,3,28,0.026545,6975
7257,10,72,0.026532,6975
7258,12,86,0.026519,6976
7259,9,82,0.026505,6977
7260,6,47,0.026492,6977
7261,3,30,0.026479,6977
7262,11,88,0.026466,6978
7263,12,101,0.026452,6979
7264,10,85,0.026439,6980
7265,7,55,0.026426,6980
7266,8,79,0.026413,6981
7267,18,142,0.026400,6982
7268,16,149,0.026386,6984
7269,14,111,0.026373,6985
7270,11,98,0.026360,6986
7271,6,48,0.026347,6986
7272,8,60,0.026334,6987
7273,10,82,0.026320,6987
7274,13,98,0.026307,6989
7275,11,69,0.026294,6991
7276,18,127,0.026281,6993
7277,6,41,0.026268,6993
7278,7,64,0.026255,6993
7279,10,64,0.026242,6993
7280,18,164,0.026228,6994
7281,8,58,0.026215,6995
7282,8,41,0.026202,6996
7283,17,155,0.026189,6997
7284,9,83,0.026176,6998
7285,1,10,0.026163,6998
7286,16,89,0.026150,6999
7287,14,116,0.026137,7000
7288,3,32,0.026124,7000
7289,9,67,0.026111,7000
7290,8,63,0.026098,7001
7291,18,141,0.026085,7002
7292,8,77,0.026072,7003
7293,17,151,0.026058,7004
7294,10,86,0.026045,7005
7295,4,52,0.026032,7006
7296,14,107,0.026019,7007
7297,6,53,0.026006,7007
7298,14,106,0.025993,7007
7299,15,130,0.025980,7008
7300,11,79,0.025967,7009
7301,15,142,0.025954,7010
7302,7,78,0.025941,7010
7303,6,67,0.025928,7011
7304,11,85,0.025916,7012
7305,13,109,0.025903,7013
7306,13,92,0.025890,7016
7307,12,94,0.025877,7016
7308,7,50,0.025864,7017
7309,10,93,0.025851,7018
7310,10,75,0.025838,7020
7311,5,25,0.025825,7020
7312,10,71,0.025812,7021
7313,12,101,0.025799,7022
7314,16,140,0.025786,7023
7315,18,161,0.025773,7023
7316,9,81,0.025760,7024
7317,14,92,0.025748,7024
7318,18,146,0.025735,7024
7319,11,77,0.025722,7024
7320,11,73,0.025709,7024
7321,0,10,0.025696,7024
7322,8,72,0.025683,7024
7323,19,150,0.025670,7025
7324,6,42,0.025658,7025
7325,12,108,0.025645,7025
7326,9,66,0.025632,7025
7327,21,153,0.025619,7026
7328,13,98,0.025606,7027
7329,12,92,0.025594,7030
7330,15,109,0.025581,7031
7331,13,110,0.025568,7032
7332,1,11,0.025555,7032
7333,10,67,0.025542,7033
7334,8,79,0.025530,7034
7335,7,40,0.025517,7035
7336,18,165,0.025504,7036
7337,14,111,0.025491,7037
7338,11,67,0.025479,7038
7339,0,7,0.025466,7038
7340,11,102,0.025453,7038
7341,9,67,0.025440,7038
7342,12,102,0.025428,7038
7343,4,16,0.025415,7038
7344,18,125,0.025402,7038
7345,5,32,0.025390,7038
7346,8,68,0.025377,7038
7347,21,161,0.025364,7040
7348,4,28,0.025351,7040
7349,13,103,0.025339,7040
7350,8,81,0.025326,7041
7351,10,75,0.025313,7041
7352,10,77,0.025301,7042
7353,19,177,0.025288,7043
7354,15,109,0.025276,7045
7355,12,75,0.025263,7046
7356,13,106,0.025250,7046
7357,7,53,0.025238,7047
7358,11,91,0.025225,7048
7359,13,89,0.025212,7048
7360,5,33,0.025200,7048
7361,28,243,0.025187,7052
7362,1,10,0.025175,7052
7363,8,65,0.025162,7053
7364,6,50,0.025149,7053
7365,2,21,0.025137,7053
7366,5,32,0.025124,7054
7367,18,134,0.025112,7056
7368,12,101,0.025099,7056
7369,7,59,0.025087,7056
7370,11,69,0.025074,7057
7371,20,153,0.025062,7058
7372,12,92,0.025049,7058
7373,13,106,0.025036,7060
7374,23,187,0.025024,7062
7375,13,92,0.025011,7064
7376,14,112,0.024999,7064
7377,8,43,0.024986,7064
7378,3,15,0.024974,7064
7379,8,60,0.024961,7065
7380,12,110,0.024949,7067
7381,16,122,0.024936,7068
7382,14,129,0.024924,7069
7383,11,95,0.024912,7070
7384,10,79,0.024899,7071
7385,9,45,0.024887,7072
7386,12,101,0.024874,7072
7387,1,11,0.024862,7072
7388,6,54,0.024849,7072
7389,7,41,0.024837,7072
7390,10,97,0.024825,7073
7391,15,156,0.024812,7074
7392,10,85,0.024800,7075
7393,12,99,0.024787,7077
7394,0,10,0.024775,7077
7395,10,40,0.024763,7078
7396,8,68,0.024750,7078
7397,9,77,0.024738,7079
7398,8,56,0.024725,7080
7399,14,112,0.024713,7080
7400,6,31,0.024701,7080
7401,9,70,0.024688,7081
7402,5,38,0.024676,7082
7403,7,45,0.024664,7082
7404,18,120,0.024651,7083
7405,8,63,0.024639,7083
7406,6,56,0.024627,7083
7407,7,51,0.024614,7083
7408,16,146,0.024602,7085
7409,7,54,0.024590,7086
7410,4,55,0.024577,7086
7411,13,99,0.024565,7087
7412,5,36,0.024553,7088
7413,8,57,0.024541,7088
7414,3,19,0.024528,7088
7415,12,80,0.024516,7088
7416,3,23,0.024504,7088
7417,11,76,0.024492,7089
7418,12,93,0.024479,7090
7419,3,20,0.024467,7090
7420,1,8,0.024455,7090
7421,13,87,0.024443,7091
7422,7,66,0.024430,7092
7423,17,165,0.024418,7093
7424,17,108,0.024406,7094
7425,14,107,0.024394,7095
7426,13,126,0.024382,7095
7427,21,174,0.024369,7097
7428,9,71,0.024357,7097
7429,11,73,0.024345,7098
7430,7,62,0.024333,7099
7431,11,72,0.024321,7100
7432,13,120,0.024308,7101
7433,15,116,0.024296,7102
7434,2,23,0.024284,7102
7435,20,153,0.024272,7105
7436,18,130,0.024260,7106
7437,3,35,0.024248,7106
7438,8,58,0.024236,7107
7439,7,76,0.024224,7107
7440,8,70,0.024211,7108
7441,13,79,0.024199,7109
7442,7,36,0.024187,7109
7443,6,48,0.024175,7109
7444,11,67,0.024163,7109
7445,13,112,0.024151,7109
7446,14,127,0.024139,7110
7447,21,173,0.024127,7113
7448,8,55,0.024115,7113
7449,14,116,0.024103,7113
7450,11,94,0.024091,7113
7451,12,110,0.024079,7114
7452,11,104,0.024067,7115
7453,11,87,0.024055,7116
7454,10,75,0.024043,7117
7455,10,79,0.024030,7118
7456,18,141,0.024018,7119
7457,13,102,0.024006,7120
7458,14,120,0.023994,7120
7459,2,22,0.023982,7120
7460,10,70,0.023970,7120
7461,6,61,0.023958,7120
7462,6,66,0.023947,7121
7463,9,58,0.023935,7121
7464,15,110,0.023923,7122
7465,12,85,0.023911,7123
7466,20,196,0.023899,7124
7467,17,137,0.023887,7125
7468,10,51,0.023875,7126
7469,23,167,0.023863,7127
7470,7,48,0.023851,7128
7471,17,105,0.023839,7129
7472,17,164,0.023827,7132
7473,12,101,0.023815,7133
7474,8,65,0.023803,7134
7475,12,101,0.023791,7135
7476,16,118,0.023779,7135
7477,6,42,0.023768,7136
7478,8,48,0.023756,7136
7479,9,89,0.023744,7137
7480,8,54,0.023732,7137
7481,13,96,0.023720,7138
7482,2,19,0.023708,7138
7483,17,158,0.023696,7141
7484,12,92,0.023684,7141
7485,14,127,0.023673,7142
7486,9,73,0.023661,7143
7487,10,94,0.023649,7144
7488,2,15,0.023637,7144
7489,16,128,0.023625,7145
7490,13,100,0.023614,7145
7491,18,158,0.023602,7148
7492,11,67,0.023590,7149
7493,6,47,0.023578,7149
7494,16,145,0.023566,7152
7495,9,80,0.023555,7154
7496,5,25,0.023543,7155
7497,22,192,0.023531,7157
7498,12,99,0.023519,7158
7499,16,138,0.023507,7158
7500,12,77,0.023496,7159
7501,12,88,0.023484,7159
7502,10,83,0.023472,7160
7503,8,62,0.023460,7161
7504,11,70,0.023449,7162
7505,15,113,0.023437,7163
7506,13,99,0.023425,7163
7507,12,102,0.023414,7164
7508,4,37,0.023402,7164
7509,10,66,0.023390,7165
7510,13,101,0.023378,7166
7511,7,57,0.023367,7166
7512,5,36,0.023355,7167
7513,10,78,0.023343,7167
7514,11,99,0.023332,7168
7515,6,38,0.023320,7168
7516,18,133,0.023308,7170
7517,12,83,0.023297,7171
7518,15,114,0.023285,7172
7519,8,55,0.023273,7173
7520,26,201,0.023262,7174
7521,7,65,0.023250,7174
7522,14,101,0.023239,7174
7523,10,73,0.023227,7175
7524,16,141,0.023215,7176
7525,16,136,0.023204,7177
7526,8,75,0.023192,7177
7527,20,171,0.023181,7178
7528,18,176,0.023169,7179
7529,19,179,0.023157,7179
7530,13,82,0.023146,7179
7531,9,70,0.023134,7179
7532,12,94,0.023123,7179
7533,19,166,0.023111,7179
7534,8,42,0.023100,7179
7535,9,73,0.023088,7180
7536,22,195,0.023076,7181
7537,9,100,0.023065,7181
7538,21,185,0.023053,7182
7539,13,95,0.023042,7182
7540,5,15,0.023030,7183
7541,15,126,0.023019,7186
7542,7,66,0.023007,7186
7543,7,55,0.022996,7186
7544,5,30,0.022984,7186
7545,16,161,0.022973,7187
7546,10,88,0.022961,7189
7547,4,41,0.022950,7189
7548,21,180,0.022938,7190
7549,13,76,0.022927,7191
7550,9,74,0.022915,7191
7551,5,39,0.022904,7191
7552,12,105,0.022893,7192
7553,13,112,0.022881,7195
7554,20,170,0.022870,7197
7555,12,100,0.022858,7199
7556,11,83,0.022847,7199
7557,2,19,0.022835,7199
7558,11,96,0.022824,7199
7559,8,53,0.022813,7200
7560,4,36,0.022801,7200
7561,17,133,0.022790,7200
7562,14,85,0.022778,7200
7563,20,161,0.022767,7201
7564,18,122,0.022756,7203
7565,15,127,0.022744,7203
7566,22,175,0.022733,7204
7567,9,49,0.022721,7204
7568,13,112,0.022710,7204
7569,5,36,0.022699,7204
7570,7,54,0.022687,7205
7571,13,90,0.022676,7205
7572,13,125,0.022665,7206
7573,16,104,0.022653,7206
7574,10,67,0.022642,7207
7575,12,89,0.022631,7208
7576,11,88,0.022619,7208
7577,10,98,0.022608,7208
7578,15,133,0.022597,7208
7579,7,60,0.022585,7208
7580,12,77,0.022574,7209
7581,13,108,0.022563,7210
7582,17,150,0.022552,7211
7583,12,106,0.022540,7211
7584,1,8,0.022529,7211
7585,14,87,0.022518,7211
7586,18,121,0.022507,7212
7587,12,89,0.022495,7215
7588,18,147,0.022484,7216
7589,12,102,0.022473,7218
7590,14,102,0.022462,7218
7591,8,56,0.022450,7218
7592,15,109,0.022439,7218
7593,7,68,0.022428,7219
7594,4,34,0.022417,7219
7595,22,146,0.022405,7220
7596,7,46,0.022394,7220
7597,11,90,0.022383,7221
7598,15,151,0.022372,7221
7599,9,68,0.022361,7221
7600,23,177,0.022350,7224
7601,1,5,0.022338,7224
7602,6,51,0.022327,7224
7603,17,132,0.022316,7224
7604,10,84,0.022305,7224
7605,13,109,0.022294,7224
7606,2,18,0.022283,7224
7607,22,197,0.022271,7224
7608,4,45,0.022260,7224
7609,17,123,0.022249,7224
7610,16,139,0.022238,7225
7611,8,40,0.022227,7226
7612,13,98,0.022216,7226
7613,12,93,0.022205,7226
7614,8,49,0.022194,7227
7615,13,101,0.022182,7230
7616,9,76,0.022171,7230
7617,9,73,0.022160,7230
7618,17,142,0.022149,7231
7619,15,115,0.022138,7232
7620,4,27,0.022127,7232
7621,6,46,0.022116,7232
7622,8,53,0.022105,7233
7623,9,93,0.022094,7233
7624,7,46,0.022083,7235
7625,12,91,0.022072,7237
7626,7,50,0.022061,7239
7627,11,91,0.022050,7240
7628,11,79,0.022039,7240
7629,10,95,0.022028,7241
7630,10,59,0.022017,7242
7631,14,99,0.022006,7242
7632,13,104,0.021995,7242
7633,11,78,0.021984,7242
7634,11,73,0.021973,7244
7635,13,81,0.021962,7244
7636,6,56,0.021951,7244
7637,15,103,0.021940,7245
7638,13,98,0.021929,7245
7639,4,42,0.021918,7245
7640,7,60,0.021907,7246
7641,11,83,0.021896,7247
7642,10,74,0.021885,7249
7643,12,114,0.021874,7252
7644,15,111,0.021863,7252
7645,16,151,0.021852,7253
7646,5,41,0.021841,7253
7647,25,214,0.021830,7254
7648,6,59,0.021819,7254
7649,14,119,0.021808,7255
7650,14,115,0.021798,7255
7651,10,75,0.021787,7255
7652,4,29,0.021776,7255
7653,11,93,0.021765,7256
7654,8,63,0.021754,7256
7655,14,115,0.021743,7256
7656,21,204,0.021732,7258
7657,1,18,0.021721,7258
7658,13,121,0.021711,7258
7659,14,103,0.021700,7258
7660,11,85,0.021689,7259
7661,15,142,0.021678,7261
7662,21,134,0.021667,7263
7663,21,168,0.021656,7263
7664,14,91,0.021645,7264
7665,5,42,0.021635,7265
7666,11,86,0.021624,7266
7667,17,147,0.021613,7267
7668,10,77,0.021602,7268
7669,9,93,0.021591,7269
7670,1,14,0.021581,7269
7671,21,163,0.021570,7272
7672,11,99,0.021559,7272
7673,12,94,0.021548,7272
7674,13,96,0.021538,7273
7675,14,99,0.021527,7273
7676,14,99,0.021516,7273
7677,18,114,0.021505,7274
7678,7,64,0.021494,7274
7679,1,12,0.021484,7274
7680,11,105,0.021473,7274
7681,3,24,0.021462,7274
7682,12,88,0.021452,7274
7683,11,87,0.021441,7275
7684,9,72,0.021430,7276
7685,6,54,0.021419,7276
7686,17,134,0.021409,7277
7687,3,22,0.021398,7277
7688,12,102,0.021387,7278
7689,4,23,0.021377,7279
7690,12,86,0.021366,7279
7691,4,41,0.021355,7279
7692,8,55,0.021344,7280
7693,20,158,0.021334,7281
7694,10,113,0.021323,7282
7695,14,142,0.021312,7282
7696,8,68,0.021302,7282
7697,16,143,0.021291,7282
7698,20,140,0.021281,7283
7699,9,77,0.021270,7283
7700,3,29,0.021259,7283
7701,16,120,0.021249,7285
7702,20,155,0.021238,7285
7703,16,148,0.021227,7285
7704,11,126,0.021217,7285
7705,6,45,0.021206,7287
7706,21,157,0.021196,7288
7707,15,115,0.021185,7289
7708,16,110,0.021174,7290
7709,11,66,0.021164,7290
7710,9,57,0.021153,7290
7711,8,64,0.021143,7290
7712,19,140,0.021132,7291
7713,21,174,0.021121,7291
7714,13,129,0.021111,7291
7715,9,69,0.021100,7291
7716,13,95,0.021090,7293
7717,12,91,0.021079,7294
7718,10,67,0.021069,7295
7719,5,51,0.021058,7295
7720,8,68,0.021048,7296
7721,7,63,0.021037,7296
7722,20,183,0.021027,7297
7723,12,104,0.021016,7298
7724,26,216,0.021006,7301
7725,14,120,0.020995,7302
7726,12,80,0.020985,7302
7727,15,96,0.020974,7302
7728,8,55,0.020964,7303
7729,11,92,0.020953,7303
7730,15,98,0.020943,7303
7731,10,85,0.020932,7306
7732,15,135,0.020922,7306
7733,5,34,0.020911,7306
7734,14,94,0.020901,7306
7735,8,73,0.020890,7306
7736,11,93,0.020880,7306
7737,21,165,0.020869,7306
7738,7,69,0.020859,7309
7739,9,80,0.020849,7310
7740,18,141,0.020838,7310
7741,19,162,0.020828,7311
7742,14,113,0.020817,7312
7743,13,110,0.020807,7313
7744,17,125,0.020797,7314
7745,8,65,0.020786,7315
7746,13,114,0.020776,7318
7747,13,93,0.020765,7319
7748,3,24,0.020755,7319
7749,12,107,0.020745,7320
7750,10,91,0.020734,7321
7751,10,83,0.020724,7321
7752,10,80,0.020714,7323
7753,15,148,0.020703,7323
7754,16,120,0.020693,7323
7755,14,100,0.020682,7323
7756,16,107,0.020672,7324
7757,15,129,0.020662,7324
7758,9,78,0.020651,7324
7759,9,83,0.020641,7326
7760,4,32,0.020631,7326
7761,5,40,0.020620,7326
7762,5,32,0.020610,7327
7763,14,116,0.020600,7329
7764,14,120,0.020590,7331
7765,12,94,0.020579,7334
7766,14,127,0.020569,7334
7767,6,39,0.020559,7334
7768,11,80,0.020548,7335
7769,8,39,0.020538,7336
7770,12,91,0.020528,7337
7771,12,99,0.020518,7337
7772,10,91,0.020507,7338
7773,6,40,0.020497,7339
7774,12,97,0.020487,7340
7775,13,100,0.020477,7340
7776,25,227,0.020466,7342
7777,7,61,0.020456,7342
7778,9,50,0.020446,7342
7779,23,173,0.020436,7344
7780,8,68,0.020425,7344
7781,22,181,0.020415,7344
7782,12,81,0.020405,7346
7783,13,94,0.020395,7347
7784,10,64,0.020385,7347
7785,14,108,0.020374,7348
7786,15,111,0.020364,7350
7787,4,32,0.020354,7350
7788,13,117,0.020344,7351
7789,2,14,0.020334,7351
7790,8,58,0.020324,7352
7791,7,41,0.020313,7352
7792,7,49,0.020303,7353
7793,11,88,0.020293,7354
7794,12,113,0.020283,7355
7795,16,153,0.020273,7356
7796,8,48,0.020263,7358
7797,4,18,0.020253,7359
7798,4,29,0.020242,7360
7799,14,137,0.020232,7360
7800,17,126,0.020222,7361
7801,9,68,0.020212,7361
7802,21,191,0.020202,7362
7803,19,164,0.020192,7363
7804,16,134,0.020182,7364
7805,16,131,0.020172,7365
7806,7,80,0.020162,7365
7807,7,67,0.020152,7365
7808,12,109,0.020141,7366
7809,18,146,0.020131,7367
7810,19,152,0.020121,7369
7811,12,96,0.020111,7369
7812,14,121,0.020101,7370
7813,10,79,0.020091,7370
7814,13,56,0.020081,7371
7815,11,80,0.020071,7372
7816,15,127,0.020061,7373
7817,11,73,0.020051,7373
7818,12,72,0.020041,7373
7819,12,111,0.020031,7374
7820,6,33,0.020021,7375
7821,6,35,0.020011,7375
7822,3,28,0.020001,7375
7823,17,148,0.019991,7375
7824,16,126,0.019981,7376
7825,15,140,0.019971,7376
7826,6,34,0.019961,7376
7827,19,153,0.019951,7376
7828,5,25,0.019941,7376
7829,8,74,0.019931,7377
7830,4,23,0.019921,7377
7831,12,53,0.019911,7379
7832,16,124,0.019901,7380
7833,13,87,0.019891,7381
7834,7,62,0.019881,7381
7835,15,114,0.019871,7385
7836,8,56,0.019861,7385
7837,24,210,0.019851,7387
7838,9,53,0.019841,7388
7839,4,28,0.019832,7389
7840,8,68,0.019822,7389
7841,10,74,0.019812,7390
7842,12,98,0.019802,7391
7843,7,60,0.019792,7391
7844,9,79,0.019782,7392
7845,8,53,0.019772,7392
7846,17,130,0.019762,7394
7847,5,29,0.019752,7394
7848,16,132,0.019743,7394
7849,13,102,0.019733,7395
7850,9,79,0.019723,7395
7851,7,60,0.019713,7396
7852,16,117,0.019703,7396
7853,11,96,0.019693,7397
7854,8,50,0.019683,7398
7855,14,138,0.019674,7399
7856,15,146,0.019664,7399
7857,11,92,0.019654,7400
7858,6,48,0.019644,7401
7859,9,63,0.019634,7402
7860,14,120,0.019624,7403
7861,8,63,0.019615,7403
7862,11,76,0.019605,7403
7863,19,130,0.019595,7404
7864,10,71,0.019585,7405
7865,14,122,0.019575,7406
7866,5,25,0.019566,7406
7867,15,141,0.019556,7407
7868,7,58,0.019546,7407
7869,9,40,0.019536,7407
7870,7,43,0.019526,7408
7871,13,85,0.019517,7410
7872,16,143,0.019507,7412
7873,5,46,0.019497,7412
7874,8,70,0.019487,7412
7875,15,99,0.019478,7413
7876,2,10,0.019468,7413
7877,6,43,0.019458,7413
7878,8,82,0.019449,7413
7879,7,39,0.019439,7414
7880,10,101,0.019429,7414
7881,17,142,0.019419,7415
7882,8,64,0.019410,7416
7883,18,125,0.019400,7417
7884,9,65,0.019390,7417
7885,16,140,0.019381,7420
7886,14,77,0.019371,7421
7887,19,144,0.019361,7422
7888,22,189,0.019351,7425
7889,6,58,0.019342,7425
7890,10,84,0.019332,7426
7891,9,49,0.019322,7427
7892,12,88,0.019313,7428
7893,15,152,0.019303,7430
7894,6,36,0.019293,7431
7895,8,52,0.019284,7431
7896,10,73,0.019274,7432
7897,15,108,0.019265,7435
7898,12,99,0.019255,7438
7899,16,144,0.019245,7442
7900,16,112,0.019236,7443
7901,6,45,0.019226,7444
7902,14,117,0.019216,7444
7903,6,49,0.019207,7446
7904,17,115,0.019197,7446
7905,9,84,0.019188,7446
7906,8,61,0.019178,7446
7907,14,137,0.019168,7448
7908,21,144,0.019159,7448
7909,9,79,0.019149,7448
7910,8,63,0.019140,7449
7911,10,78,0.019130,7450
7912,10,62,0.019121,7451
7913,14,107,0.019111,7451
7914,19,169,0.019101,7451
7915,9,78,0.019092,7451
7916,10,85,0.019082,7451
7917,15,127,0.019073,7452
7918,12,93,0.019063,7454
7919,11,85,0.019054,7455
7920,10,65,0.019044,7455
7921,6,61,0.019035,7455
7922,22,171,0.019025,7456
7923,20,158,0.019016,7459
7924,4,20,0.019006,7459
7925,13,136,0.018997,7460
7926,17,141,0.018987,7460
7927,12,101,0.018978,7461
7928,4,44,0.018968,7461
7929,1,7,0.018959,7461
7930,5,27,0.018949,7462
7931,20,171,0.018940,7463
7932,1,11,0.018930,7463
7933,14,123,0.018921,7465
7934,14,86,0.018911,7465
7935,1,13,0.018902,7465
7936,19,134,0.018892,7466
7937,12,108,0.018883,7468
7938,25,214,0.018874,7469
7939,12,114,0.018864,7473
7940,2,11,0.018855,7473
7941,6,37,0.018845,7473
7942,10,120,0.018836,7474
7943,16,147,0.018826,7474
7944,10,71,0.018817,7474
7945,19,133,0.018808,7474
7946,10,77,0.018798,7474
7947,11,80,0.018789,7474
7948,21,178,0.018779,7475
7949,13,111,0.018770,7475
7950,17,141,0.018761,7476
7951,19,152,0.018751,7477
7952,16,146,0.018742,7477
7953,17,100,0.018733,7478
7954,18,131,0.018723,7478
7955,4,36,0.018714,7478
7956,16,118,0.018704,7478
7957,11,77,0.018695,7478
7958,11,65,0.018686,7479
7959,10,87,0.018676,7481
7960,13,73,0.018667,7481
7961,7,52,0.018658,7481
7962,8,50,0.018648,7481
7963,6,53,0.018639,7481
7964,9,71,0.018630,7482
7965,5,40,0.018620,7482
7966,14,110,0.018611,7483
7967,12,89,0.018602,7483
7968,9,70,0.018593,7483
7969,16,157,0.018583,7486
7970,15,126,0.018574,7486
7971,4,26,0.018565,7486
7972,19,131,0.018555,7487
7973,21,161,0.018546,7488
7974,13,124,0.018537,7489
7975,12,81,0.018528,7490
7976,12,78,0.018518,7490
7977,10,78,0.018509,7490
7978,15,123,0.018500,7490
7979,6,51,0.018491,7490
7980,8,64,0.018481,7491
7981,9,66,0.018472,7491
7982,12,97,0.018463,7492
7983,8,81,0.018454,7495
7984,14,107,0.018444,7496
7985,19,152,0.018435,7497
7986,10,98,0.018426,7497
7987,4,33,0.018417,7497
7988,10,84,0.018407,7498
7989,12,115,0.018398,7502
7990,15,131,0.018389,7503
7991,12,68,0.018380,7504
7992,12,103,0.018371,7506
7993,15,107,0.018361,7507
7994,11,96,0.018352,7508
7995,8,61,0.018343,7509
7996,16,139,0.018334,7510
7997,21,183,0.018325,7511
7998,16,151,0.018316,7512
7999,14,126,0.018306,7514
8000,8,60,0.018297,7515
8001,10,82,0.018288,7516
8002,11,58,0.018279,7516
8003,11,88,0.018270,7517
8004,15,126,0.018261,7518
8005,14,86,0.018252,7519
8006,11,66,0.018243,7520
8007,17,123,0.018233,7522
8008,18,170,0.018224,7524
8009,9,81,0.018215,7525
8010,23,170,0.018206,7525
8011,4,34,0.018197,7525
8012,15,135,0.018188,7525
8013,9,67,0.018179,7525
8014,12,120,0.018170,7525
8015,5,37,0.018161,7526
8016,12,82,0.018151,7528
8017,13,93,0.018142,7529
8018,12,117,0.018133,7530
8019,14,137,0.018124,7531
8020,15,107,0.018115,7532
8021,19,157,0.018106,7533
8022,11,96,0.018097,7533
8023,3,31,0.018088,7533
8024,11,98,0.018079,7534
8025,4,31,0.018070,7534
8026,15,112,0.018061,7535
8027,13,94,0.018052,7535
8028,9,60,0.018043,7537
8029,21,178,0.018034,7540
8030,15,127,0.018025,7541
8031,9,64,0.018016,7541
8032,20,146,0.018007,7541
8033,4,35,0.017998,7541
8034,7,48,0.017989,7541
8035,11,79,0.017980,7542
8036,18,128,0.017971,7543
8037,12,83,0.017962,7543
8038,15,115,0.017953,7543
8039,19,131,0.017944,7544
8040,11,80,0.017935,7544
8041,5,31,0.017926,7545
8042,6,35,0.017917,7545
8043,8,71,0.017908,7545
8044,13,115,0.017899,7545
8045,18,173,0.017890,7548
8046,8,36,0.017881,7548
8047,17,116,0.017872,7548
8048,15,107,0.017863,7549
8049,6,59,0.017854,7549
8050,11,84,0.017845,7549
8051,13,117,0.017837,7549
8052,5,39,0.017828,7550
8053,15,134,0.017819,7551
8054,13,100,0.017810,7552
8055,7,59,0.017801,7552
8056,12,91,0.017792,7553
8057,10,87,0.017783,7553
8058,16,123,0.017774,7553
8059,13,100,0.017765,7553
8060,13,105,0.017756,7555
8061,5,37,0.017748,7556
8062,15,95,0.017739,7557
8063,7,44,0.017730,7557
8064,9,68,0.017721,7557
8065,7,52,0.017712,7557
8066,16,157,0.017703,7558
8067,6,56,0.017694,7558
8068,12,98,0.017686,7558
8069,14,115,0.017677,7560
8070,16,151,0.017668,7560
8071,13,70,0.017659,7561
8072,14,103,0.017650,7562
8073,9,79,0.017641,7563
8074,12,82,0.017633,7564
8075,13,117,0.017624,7565
8076,7,42,0.017615,7566
8077,14,126,0.017606,7568
8078,4,48,0.017597,7569
8079,11,80,0.017588,7570
8080,12,73,0.017580,7570
8081,21,173,0.017571,7571
8082,14,128,0.017562,7572
8083,4,39,0.017553,7572
8084,15,122,0.017545,7573
8085,12,85,0.017536,7573
8086,11,56,0.017527,7575
8087,12,78,0.017518,7575
8088,16,122,0.017510,7575
8089,10,71,0.017501,7575
8090,15,134,0.017492,7576
8091,13,85,0.017483,7577
8092,18,123,0.017475,7577
8093,4,36,0.017466,7577
8094,20,186,0.017457,7579
8095,10,69,0.017448,7579
8096,12,76,0.017440,7580
8097,2,15,0.017431,7580
8098,10,64,0.017422,7581
8099,1,11,0.017413,7581
8100,10,66,0.017405,7581
8101,4,41,0.017396,7582
8102,10,65,0.017387,7583
8103,24,178,0.017379,7584
8104,12,94,0.017370,7584
8105,19,126,0.017361,7585
8106,6,56,0.017353,7585
8107,11,77,0.017344,7586
8108,14,116,0.017335,7586
8109,22,172,0.017327,7586
8110,11,78,0.017318,7586
8111,20,135,0.017309,7586
8112,13,112,0.017301,7588
8113,14,104,0.017292,7588
8114,17,162,0.017283,7588
8115,13,106,0.017275,7588
8116,14,120,0.017266,7591
8117,19,187,0.017257,7591
8118,12,87,0.017249,7592
8119,7,58,0.017240,7592
8120,12,69,0.017232,7593
8121,13,93,0.017223,7594
8122,13,101,0.017214,7594
8123,8,80,0.017206,7596
8124,9,68,0.017197,7597
8125,4,25,0.017188,7597
8126,11,100,0.017180,7599
8127,16,115,0.017171,7600
8128,17,130,0.017163,7601
8129,9,76,0.017154,7601
8130,8,71,0.017146,7602
8131,18,152,0.017137,7602
8132,20,174,0.017128,7603
8133,14,106,0.017120,7604
8134,8,64,0.017111,7605
8135,13,97,0.017103,7606
8136,11,93,0.017094,7606
8137,10,84,0.017086,7606
8138,18,160,0.017077,7607
8139,14,121,0.017069,7608
8140,19,160,0.017060,7609
8141,1,13,0.017051,7609
8142,13,69,0.017043,7611
8143,7,48,0.017034,7611
8144,16,122,0.017026,7611
8145,9,62,0.017017,7611
8146,7,50,0.017009,7611
8147,12,99,0.017000,7612
8148,5,47,0.016992,7612
8149,6,47,0.016983,7613
8150,18,163,0.016975,7613
8151,7,47,0.016966,7613
8152,18,173,0.016958,7614
8153,8,66,0.016949,7614
8154,10,53,0.016941,7614
8155,12,92,0.016933,7615
8156,6,45,0.016924,7616
8157,2,20,0.016916,7616
8158,10,51,0.016907,7616
8159,18,135,0.016899,7617
8160,16,116,0.016890,7618
8161,5,36,0.016882,7619
8162,18,129,0.016873,7620
8163,12,78,0.016865,7621
8164,8,77,0.016856,7621
8165,15,134,0.016848,7622
8166,11,100,0.016840,7622
8167,14,112,0.016831,7623
8168,13,98,0.016823,7624
8169,16,167,0.016814,7624
8170,16,148,0.016806,7624
8171,5,41,0.016798,7624
8172,19,146,0.016789,7625
8173,6,60,0.016781,7625
8174,15,129,0.016772,7626
8175,14,97,0.016764,7628
8176,6,54,0.016756,7628
8177,14,109,0.016747,7629
8178,10,84,0.016739,7630
8179,16,125,0.016730,7630
8180,9,85,0.016722,7630
8181,12,134,0.016714,7633
8182,9,71,0.016705,7633
8183,14,80,0.016697,7634
8184,9,66,0.016689,7635
8185,16,142,0.016680,7635
8186,6,43,0.016672,7635
8187,15,123,0.016664,7636
8188,13,94,0.016655,7636
8189,13,87,0.016647,7636
8190,19,163,0.016639,7638
8191,20,177,0.016630,7638
8192,7,57,0.016622,7638
8193,9,67,0.016614,7639
8194,12,63,0.016605,7639
8195,12,89,0.016597,7639
8196,8,49,0.016589,7640
8197,17,127,0.016581,7640
8198,17,138,0.016572,7641
8199,18,99,0.016564,7641
8200,5,42,0.016556,7641
8201,13,114,0.016547,7642
8202,14,102,0.016539,7642
8203,12,113,0.016531,7644
8204,15,110,0.016523,7645
8205,15,125,0.016514,7645
8206,7,47,0.016506,7645
8207,18,139,0.016498,7645
8208,9,80,0.016490,7645
8209,3,29,0.016481,7645
8210,10,89,0.016473,7646
8211,20,168,0.016465,7647
8212,11,108,0.016457,7648
8213,14,120,0.016448,7651
8214,4,28,0.016440,7651
8215,15,129,0.016432,7651
8216,10,90,0.016424,7652
8217,12,91,0.016416,7652
8218,15,112,0.016407,7653
8219,11,96,0.016399,7653
8220,14,122,0.016391,7654
8221,13,110,0.016383,7655
8222,11,89,0.016375,7656
8223,18,119,0.016366,7658
8224,14,137,0.016358,7658
8225,12,99,0.016350,7658
8226,11,102,0.016342,7659
8227,13,99,0.016334,7661
8228,6,38,0.016325,7661
8229,6,34,0.016317,7661
8230,5,45,0.016309,7661
8231,6,35,0.016301,7661
8232,22,183,0.016293,7661
8233,12,110,0.016285,7662
8234,22,143,0.016277,7663
8235,28,213,0.016268,7665
8236,5,46,0.016260,7665
8237,13,93,0.016252,7666
8238,10,80,0.016244,7667
8239,14,119,0.016236,7668
8240,16,116,0.016228,7669
8241,15,105,0.016220,7671
8242,13,96,0.016212,7671
8243,20,164,0.016203,7672
8244,7,53,0.016195,7672
8245,11,76,0.016187,7672
8246,6,47,0.016179,7674
8247,15,139,0.016171,7674
8248,15,111,0.016163,7675
8249,0,5,0.016155,7675
8250,16,138,0.016147,7675
8251,9,69,0.016139,7676
8252,9,61,0.016131,7676
8253,8,67,0.016123,7677
8254,8,70,0.016115,7678
8255,17,142,0.016107,7679
8256,9,81,0.016098,7680
8257,8,58,0.016090,7681
8258,13,91,0.016082,7683
8259,11,89,0.016074,7684
8260,14,130,0.016066,7685
8261,16,121,0.016058,7685
8262,13,99,0.016050,7686
8263,15,144,0.016042,7687
8264,5,50,0.016034,7687
8265,12,76,0.016026,7687
8266,13,81,0.016018,7687
8267,15,124,0.016010,7688
8268,11,74,0.016002,7691
8269,0,7,0.015994,7691
8270,17,158,0.015986,7692
8271,15,115,0.015978,7693
8272,17,163,0.015970,7694
8273,17,117,0.015962,7695
8274,6,58,0.015954,7695
8275,10,109,0.015946,7695
8276,13,110,0.015938,7696
8277,13,112,0.015930,7696
8278,12,76,0.015922,7696
8279,8,61,0.015914,7696
8280,10,78,0.015906,7697
8281,10,78,0.015898,7699
8282,15,155,0.015890,7700
8283,12,80,0.015883,7700
8284,13,107,0.015875,7700
8285,13,102,0.015867,7701
8286,7,50,0.015859,7701
8287,14,121,0.015851,7702
8288,17,154,0.015843,7703
8289,14,106,0.015835,7704
8290,22,205,0.015827,7706
8291,8,67,0.015819,7706
8292,8,43,0.015811,7706
8293,15,137,0.015803,7707
8294,16,133,0.015795,7708
8295,9,68,0.015787,7710
8296,18,95,0.015780,7711
8297,4,21,0.015772,7711
8298,9,82,0.015764,7711
8299,9,69,0.015756,7711
8300,13,88,0.015748,7712
8301,15,137,0.015740,7712
8302,10,88,0.015732,7713
8303,18,121,0.015724,7714
8304,16,146,0.015717,7717
8305,11,72,0.015709,7718
8306,13,111,0.015701,7719
8307,14,135,0.015693,7720
8308,9,92,0.015685,7722
8309,20,160,0.015677,7722
8310,12,106,0.015670,7723
8311,17,157,0.015662,7725
8312,15,115,0.015654,7725
8313,17,124,0.015646,7726
8314,18,133,0.015638,7726
8315,16,124,0.015630,7727
8316,18,148,0.015623,7728
8317,17,113,0.015615,7729
8318,9,98,0.015607,7730
8319,9,65,0.015599,7731
8320,10,71,0.015591,7731
8321,13,102,0.015584,7731
8322,9,69,0.015576,7732
8323,13,109,0.015568,7733
8324,18,127,0.015560,7735
8325,16,103,0.015552,7737
8326,18,159,0.015545,7738
8327,19,126,0.015537,7739
8328,7,55,0.015529,7740
8329,14,95,0.015521,7740
8330,12,76,0.015514,7741
8331,10,80,0.015506,7742
8332,6,40,0.015498,7742
8333,13,114,0.015490,7743
8334,10,83,0.015483,7744
8335,11,105,0.015475,7746
8336,21,173,0.015467,7747
8337,4,33,0.015459,7747
8338,13,103,0.015452,7748
8339,9,75,0.015444,7749
8340,13,103,0.015436,7750
8341,12,103,0.015428,7751
8342,12,103,0.015421,7751
8343,13,123,0.015413,7753
8344,8,78,0.015405,7754
8345,14,122,0.015398,7755
8346,9,72,0.015390,7755
8347,17,155,0.015382,7755
8348,3,18,0.015375,7755
8349,7,56,0.015367,7755
8350,7,54,0.015359,7755
8351,21,155,0.015351,7755
8352,14,121,0.015344,7755
8353,7,68,0.015336,7755
8354,16,107,0.015328,7755
8355,5,54,0.015321,7755
8356,16,94,0.015313,7756
8357,8,74,0.015305,7757
8358,10,66,0.015298,7758
8359,9,68,0.015290,7759
8360,8,45,0.015283,7759
8361,17,145,0.015275,7762
8362,9,63,0.015267,7762
8363,9,74,0.015260,7762
8364,10,75,0.015252,7762
8365,19,171,0.015244,7764
8366,8,69,0.015237,7765
8367,8,79,0.015229,7765
8368,11,96,0.015222,7767
8369,7,39,0.015214,7767
8370,10,79,0.015206,7767
8371,12,116,0.015199,7769
8372,25,163,0.015191,7770
8373,6,44,0.015183,7770
8374,7,65,0.015176,7771
8375,12,82,0.015168,7771
8376,11,84,0.015161,7771
8377,16,109,0.015153,7772
8378,13,85,0.015146,7772
8379,7,52,0.015138,7773
8380,6,65,0.015130,7773
8381,12,101,0.015123,7775
8382,13,86,0.015115,7776
8383,16,129,0.015108,7777
8384,7,50,0.015100,7779
8385,12,90,0.015093,7779
8386,8,52,0.015085,7779
8387,10,72,0.015078,7780
8388,13,116,0.015070,7781
8389,23,138,0.015062,7783
8390,4,33,0.015055,7783
8391,14,82,0.015047,7784
8392,9,71,0.015040,7787
8393,11,87,0.015032,7788
8394,18,133,0.015025,7790
8395,17,128,0.015017,7790
8396,9,85,0.015010,7791
8397,15,118,0.015002,7794
8398,8,65,0.014995,7794
8399,6,33,0.014987,7794
8400,5,40,0.014980,7794
8401,10,68,0.014972,7795
8402,13,104,0.014965,7796
8403,8,37,0.014957,7797
8404,12,101,0.014950,7798
8405,6,60,0.014942,7799
8406,12,82,0.014935,7800
8407,24,162,0.014927,7800
8408,3,23,0.014920,7800
8409,9,66,0.014913,7801
8410,16,127,0.014905,7801
8411,9,98,0.014898,7801
8412,17,133,0.014890,7801
8413,13,118,0.014883,7802
8414,12,82,0.014875,7803
8415,10,90,0.014868,7805
8416,12,92,0.014860,7805
8417,20,150,0.014853,7805
8418,14,103,0.014846,7805
8419,13,111,0.014838,7806
8420,14,109,0.014831,7806
8421,13,98,0.014823,7806
8422,16,125,0.014816,7807
8423,8,66,0.014809,7808
8424,13,104,0.014801,7808
8425,13,92,0.014794,7808
8426,16,114,0.014786,7808
8427,12,110,0.014779,7809
8428,6,43,0.014772,7810
8429,14,122,0.014764,7811
8430,12,100,0.014757,7812
8431,6,38,0.014749,7812
8432,9,81,0.014742,7813
8433,16,130,0.014735,7814
8434,13,109,0.014727,7815
8435,12,87,0.014720,7816
8436,19,169,0.014713,7817
8437,12,78,0.014705,7818
8438,15,117,0.014698,7818
8439,16,128,0.014690,7819
8440,15,118,0.014683,7819
8441,12,84,0.014676,7819
8442,14,106,0.014668,7820
8443,7,58,0.014661,7821
8444,6,67,0.014654,7822
8445,17,100,0.014646,7824
8446,8,64,0.014639,7824
8447,4,29,0.014632,7824
8448,14,120,0.014625,7825
8449,12,140,0.014617,7825
8450,9,76,0.014610,7827
8451,14,124,0.014603,7829
8452,6,45,0.014595,7829
8453,13,101,0.014588,7829
8454,14,120,0.014581,7830
8455,8,39,0.014573,7831
8456,21,147,0.014566,7833
8457,6,38,0.014559,7834
8458,27,192,0.014552,7834
8459,17,172,0.014544,7836
8460,7,42,0.014537,7836
8461,10,76,0.014530,7838
8462,12,127,0.014522,7842
8463,17,111,0.014515,7842
8464,21,163,0.014508,7844
8465,16,120,0.014501,7845
8466,11,73,0.014493,7845
8467,4,30,0.014486,7845
8468,24,189,0.014479,7846
8469,20,150,0.014472,7846
8470,14,140,0.014464,7846
8471,9,72,0.014457,7846
8472,17,111,0.014450,7848
8473,6,31,0.014443,7848
8474,16,113,0.014436,7848
8475,8,54,0.014428,7848
8476,14,79,0.014421,7848
8477,12,98,0.014414,7848
8478,24,178,0.014407,7850
8479,23,211,0.014400,7850
8480,11,79,0.014392,7851
8481,10,65,0.014385,7851
8482,11,86,0.014378,7851
8483,9,64,0.014371,7852
8484,9,52,0.014364,7852
8485,15,137,0.014356,7853
8486,6,38,0.014349,7853
8487,14,125,0.014342,7854
8488,7,57,0.014335,7854
8489,6,38,0.014328,7854
8490,4,42,0.014321,7854
8491,14,106,0.014313,7856
8492,20,151,0.014306,7859
8493,10,69,0.014299,7859
8494,13,111,0.014292,7860
8495,11,77,0.014285,7861
8496,8,63,0.014278,7861
8497,5,47,0.014270,7861
8498,18,153,0.014263,7862
8499,13,95,0.014256,7862
8500,25,190,0.014249,7863
8501,11,102,0.014242,7864
8502,10,54,0.014235,7865
8503,17,123,0.014228,7866
8504,8,49,0.014221,7867
8505,16,167,0.014213,7868
8506,11,78,0.014206,7869
8507,5,45,0.014199,7870
8508,16,168,0.014192,7870
8509,20,159,0.014185,7872
8510,15,127,0.014178,7872
8511,10,73,0.014171,7872
8512,19,155,0.014164,7873
8513,8,54,0.014157,7874
8514,19,155,0.014150,7875
8515,12,87,0.014143,7876
8516,16,137,0.014136,7877
8517,13,100,0.014128,7878
8518,20,158,0.014121,7879
8519,16,127,0.014114,7880
8520,10,68,0.014107,7880
8521,17,163,0.014100,7881
8522,17,149,0.014093,7882
8523,8,60,0.014086,7884
8524,15,128,0.014079,7886
8525,2,17,0.014072,7886
8526,3,31,0.014065,7886
8527,14,90,0.014058,7886
8528,17,148,0.014051,7886
8529,12,135,0.014044,7886
8530,16,131,0.014037,7886
8531,14,75,0.014030,7888
8532,18,137,0.014023,7888
8533,8,51,0.014016,7888
8534,3,20,0.014009,7888
8535,7,49,0.014002,7889
8536,17,149,0.013995,7890
8537,12,92,0.013988,7890
8538,15,134,0.013981,7890
8539,21,175,0.013974,7891
8540,18,129,0.013967,7892
8541,16,132,0.013960,7893
8542,10,55,0.013953,7894
8543,16,131,0.013946,7897
8544,13,111,0.013939,7898
8545,21,169,0.013932,7899
8546,7,66,0.013925,7899
8547,15,105,0.013918,7899
8548,15,111,0.013911,7899
8549,6,45,0.013904,7899
8550,11,78,0.013897,7899
8551,10,65,0.013890,7900
8552,12,112,0.013883,7902
8553,21,157,0.013876,7903
8554,14,124,0.013869,7904
8555,13,106,0.013862,7905
8556,8,56,0.013856,7905
8557,17,133,0.013849,7905
8558,13,92,0.013842,7906
8559,18,157,0.013835,7907
8560,22,197,0.013828,7908
8561,12,116,0.013821,7909
8562,13,89,0.013814,7910
8563,15,105,0.013807,7911
8564,8,68,0.013800,7911
8565,5,37,0.013793,7911
8566,19,147,0.013786,7913
8567,3,23,0.013780,7913
8568,19,150,0.013773,7914
8569,14,100,0.013766,7915
8570,20,138,0.013759,7915
8571,17,129,0.013752,7916
8572,8,75,0.013745,7916
8573,1,11,0.013738,7917
8574,19,189,0.013731,7918
8575,11,86,0.013725,7918
8576,11,77,0.013718,7920
8577,9,46,0.013711,7921
8578,12,92,0.013704,7921
8579,13,103,0.013697,7922
8580,7,47,0.013690,7922
8581,3,25,0.013683,7923
8582,13,90,0.013677,7923
8583,21,160,0.013670,7924
8584,14,133,0.013663,7924
8585,15,99,0.013656,7925
8586,16,129,0.013649,7926
8587,17,145,0.013642,7927
8588,8,64,0.013636,7927
8589,19,171,0.013629,7928
8590,16,117,0.013622,7929
8591,8,68,0.013615,7930
8592,11,59,0.013608,7930
8593,8,67,0.013602,7931
8594,13,91,0.013595,7933
8595,14,119,0.013588,7933
8596,11,98,0.013581,7935
8597,2,26,0.013574,7935
8598,13,117,0.013568,7935
8599,15,150,0.013561,7937
8600,3,27,0.013554,7937
8601,19,178,0.013547,7938
8602,14,112,0.013540,7939
8603,10,86,0.013534,7939
8604,3,17,0.013527,7939
8605,7,51,0.013520,7942
8606,5,37,0.013513,7943
8607,19,143,0.013507,7943
8608,7,45,0.013500,7944
8609,18,155,0.013493,7945
8610,9,71,0.013486,7946
8611,9,76,0.013480,7947
8612,15,125,0.013473,7947
8613,6,44,0.013466,7948
8614,8,61,0.013459,7949
8615,14,131,0.013453,7950
8616,11,107,0.013446,7951
8617,12,106,0.013439,7953
8618,12,93,0.013433,7953
8619,11,79,0.013426,7953
8620,13,105,0.013419,7954
8621,4,17,0.013412,7955
8622,5,27,0.013406,7955
8623,12,88,0.013399,7955
8624,11,94,0.013392,7956
8625,13,128,0.013386,7956
8626,17,131,0.013379,7957
8627,13,112,0.013372,7957
8628,11,99,0.013365,7959
8629,8,52,0.013359,7960
8630,5,43,0.013352,7960
8631,19,157,0.013345,7961
8632,3,22,0.013339,7961
8633,8,82,0.013332,7962
8634,20,122,0.013325,7963
8635,15,117,0.013319,7964
8636,11,82,0.013312,7965
8637,10,63,0.013305,7966
8638,10,77,0.013299,7967
8639,13,87,0.013292,7967
8640,7,54,0.013286,7967
8641,16,169,0.013279,7968
8642,11,124,0.013272,7970
8643,20,163,0.013266,7971
8644,17,150,0.013259,7972
8645,3,28,0.013252,7972
8646,9,80,0.013246,7973
8647,12,105,0.013239,7973
8648,15,95,0.013232,7974
8649,14,121,0.013226,7975
8650,6,48,0.013219,7975
8651,17,121,0.013213,7975
8652,17,139,0.013206,7975
8653,15,139,0.013199,7975
8654,10,72,0.013193,7975
8655,23,162,0.013186,7976
8656,6,67,0.013180,7976
8657,26,218,0.013173,7977
8658,16,147,0.013166,7981
8659,24,169,0.013160,7981
8660,16,145,0.013153,7981
8661,12,83,0.013147,7982
8662,5,56,0.013140,7983
8663,11,55,0.013134,7983
8664,12,101,0.013127,7983
8665,16,99,0.013120,7984
8666,4,35,0.013114,7984
8667,12,90,0.013107,7984
8668,14,116,0.013101,7984
8669,15,116,0.013094,7985
8670,11,77,0.013088,7987
8671,17,145,0.013081,7991
8672,6,58,0.013075,7991
8673,16,126,0.013068,7992
8674,15,131,0.013062,7993
8675,14,110,0.013055,7994
8676,10,76,0.013048,7995
8677,20,187,0.013042,7996
8678,13,118,0.013035,7996
8679,19,149,0.013029,7997
8680,9,87,0.013022,7998
8681,14,116,0.013016,7999
8682,19,162,0.013009,8000
8683,9,82,0.013003,8000
8684,16,145,0.012996,8000
8685,9,75,0.012990,8001
8686,8,63,0.012983,8002
8687,13,98,0.012977,8003
8688,14,109,0.012970,8004
8689,10,64,0.012964,8004
8690,7,60,0.012957,8004
8691,4,36,0.012951,8004
8692,6,48,0.012944,8006
8693,9,76,0.012938,8006
8694,6,29,0.012932,8007
8695,10,94,0.012925,8008
8696,10,74,0.012919,8008
8697,12,80,0.012912,8009
8698,17,108,0.012906,8009
8699,5,54,0.012899,8009
8700,9,93,0.012893,8010
8701,10,85,0.012886,8010
8702,11,98,0.012880,8011
8703,12,85,0.012873,8011
8704,15,146,0.012867,8012
8705,10,65,0.012861,8012
8706,14,115,0.012854,8013
8707,15,125,0.012848,8014
8708,12,113,0.012841,8015
8709,7,50,0.012835,8015
8710,13,120,0.012828,8016
8711,11,90,0.012822,8017
8712,6,41,0.012816,8017
8713,3,26,0.012809,8017
8714,11,97,0.012803,8017
8715,6,33,0.012796,8017
8716,18,118,0.012790,8018
8717,8,52,0.012784,8019
8718,14,116,0.012777,8020
8719,8,58,0.012771,8020
8720,15,139,0.012764,8020
8721,15,123,0.012758,8021
8722,10,90,0.012752,8021
8723,11,91,0.012745,8022
8724,10,93,0.012739,8023
8725,1,13,0.012733,8023
8726,18,138,0.012726,8024
8727,17,144,0.012720,8026
8728,15,145,0.012713,8026
8729,13,105,0.012707,8026
8730,14,99,0.012701,8027
8731,22,155,0.012694,8027
8732,19,145,0.012688,8028
8733,10,69,0.012682,8029
8734,10,91,0.012675,8030
8735,0,6,0.012669,8030
8736,11,96,0.012663,8031
8737,15,134,0.012656,8032
8738,15,153,0.012650,8032
8739,13,114,0.012644,8032
8740,5,40,0.012637,8032
8741,16,123,0.012631,8033
8742,13,104,0.012625,8036
8743,8,43,0.012618,8036
8744,10,72,0.012612,8036
8745,15,142,0.012606,8037
8746,18,132,0.012600,8037
8747,3,12,0.012593,8037
8748,19,157,0.012587,8038
8749,18,156,0.012581,8039
8750,14,122,0.012574,8039
8751,17,106,0.012568,8040
8752,13,102,0.012562,8040
8753,17,129,0.012556,8040
8754,17,125,0.012549,8041
8755,16,95,0.012543,8042
8756,6,54,0.012537,8042
8757,17,133,0.012530,8046
8758,9,75,0.012524,8046
8759,22,193,0.012518,8046
8760,15,108,0.012512,8046
8761,26,224,0.012505,8047
8762,11,82,0.012499,8048
8763,14,129,0.012493,8049
8764,22,152,0.012487,8049
8765,10,62,0.012480,8051
8766,4,43,0.012474,8051
8767,7,63,0.012468,8051
8768,20,158,0.012462,8052
8769,13,93,0.012455,8053
8770,6,51,0.012449,8053
8771,17,122,0.012443,8055
8772,5,42,0.012437,8055
8773,14,105,0.012431,8056
8774,10,78,0.012424,8057
8775,19,167,0.012418,8059
8776,8,48,0.012412,8059
8777,21,138,0.012406,8060
8778,12,86,0.012400,8060
8779,21,145,0.012393,8061
8780,12,94,0.012387,8061
8781,11,90,0.012381,8062
8782,13,99,0.012375,8062
8783,20,132,0.012369,8062
8784,9,66,0.012362,8062
8785,2,17,0.012356,8062
8786,18,162,0.012350,8062
8787,13,97,0.012344,8062
8788,14,99,0.012338,8063
8789,14,109,0.012331,8064
8790,9,61,0.012325,8065
8791,11,80,0.012319,8065
8792,17,114,0.012313,8065
8793,12,80,0.012307,8065
8794,17,129,0.012301,8067
8795,8,55,0.012295,8067
8796,18,167,0.012288,8067
8797,12,92,0.012282,8068
8798,27,198,0.012276,8069
8799,11,90,0.012270,8069
8800,15,94,0.012264,8069
8801,12,67,0.012258,8070
8802,19,148,0.012252,8070
8803,9,64,0.012245,8070
8804,8,67,0.012239,8071
8805,8,75,0.012233,8072
8806,12,103,0.012227,8073
8807,10,78,0.012221,8074
8808,14,96,0.012215,8074
8809,11,85,0.012209,8075
8810,5,28,0.012203,8075
8811,12,101,0.012197,8075
8812,13,107,0.012190,8076
8813,4,20,0.012184,8076
8814,13,74,0.012178,8077
8815,14,90,0.012172,8077
8816,16,118,0.012166,8077
8817,12,75,0.012160,8078
8818,9,48,0.012154,8078
8819,15,123,0.012148,8078
8820,25,202,0.012142,8081
8821,22,150,0.012136,8082
8822,11,89,0.012130,8082
8823,13,95,0.012124,8082
8824,9,69,0.012118,8083
8825,10,69,0.012111,8083
8826,18,137,0.012105,8083
8827,6,32,0.012099,8083
8828,8,69,0.012093,8084
8829,14,67,0.012087,8085
8830,11,82,0.012081,8086
8831,10,59,0.012075,8087
8832,14,109,0.012069,8090
8833,10,93,0.012063,8090
8834,2,12,0.012057,8090
8835,17,107,0.012051,8091
8836,10,74,0.012045,8091
8837,14,96,0.012039,8091
8838,11,104,0.012033,8091
8839,16,136,0.012027,8091
8840,3,19,0.012021,8091
8841,6,82,0.012015,8092
8842,14,82,0.012009,8093
8843,12,82,0.012003,8093
8844,16,160,0.011997,8094
8845,10,82,0.011991,8096
8846,8,73,0.011985,8097
8847,17,114,0.011979,8097
8848,14,100,0.011973,8097
8849,19,143,0.011967,8098
8850,6,66,0.011961,8098
8851,24,177,0.011955,8098
8852,3,35,0.011949,8098
8853,5,47,0.011943,8099
8854,8,63,0.011937,8100
8855,21,188,0.011931,8100
8856,18,157,0.011925,8101
8857,5,25,0.011919,8102
8858,14,134,0.011913,8103
8859,6,61,0.011907,8103
8860,16,141,0.011901,8104
8861,3,30,0.011895,8104
8862,9,84,0.011889,8104
8863,11,73,0.011883,8106
8864,9,53,0.011878,8106
8865,14,101,0.011872,8106
8866,5,38,0.011866,8106
8867,14,102,0.011860,8107
8868,19,148,0.011854,8108
8869,9,66,0.011848,8108
8870,10,106,0.011842,8109
8871,9,93,0.011836,8109
8872,13,90,0.011830,8110
8873,13,119,0.011824,8110
8874,13,105,0.011818,8110
8875,19,135,0.011812,8111
8876,18,125,0.011806,8112
8877,10,55,0.011801,8112
8878,19,195,0.011795,8113
8879,23,142,0.011789,8114
8880,15,120,0.011783,8115
8881,9,95,0.011777,8115
8882,17,168,0.011771,8115
8883,10,63,0.011765,8115
8884,7,67,0.011759,8116
8885,13,88,0.011753,8116
8886,11,100,0.011748,8116
8887,12,95,0.011742,8116
8888,9,81,0.011736,8118
8889,16,103,0.011730,8118
8890,18,132,0.011724,8119
8891,26,176,0.011718,8119
8892,24,204,0.011712,8119
8893,14,130,0.011706,8121
8894,17,131,0.011701,8122
8895,9,58,0.011695,8122
8896,4,23,0.011689,8122
8897,10,50,0.011683,8123
8898,23,185,0.011677,8126
8899,11,78,0.011671,8126
8900,18,119,0.011666,8128
8901,10,50,0.011660,8128
8902,14,114,0.011654,8129
8903,11,78,0.011648,8129
8904,11,67,0.011642,8129
8905,12,95,0.011636,8129
8906,10,82,0.011631,8129
8907,14,137,0.011625,8129
8908,12,118,0.011619,8129
8909,16,118,0.011613,8131
8910,15,110,0.011607,8132
8911,13,119,0.011602,8133
8912,10,93,0.011596,8134
8913,13,97,0.011590,8135
8914,13,126,0.011584,8136
8915,16,149,0.011578,8138
8916,10,80,0.011573,8138
8917,12,111,0.011567,8138
8918,11,69,0.011561,8138
8919,21,200,0.011555,8138
8920,20,151,0.011549,8139
8921,3,28,0.011544,8139
8922,20,168,0.011538,8139
8923,14,107,0.011532,8139
8924,10,51,0.011526,8140
8925,13,88,0.011521,8141
8926,12,102,0.011515,8142
8927,19,154,0.011509,8143
8928,11,106,0.011503,8143
8929,7,36,0.011498,8143
8930,7,47,0.011492,8143
8931,21,150,0.011486,8144
8932,13,109,0.011480,8145
8933,6,40,0.011475,8146
8934,6,41,0.011469,8147
8935,20,156,0.011463,8148
8936,14,126,0.011457,8149
8937,9,62,0.011452,8149
8938,23,141,0.011446,8150
8939,9,83,0.011440,8151
8940,15,125,0.011435,8152
8941,12,109,0.011429,8153
8942,20,133,0.011423,8154
8943,16,125,0.011417,8155
8944,7,38,0.011412,8155
8945,10,83,0.011406,8156
8946,12,89,0.011400,8156
8947,18,168,0.011395,8157
8948,14,113,0.011389,8158
8949,15,169,0.011383,8158
8950,11,92,0.011377,8158
8951,17,137,0.011372,8158
8952,10,73,0.011366,8158
8953,15,124,0.011360,8158
8954,22,167,0.011355,8158
8955,4,26,0.011349,8158
8956,16,151,0.011343,8161
8957,9,76,0.011338,8161
8958,26,162,0.011332,8163
8959,7,47,0.011326,8163
8960,21,158,0.011321,8164
8961,17,144,0.011315,8164
8962,14,125,0.011309,8164
8963,19,175,0.011304,8165
8964,10,56,0.011298,8166
8965,9,79,0.011292,8168
8966,14,119,0.011287,8169
8967,13,109,0.011281,8170
8968,13,106,0.011276,8172
8969,12,84,0.011270,8174
8970,19,164,0.011264,8175
8971,14,93,0.011259,8175
8972,14,123,0.011253,8177
8973,19,179,0.011247,8177
8974,18,132,0.011242,8179
8975,20,148,0.011236,8179
8976,11,101,0.011230,8180
8977,12,109,0.011225,8181
8978,7,43,0.011219,8181
8979,6,52,0.011214,8181
8980,15,125,0.011208,8181
8981,14,103,0.011202,8183
8982,14,105,0.011197,8184
8983,17,141,0.011191,8184
8984,8,53,0.011186,8184
8985,14,103,0.011180,8184
8986,9,57,0.011174,8184
8987,10,79,0.011169,8185
8988,21,189,0.011163,8186
8989,16,142,0.011158,8186
8990,7,57,0.011152,8186
8991,22,166,0.011147,8188
8992,15,136,0.011141,8188
8993,8,63,0.011135,8188
8994,14,112,0.011130,8189
8995,16,147,0.011124,8190
8996,14,116,0.011119,8190
8997,21,182,0.011113,8191
8998,20,152,0.011108,8191
8999,18,137,0.011102,8192
9000,3,25,0.011097,8192
9001,18,145,0.011091,8193
9002,17,134,0.011085,8194
9003,13,91,0.011080,8194
9004,11,87,0.011074,8195
9005,15,127,0.011069,8196
9006,13,132,0.011063,8197
9007,4,25,0.011058,8197
9008,15,108,0.011052,8199
9009,14,115,0.011047,8200
9010,18,153,0.011041,8200
9011,10,84,0.011036,8201
9012,12,98,0.011030,8201
9013,17,158,0.011025,8201
9014,2,23,0.011019,8201
9015,19,162,0.011014,8201
9016,13,81,0.011008,8202
9017,11,93,0.011003,8202
9018,4,21,0.010997,8202
9019,5,20,0.010992,8202
9020,16,110,0.010986,8205
9021,11,86,0.010981,8205
9022,4,20,0.010975,8205
9023,4,35,0.010970,8205
9024,11,87,0.010964,8206
9025,10,74,0.010959,8206
9026,17,154,0.010953,8206
9027,14,93,0.010948,8207
9028,13,114,0.010942,8208
9029,12,78,0.010937,8209
9030,18,128,0.010931,8209
9031,10,78,0.010926,8210
9032,16,125,0.010920,8213
9033,9,72,0.010915,8213
9034,20,152,0.010909,8213
9035,8,72,0.010904,8213
9036,8,70,0.010899,8214
9037,8,74,0.010893,8214
9038,15,104,0.010888,8214
9039,3,19,0.010882,8214
9040,2,9,0.010877,8214
9041,11,62,0.010871,8215
9042,2,18,0.010866,8215
9043,20,155,0.010860,8216
9044,19,136,0.010855,8218
9045,17,128,0.010850,8219
9046,8,75,0.010844,8219
9047,13,97,0.010839,8220
9048,14,125,0.010833,8220
9049,15,117,0.010828,8221
9050,4,39,0.010822,8221
9051,16,133,0.010817,8221
9052,19,147,0.010812,8222
9053,19,151,0.010806,8222
9054,19,147,0.010801,8223
9055,8,80,0.010795,8224
9056,14,112,0.010790,8224
9057,11,82,0.010785,8224
9058,9,69,0.010779,8224
9059,13,130,0.010774,8225
9060,12,93,0.010768,8226
9061,5,18,0.010763,8226
9062,11,106,0.010758,8227
9063,7,39,0.010752,8228
9064,22,181,0.010747,8229
9065,16,138,0.010742,8230
9066,11,83,0.010736,8231
9067,8,60,0.010731,8231
9068,14,119,0.010725,8232
9069,10,86,0.010720,8233
9070,13,90,0.010715,8234
9071,18,150,0.010709,8235
9072,13,87,0.010704,8235
9073,11,82,0.010699,8237
9074,21,146,0.010693,8238
9075,8,64,0.010688,8238
9076,7,54,0.010683,8238
9077,14,119,0.010677,8239
9078,8,50,0.010672,8240
9079,10,81,0.010667,8241
9080,14,135,0.010661,8242
9081,15,102,0.010656,8243
9082,12,87,0.010651,8244
9083,19,155,0.010645,8244
9084,15,101,0.010640,8244
9085,4,32,0.010635,8244
9086,14,96,0.010629,8245
9087,17,142,0.010624,8246
9088,13,110,0.010619,8246
9089,9,76,0.010613,8246
9090,14,116,0.010608,8247
9091,10,62,0.010603,8247
9092,25,177,0.010598,8248
9093,15,132,0.010592,8249
9094,13,106,0.010587,8249
9095,4,46,0.010582,8250
9096,14,96,0.010576,8251
9097,17,151,0.010571,8251
9098,8,51,0.010566,8251
9099,11,77,0.010560,8252
9100,6,42,0.010555,8252
9101,17,132,0.010550,8252
9102,26,225,0.010545,8253
9103,22,176,0.010539,8253
9104,11,75,0.010534,8254
9105,20,141,0.010529,8256
9106,15,131,0.010524,8257
9107,19,162,0.010518,8258
9108,8,74,0.010513,8260
9109,17,120,0.010508,8260
9110,17,146,0.010503,8261
9111,18,129,0.010497,8261
9112,10,70,0.010492,8263
9113,15,104,0.010487,8264
9114,14,116,0.010482,8265
9115,3,22,0.010476,8267
9116,13,121,0.010471,8268
9117,14,116,0.010466,8269
9118,20,115,0.010461,8270
9119,5,26,0.010455,8271
9120,18,117,0.010450,8271
9121,16,131,0.010445,8271
9122,18,164,0.010440,8272
9123,21,166,0.010434,8272
9124,6,43,0.010429,8273
9125,12,97,0.010424,8273
9126,16,140,0.010419,8274
9127,6,39,0.010414,8274
9128,19,137,0.010408,8275
9129,8,55,0.010403,8276
9130,26,251,0.010398,8278
9131,14,118,0.010393,8278
9132,22,185,0.010388,8279
9133,10,69,0.010382,8279
9134,3,27,0.010377,8279
9135,17,98,0.010372,8280
9136,23,198,0.010367,8282
9137,15,125,0.010362,8284
9138,15,143,0.010356,8284
9139,7,42,0.010351,8285
9140,6,32,0.010346,8285
9141,9,79,0.010341,8285
9142,10,85,0.010336,8286
9143,14,101,0.010331,8288
9144,14,81,0.010325,8289
9145,15,129,0.010320,8290
9146,11,80,0.010315,8291
9147,19,170,0.010310,8292
9148,10,73,0.010305,8292
9149,8,57,0.010300,8293
9150,10,64,0.010295,8294
9151,14,94,0.010289,8294
9152,5,49,0.010284,8294
9153,14,130,0.010279,8294
9154,13,96,0.010274,8296
9155,11,84,0.010269,8296
9156,21,132,0.010264,8297
9157,22,186,0.010259,8298
9158,17,137,0.010253,8299
9159,31,207,0.010248,8300
9160,14,103,0.010243,8301
9161,7,50,0.010238,8301
9162,5,46,0.010233,8301
9163,12,84,0.010228,8302
9164,12,90,0.010223,8304
9165,8,56,0.010218,8304
9166,19,158,0.010212,8304
9167,12,97,0.010207,8304
9168,14,92,0.010202,8306
9169,3,19,0.010197,8307
9170,15,106,0.010192,8309
9171,12,89,0.010187,8310
9172,21,172,0.010182,8312
9173,10,73,0.010177,8312
9174,15,129,0.010172,8312
9175,14,142,0.010167,8312
9176,15,143,0.010162,8312
9177,7,59,0.010156,8312
9178,16,98,0.010151,8314
9179,12,102,0.010146,8314
9180,1,10,0.010141,8314
9181,19,136,0.010136,8317
9182,13,108,0.010131,8317
9183,23,171,0.010126,8317
9184,4,25,0.010121,8317
9185,20,146,0.010116,8317
9186,18,167,0.010111,8318
9187,19,185,0.010106,8320
9188,17,147,0.010101,8320
9189,20,168,0.010096,8320
9190,12,103,0.010091,8321
9191,9,66,0.010086,8322
9192,9,59,0.010081,8323
9193,9,68,0.010075,8323
9194,16,125,0.010070,8325
9195,8,62,0.010065,8326
9196,20,184,0.010060,8327
9197,12,90,0.010055,8328
9198,8,55,0.010050,8328
9199,25,198,0.010045,8329
9200,27,184,0.010040,8329
9201,8,57,0.010035,8330
9202,15,101,0.010030,8330
9203,21,178,0.010025,8331
9204,15,151,0.010020,8331
9205,16,149,0.010015,8332
9206,10,71,0.010010,8332
9207,12,94,0.010005,8333
9208,9,50,0.010000,8333
9209,20,145,0.010000,8333
9210,5,25,0.010000,8333
9211,11,109,0.010000,8333
9212,13,121,0.010000,8335
9213,6,48,0.010000,8335
9214,14,124,0.010000,8335
9215,10,95,0.010000,8335
9216,22,166,0.010000,8335
9217,11,80,0.010000,8336
9218,7,48,0.010000,8337
9219,10,82,0.010000,8337
9220,19,156,0.010000,8338
9221,15,136,0.010000,8338
9222,4,17,0.010000,8338
9223,10,52,0.010000,8339
9224,16,158,0.010000,8340
9225,8,74,0.010000,8341
9226,14,117,0.010000,8342
9227,12,75,0.010000,8343
9228,6,62,0.010000,8343
9229,22,182,0.010000,8345
9230,1,11,0.010000,8345
9231,14,111,0.010000,8345
9232,17,137,0.010000,8345
9233,9,55,0.010000,8345
9234,4,31,0.010000,8345
9235,18,120,0.010000,8345
9236,14,128,0.010000,8345
9237,4,23,0.010000,8346
9238,7,58,0.010000,8347
9239,8,67,0.010000,8348
9240,14,107,0.010000,8348
9241,22,188,0.010000,8348
9242,12,116,0.010000,8349
9243,27,177,0.010000,8350
9244,18,137,0.010000,8351
9245,13,108,0.010000,8351
9246,11,109,0.010000,8353
9247,12,85,0.010000,8354
9248,14,116,0.010000,8355
9249,15,95,0.010000,8355
9250,12,80,0.010000,8356
9251,14,121,0.010000,8357
9252,15,139,0.010000,8357
9253,4,28,0.010000,8358
9254,17,141,0.010000,8360
9255,19,183,0.010000,8361
9256,6,46,0.010000,8362
9257,12,81,0.010000,8362
9258,18,177,0.010000,8364
9259,22,160,0.010000,8365
9260,15,100,0.010000,8365
9261,12,98,0.010000,8366
9262,8,62,0.010000,8366
9263,8,65,0.010000,8367
9264,17,141,0.010000,8368
9265,7,53,0.010000,8368
9266,13,123,0.010000,8369
9267,16,107,0.010000,8370
9268,15,117,0.010000,8371
9269,18,157,0.010000,8371
9270,11,75,0.010000,8372
9271,25,215,0.010000,8372
9272,25,221,0.010000,8372
9273,19,143,0.010000,8374
9274,1,8,0.010000,8374
9275,14,135,0.010000,8376
9276,10,90,0.010000,8376
9277,18,156,0.010000,8376
9278,4,43,0.010000,8376
9279,12,83,0.010000,8376
9280,3,29,0.010000,8376
9281,17,123,0.010000,8376
9282,13,108,0.010000,8376
9283,8,67,0.010000,8376
9284,11,87,0.010000,8377
9285,9,45,0.010000,8378
9286,11,80,0.010000,8378
9287,20,135,0.010000,8378
9288,8,73,0.010000,8379
9289,20,171,0.010000,8380
9290,6,42,0.010000,8380
9291,14,124,0.010000,8380
9292,17,151,0.010000,8381
9293,7,61,0.010000,8382
9294,24,197,0.010000,8383
9295,14,126,0.010000,8384
9296,28,196,0.010000,8385
9297,11,76,0.010000,8386
9298,16,122,0.010000,8387
9299,7,53,0.010000,8387
9300,6,54,0.010000,8388
9301,17,137,0.010000,8388
9302,12,72,0.010000,8388
9303,20,153,0.010000,8391
9304,12,84,0.010000,8393
9305,6,46,0.010000,8394
9306,12,99,0.010000,8395
9307,9,60,0.010000,8395
9308,12,83,0.010000,8396
9309,12,88,0.010000,8396
9310,15,95,0.010000,8397
9311,10,75,0.010000,8397
9312,13,117,0.010000,8397
9313,20,145,0.010000,8397
9314,15,134,0.010000,8397
9315,24,177,0.010000,8398
9316,15,114,0.010000,8399
9317,9,67,0.010000,8399
9318,13,81,0.010000,8399
9319,10,98,0.010000,8400
9320,4,34,0.010000,8400
9321,12,85,0.010000,8401
9322,17,116,0.010000,8402
9323,25,207,0.010000,8403
9324,13,81,0.010000,8404
9325,10,67,0.010000,8405
9326,23,190,0.010000,8406
9327,4,42,0.010000,8406
9328,11,80,0.010000,8407
9329,9,74,0.010000,8407
9330,19,182,0.010000,8407
9331,6,42,0.010000,8407
9332,17,159,0.010000,8407
9333,3,23,0.010000,8407
9334,1,11,0.010000,8407
9335,16,119,0.010000,8408
9336,9,56,0.010000,8409
9337,9,77,0.010000,8409
9338,10,83,0.010000,8409
9339,8,67,0.010000,8410
9340,9,50,0.010000,8410
9341,8,74,0.010000,8410
9342,10,94,0.010000,8411
9343,14,104,0.010000,8412
9344,14,94,0.010000,8413
9345,15,119,0.010000,8414
9346,10,83,0.010000,8415
9347,12,93,0.010000,8415
9348,10,71,0.010000,8415
9349,16,122,0.010000,8416
9350,23,198,0.010000,8417
9351,14,98,0.010000,8418
9352,11,64,0.010000,8420
9353,16,123,0.010000,8421
9354,17,152,0.010000,8422
9355,12,99,0.010000,8422
9356,15,144,0.010000,8423
9357,14,111,0.010000,8424
9358,5,42,0.010000,8425
9359,8,83,0.010000,8425
9360,9,68,0.010000,8425
9361,23,184,0.010000,8426
9362,9,72,0.010000,8427
9363,9,80,0.010000,8427
9364,24,203,0.010000,8428
9365,16,116,0.010000,8428
9366,15,122,0.010000,8429
9367,18,132,0.010000,8430
9368,16,109,0.010000,8430
9369,16,119,0.010000,8430
9370,8,56,0.010000,8430
9371,8,54,0.010000,8431
9372,9,67,0.010000,8431
9373,17,152,0.010000,8431
9374,6,50,0.010000,8431
9375,18,129,0.010000,8431
9376,12,83,0.010000,8432
9377,13,83,0.010000,8433
9378,16,115,0.010000,8434
9379,7,46,0.010000,8435
9380,14,94,0.010000,8437
9381,10,69,0.010000,8438
9382,19,143,0.010000,8439
9383,18,129,0.010000,8440
9384,10,80,0.010000,8440
9385,4,18,0.010000,8440
9386,13,99,0.010000,8440
9387,13,90,0.010000,8440
9388,12,101,0.010000,8442
9389,14,119,0.010000,8443
9390,14,119,0.010000,8444
9391,23,215,0.010000,8445
9392,10,82,0.010000,8446
9393,15,128,0.010000,8446
9394,23,162,0.010000,8446
9395,5,23,0.010000,8446
9396,11,100,0.010000,8447
9397,12,81,0.010000,8447
9398,12,118,0.010000,8447
9399,10,88,0.010000,8447
9400,16,142,0.010000,8447
9401,10,69,0.010000,8447
9402,4,27,0.010000,8447
9403,12,98,0.010000,8448
9404,4,29,0.010000,8448
9405,5,42,0.010000,8448
9406,21,171,0.010000,8449
9407,23,164,0.010000,8450
9408,17,108,0.010000,8451
9409,14,99,0.010000,8451
9410,13,97,0.010000,8452
9411,17,102,0.010000,8454
9412,2,15,0.010000,8454
9413,16,121,0.010000,8455
9414,6,52,0.010000,8455
9415,20,134,0.010000,8457
9416,17,153,0.010000,8458
9417,17,159,0.010000,8458
9418,7,47,0.010000,8458
9419,12,95,0.010000,8459
9420,8,71,0.010000,8459
9421,13,103,0.010000,8459
9422,12,98,0.010000,8459
9423,13,92,0.010000,8459
9424,18,152,0.010000,8460
9425,9,71,0.010000,8461
9426,19,166,0.010000,8461
9427,13,85,0.010000,8461
9428,10,90,0.010000,8461
9429,9,69,0.010000,8462
9430,4,27,0.010000,8463
9431,11,92,0.010000,8464
9432,18,154,0.010000,8465
9433,12,85,0.010000,8466
9434,16,150,0.010000,8466
9435,16,123,0.010000,8467
9436,12,79,0.010000,8468
9437,10,60,0.010000,8468
9438,16,111,0.010000,8468
9439,19,156,0.010000,8468
9440,20,174,0.010000,8469
9441,16,115,0.010000,8469
9442,5,41,0.010000,8469
9443,12,85,0.010000,8470
9444,11,86,0.010000,8471
9445,14,122,0.010000,8472
9446,13,112,0.010000,8472
9447,7,40,0.010000,8472
9448,14,115,0.010000,8473
9449,8,50,0.010000,8474
9450,14,115,0.010000,8475
9451,3,28,0.010000,8475
9452,19,147,0.010000,8477
9453,8,41,0.010000,8477
9454,13,104,0.010000,8478
9455,18,136,0.010000,8478
9456,21,166,0.010000,8482
9457,10,57,0.010000,8483
9458,10,74,0.010000,8483
9459,8,59,0.010000,8483
9460,9,69,0.010000,8483
9461,9,65,0.010000,8484
9462,12,94,0.010000,8485
9463,25,192,0.010000,8485
9464,16,158,0.010000,8485
9465,18,109,0.010000,8486
9466,12,78,0.010000,8488
9467,16,134,0.010000,8489
9468,11,78,0.010000,8489
9469,12,86,0.010000,8489
9470,18,171,0.010000,8490
9471,6,65,0.010000,8491
9472,17,140,0.010000,8491
9473,23,185,0.010000,8491
9474,22,206,0.010000,8491
9475,18,175,0.010000,8492
9476,13,100,0.010000,8492
9477,13,101,0.010000,8493
9478,8,58,0.010000,8493
9479,16,110,0.010000,8493
9480,19,164,0.010000,8495
9481,9,68,0.010000,8495
9482,12,103,0.010000,8496
9483,15,130,0.010000,8496
9484,16,121,0.010000,8499
9485,13,123,0.010000,8499
9486,15,109,0.010000,8499
9487,7,69,0.010000,8501
9488,10,65,0.010000,8501
9489,6,41,0.010000,8502
9490,17,99,0.010000,8502
9491,15,139,0.010000,8503
9492,12,82,0.010000,8504
9493,3,27,0.010000,8504
9494,7,69,0.010000,8504
9495,12,104,0.010000,8504
9496,15,95,0.010000,8504
9497,11,82,0.010000,8504
9498,9,76,0.010000,8505
9499,20,192,0.010000,8506
9500,17,114,0.010000,8506
9501,13,98,0.010000,8507
9502,0,8,0.010000,8507
9503,11,87,0.010000,8508
9504,5,40,0.010000,8508
9505,24,179,0.010000,8509
9506,23,142,0.010000,8509
9507,18,125,0.010000,8509
9508,10,54,0.010000,8509
9509,13,97,0.010000,8510
9510,5,51,0.010000,8510
9511,13,109,0.010000,8511
9512,13,132,0.010000,8511
9513,9,106,0.010000,8511
9514,5,43,0.010000,8511
9515,6,51,0.010000,8511
9516,11,87,0.010000,8511
9517,2,23,0.010000,8511
9518,7,68,0.010000,8511
9519,8,59,0.010000,8512
9520,13,90,0.010000,8512
9521,17,160,0.010000,8512
9522,14,91,0.010000,8512
9523,12,95,0.010000,8514
9524,16,146,0.010000,8515
9525,10,65,0.010000,8516
9526,8,49,0.010000,8516
9527,14,114,0.010000,8516
9528,13,70,0.010000,8517
9529,15,116,0.010000,8517
9530,13,110,0.010000,8517
9531,2,9,0.010000,8518
9532,13,101,0.010000,8519
9533,18,150,0.010000,8520
9534,11,95,0.010000,8520
9535,18,140,0.010000,8521
9536,14,116,0.010000,8522
9537,14,125,0.010000,8522
9538,14,107,0.010000,8522
9539,5,43,0.010000,8522
9540,11,79,0.010000,8523
9541,16,117,0.010000,8524
9542,11,78,0.010000,8525
9543,19,129,0.010000,8526
9544,10,66,0.010000,8528
9545,8,61,0.010000,8528
9546,29,222,0.010000,8528
9547,10,79,0.010000,8529
9548,15,125,0.010000,8530
9549,19,153,0.010000,8531
9550,10,68,0.010000,8531
9551,12,100,0.010000,8532
9552,9,73,0.010000,8532
9553,14,103,0.010000,8533
9554,14,123,0.010000,8533
9555,5,41,0.010000,8533
9556,7,33,0.010000,8533
9557,14,114,0.010000,8533
9558,14,85,0.010000,8535
9559,15,130,0.010000,8535
9560,3,27,0.010000,8535
9561,14,148,0.010000,8536
9562,16,139,0.010000,8536
9563,10,78,0.010000,8536
9564,13,87,0.010000,8537
9565,11,101,0.010000,8537
9566,18,165,0.010000,8538
9567,7,69,0.010000,8538
9568,17,175,0.010000,8539
9569,14,106,0.010000,8540
9570,13,87,0.010000,8541
9571,13,120,0.010000,8541
9572,28,243,0.010000,8543
9573,22,161,0.010000,8544
9574,12,80,0.010000,8544
9575,4,28,0.010000,8544
9576,11,85,0.010000,8544
9577,9,50,0.010000,8546
9578,21,148,0.010000,8548
9579,12,95,0.010000,8549
9580,20,148,0.010000,8550
9581,6,57,0.010000,8550
9582,0,8,0.010000,8550
9583,8,56,0.010000,8550
9584,8,50,0.010000,8551
9585,13,102,0.010000,8551
9586,14,102,0.010000,8552
9587,18,162,0.010000,8552
9588,0,8,0.010000,8552
9589,17,152,0.010000,8553
9590,7,68,0.010000,8553
9591,13,95,0.010000,8554
9592,27,248,0.010000,8554
9593,19,135,0.010000,8555
9594,8,83,0.010000,8555
9595,15,143,0.010000,8556
9596,3,22,0.010000,8556
9597,8,54,0.010000,8557
9598,22,192,0.010000,8557
9599,19,166,0.010000,8558
9600,7,48,0.010000,8558
9601,17,156,0.010000,8559
9602,15,104,0.010000,8559
9603,14,102,0.010000,8559
9604,17,154,0.010000,8559
9605,11,92,0.010000,8559
9606,16,114,0.010000,8560
9607,4,33,0.010000,8560
9608,16,151,0.010000,8560
9609,16,123,0.010000,8560
9610,23,175,0.010000,8560
9611,8,75,0.010000,8560
9612,6,42,0.010000,8560
9613,14,122,0.010000,8561
9614,1,19,0.010000,8561
9615,5,46,0.010000,8561
9616,6,46,0.010000,8561
9617,20,174,0.010000,8561
9618,20,179,0.010000,8561
9619,22,191,0.010000,8562
9620,17,143,0.010000,8562
9621,7,41,0.010000,8564
9622,11,68,0.010000,8565
9623,18,164,0.010000,8565
9624,14,129,0.010000,8566
9625,16,120,0.010000,8566
9626,18,139,0.010000,8566
9627,10,67,0.010000,8566
9628,10,69,0.010000,8566
9629,8,63,0.010000,8566
9630,8,66,0.010000,8567
9631,21,175,0.010000,8568
9632,11,93,0.010000,8568
9633,16,115,0.010000,8569
9634,14,120,0.010000,8569
9635,8,68,0.010000,8570
9636,9,71,0.010000,8570
9637,7,64,0.010000,8570
9638,7,56,0.010000,8571
9639,12,101,0.010000,8572
9640,10,92,0.010000,8573
9641,19,152,0.010000,8574
9642,20,160,0.010000,8574
9643,22,178,0.010000,8575
9644,13,95,0.010000,8576
9645,10,91,0.010000,8577
9646,21,155,0.010000,8577
9647,19,186,0.010000,8577
9648,14,104,0.010000,8577
9649,16,155,0.010000,8577
9650,14,107,0.010000,8577
9651,13,124,0.010000,8578
9652,9,73,0.010000,8579
9653,18,161,0.010000,8579
9654,18,152,0.010000,8579
9655,19,173,0.010000,8580
9656,6,67,0.010000,8580
9657,22,148,0.010000,8581
9658,8,67,0.010000,8581
9659,14,103,0.010000,8581
9660,7,41,0.010000,8582
9661,21,198,0.010000,8583
9662,11,99,0.010000,8583
9663,15,102,0.010000,8583
9664,4,19,0.010000,8583
9665,18,148,0.010000,8583
9666,9,67,0.010000,8585
9667,23,194,0.010000,8585
9668,15,96,0.010000,8586
9669,10,83,0.010000,8587
9670,19,159,0.010000,8589
9671,15,131,0.010000,8589
9672,12,64,0.010000,8590
9673,6,47,0.010000,8591
9674,17,118,0.010000,8594
9675,10,82,0.010000,8594
9676,15,123,0.010000,8594
9677,4,27,0.010000,8595
9678,13,103,0.010000,8595
9679,15,117,0.010000,8595
9680,15,97,0.010000,8595
9681,9,79,0.010000,8596
9682,18,120,0.010000,8597
9683,12,98,0.010000,8597
9684,15,130,0.010000,8598
9685,3,31,0.010000,8598
9686,18,148,0.010000,8600
9687,12,62,0.010000,8600
9688,5,24,0.010000,8602
9689,7,51,0.010000,8603
9690,19,182,0.010000,8604
9691,17,141,0.010000,8605
9692,25,181,0.010000,8605
9693,5,38,0.010000,8605
9694,10,76,0.010000,8606
9695,6,29,0.010000,8606
9696,15,113,0.010000,8607
9697,15,109,0.010000,8608
9698,18,154,0.010000,8608
9699,15,119,0.010000,8610
9700,11,75,0.010000,8611
9701,21,167,0.010000,8611
9702,15,127,0.010000,8611
9703,16,109,0.010000,8612
9704,11,72,0.010000,8612
9705,11,81,0.010000,8612
9706,13,92,0.010000,8613
9707,16,125,0.010000,8613
9708,7,49,0.010000,8613
9709,9,105,0.010000,8613
9710,14,105,0.010000,8614
9711,14,96,0.010000,8615
9712,8,49,0.010000,8615
9713,12,97,0.010000,8616
9714,22,163,0.010000,8616
9715,16,154,0.010000,8616
9716,13,110,0.010000,8616
9717,13,116,0.010000,8616
9718,27,232,0.010000,8617
9719,2,16,0.010000,8617
9720,5,49,0.010000,8617
9721,9,64,0.010000,8617
9722,13,68,0.010000,8617
9723,16,118,0.010000,8619
9724,17,159,0.010000,8621
9725,14,93,0.010000,8622
9726,13,91,0.010000,8623
9727,20,154,0.010000,8624
9728,18,111,0.010000,8625
9729,16,113,0.010000,8625
9730,10,85,0.010000,8625
9731,20,176,0.010000,8625
9732,20,141,0.010000,8625
9733,7,41,0.010000,8626
9734,18,99,0.010000,8626
9735,11,100,0.010000,8626
9736,16,112,0.010000,8628
9737,21,157,0.010000,8630
9738,20,189,0.010000,8631
9739,10,72,0.010000,8632
9740,11,76,0.010000,8633
9741,26,267,0.010000,8633
9742,9,71,0.010000,8634
9743,16,114,0.010000,8635
9744,17,150,0.010000,8636
9745,9,72,0.010000,8637
9746,17,131,0.010000,8638
9747,15,121,0.010000,8638
9748,14,105,0.010000,8639
9749,7,61,0.010000,8640
9750,13,92,0.010000,8640
9751,11,82,0.010000,8640
9752,18,157,0.010000,8641
9753,15,106,0.010000,8642
9754,15,142,0.010000,8642
9755,12,83,0.010000,8642
9756,22,154,0.010000,8644
9757,9,70,0.010000,8645
9758,12,90,0.010000,8645
9759,2,10,0.010000,8645
9760,13,82,0.010000,8647
9761,17,123,0.010000,8647
9762,13,119,0.010000,8647
9763,25,214,0.010000,8647
9764,1,9,0.010000,8647
9765,17,100,0.010000,8648
9766,7,73,0.010000,8648
9767,11,80,0.010000,8648
9768,16,153,0.010000,8648
9769,8,73,0.010000,8648
9770,9,51,0.010000,8648
9771,12,94,0.010000,8648
9772,6,46,0.010000,8650
9773,15,123,0.010000,8650
9774,3,20,0.010000,8650
9775,6,33,0.010000,8650
9776,15,106,0.010000,8651
9777,14,88,0.010000,8652
9778,1,24,0.010000,8652
9779,17,150,0.010000,8652
9780,9,74,0.010000,8653
9781,17,135,0.010000,8653
9782,7,63,0.010000,8653
9783,14,130,0.010000,8654
9784,20,186,0.010000,8656
9785,13,145,0.010000,8656
9786,19,137,0.010000,8657
9787,22,147,0.010000,8659
9788,10,86,0.010000,8659
9789,16,108,0.010000,8659
9790,21,163,0.010000,8660
9791,9,59,0.010000,8660
9792,11,93,0.010000,8660
9793,12,103,0.010000,8661
9794,20,157,0.010000,8661
9795,16,124,0.010000,8663
9796,11,81,0.010000,8663
9797,10,82,0.010000,8665
9798,15,114,0.010000,8666
9799,10,68,0.010000,8666
9800,14,94,0.010000,8666
9801,17,127,0.010000,8666
9802,21,175,0.010000,8668
9803,18,150,0.010000,8669
9804,13,86,0.010000,8669
9805,12,101,0.010000,8670
9806,4,23,0.010000,8670
9807,10,75,0.010000,8670
9808,21,182,0.010000,8670
9809,8,54,0.010000,8670
9810,10,77,0.010000,8671
9811,8,66,0.010000,8672
9812,18,125,0.010000,8672
9813,5,35,0.010000,8672
9814,11,90,0.010000,8672
9815,5,34,0.010000,8673
9816,21,172,0.010000,8673
9817,19,143,0.010000,8673
9818,10,77,0.010000,8673
9819,13,113,0.010000,8673
9820,16,139,0.010000,8673
9821,11,98,0.010000,8674
9822,15,112,0.010000,8675
9823,19,156,0.010000,8676
9824,12,85,0.010000,8676
9825,20,192,0.010000,8677
9826,14,73,0.010000,8677
9827,16,145,0.010000,8678
9828,24,192,0.010000,8679
9829,14,113,0.010000,8679
9830,14,110,0.010000,8679
9831,16,117,0.010000,8680
9832,22,195,0.010000,8680
9833,13,107,0.010000,8680
9834,14,121,0.010000,8680
9835,13,95,0.010000,8681
9836,21,202,0.010000,8681
9837,12,83,0.010000,8681
9838,10,66,0.010000,8681
9839,16,150,0.010000,8682
9840,15,118,0.010000,8683
9841,6,47,0.010000,8683
9842,18,138,0.010000,8684
9843,17,149,0.010000,8684
9844,8,62,0.010000,8685
9845,11,83,0.010000,8685
9846,17,131,0.010000,8685
9847,11,106,0.010000,8685
9848,18,140,0.010000,8686
9849,11,78,0.010000,8687
9850,11,101,0.010000,8688
9851,20,156,0.010000,8688
9852,9,83,0.010000,8689
9853,18,175,0.010000,8690
9854,16,131,0.010000,8690
9855,4,35,0.010000,8691
9856,14,122,0.010000,8691
9857,10,70,0.010000,8691
9858,14,106,0.010000,8691
9859,8,73,0.010000,8691
9860,1,10,0.010000,8691
9861,9,71,0.010000,8692
9862,18,163,0.010000,8693
9863,15,97,0.010000,8693
9864,7,53,0.010000,8693
9865,20,147,0.010000,8693
9866,18,117,0.010000,8694
9867,21,180,0.010000,8697
9868,20,149,0.010000,8699
9869,5,28,0.010000,8700
9870,7,58,0.010000,8701
9871,8,48,0.010000,8701
9872,15,137,0.010000,8702
9873,11,91,0.010000,8703
9874,18,153,0.010000,8705
9875,11,75,0.010000,8705
9876,13,113,0.010000,8706
9877,16,133,0.010000,8707
9878,16,137,0.010000,8707
9879,12,69,0.010000,8709
9880,19,185,0.010000,8710
9881,8,54,0.010000,8710
9882,6,32,0.010000,8711
9883,32,262,0.010000,8714
9884,13,109,0.010000,8714
9885,16,127,0.010000,8715
9886,4,21,0.010000,8715
9887,17,117,0.010000,8716
9888,11,84,0.010000,8717
9889,23,190,0.010000,8718
9890,22,173,0.010000,8720
9891,9,75,0.010000,8721
9892,21,163,0.010000,8721
9893,8,58,0.010000,8722
9894,7,40,0.010000,8722
9895,6,48,0.010000,8722
9896,14,105,0.010000,8723
9897,15,127,0.010000,8723
9898,20,158,0.010000,8724
9899,15,113,0.010000,8724
9900,13,111,0.010000,8724
9901,7,61,0.010000,8725
9902,17,151,0.010000,8725
9903,21,167,0.010000,8725
9904,20,161,0.010000,8725
9905,15,107,0.010000,8725
9906,10,82,0.010000,8725
9907,27,250,0.010000,8727
9908,14,78,0.010000,8728
9909,16,121,0.010000,8728
9910,15,108,0.010000,8728
9911,13,111,0.010000,8729
9912,8,64,0.010000,8729
9913,18,160,0.010000,8730
9914,12,74,0.010000,8730
9915,8,55,0.010000,8732
9916,13,107,0.010000,8732
9917,20,159,0.010000,8732
9918,10,81,0.010000,8733
9919,17,120,0.010000,8735
9920,15,116,0.010000,8737
9921,7,41,0.010000,8738
9922,24,190,0.010000,8738
9923,21,148,0.010000,8739
9924,10,66,0.010000,8740
9925,12,98,0.010000,8741
9926,5,29,0.010000,8741
9927,15,114,0.010000,8741
9928,17,144,0.010000,8742
9929,20,169,0.010000,8742
9930,17,135,0.010000,8744
9931,17,127,0.010000,8745
9932,22,184,0.010000,8746
9933,7,47,0.010000,8746
9934,13,90,0.010000,8747
9935,14,110,0.010000,8749
9936,7,52,0.010000,8749
9937,23,218,0.010000,8750
9938,21,150,0.010000,8751
9939,16,130,0.010000,8752
9940,14,117,0.010000,8752
9941,17,162,0.010000,8753
9942,10,105,0.010000,8753
9943,8,50,0.010000,8753
9944,14,98,0.010000,8753
9945,18,133,0.010000,8753
9946,13,82,0.010000,8754
9947,27,232,0.010000,8758
9948,6,43,0.010000,8758
9949,16,140,0.010000,8758
9950,17,168,0.010000,8759
9951,14,117,0.010000,8759
9952,16,137,0.010000,8759
9953,24,184,0.010000,8759
9954,14,124,0.010000,8759
9955,21,161,0.010000,8761
9956,17,139,0.010000,8762
9957,12,77,0.010000,8762
9958,16,123,0.010000,8763
9959,8,58,0.010000,8764
9960,10,76,0.010000,8764
9961,9,76,0.010000,8764
9962,7,65,0.010000,8764
9963,23,193,0.010000,8764
9964,8,61,0.010000,8764
9965,23,197,0.010000,8764
9966,11,98,0.010000,8764
9967,14,126,0.010000,8765
9968,12,95,0.010000,8765
9969,12,83,0.010000,8765
9970,20,162,0.010000,8766
9971,19,155,0.010000,8767
9972,22,160,0.010000,8767
9973,18,143,0.010000,8767
9974,11,73,0.010000,8768
9975,7,57,0.010000,8769
9976,19,147,0.010000,8771
9977,12,101,0.010000,8772
9978,11,58,0.010000,8772
9979,22,160,0.010000,8772
9980,5,31,0.010000,8772
9981,17,145,0.010000,8773
9982,22,182,0.010000,8773
9983,11,71,0.010000,8775
9984,18,136,0.010000,8775
9985,7,49,0.010000,8776
9986,13,74,0.010000,8776
9987,17,118,0.010000,8776
9988,10,61,0.010000,8776
9989,8,70,0.010000,8777
9990,23,214,0.010000,8778
9991,14,134,0.010000,8778
9992,7,59,0.010000,8778
9993,11,90,0.010000,8778
9994,14,120,0.010000,8778
9995,11,95,0.010000,8778
9996,11,76,0.010000,8779
9997,15,120,0.010000,8779
9998,6,46,0.010000,8779
9999,11,65,0.010000,8779
10000,10,90,0.010000,8779
