epizod,wynik,kroki,epsilon,rozmiar_tablicy_q
1,0,20,0.999500,17
2,0,9,0.999000,22
3,0,11,0.998501,32
4,0,10,0.998001,38
5,0,24,0.997502,47
6,1,24,0.997004,65
7,0,26,0.996505,83
8,1,33,0.996007,103
9,1,11,0.995509,107
10,0,32,0.995011,122
11,0,8,0.994514,127
12,0,34,0.994016,142
13,0,6,0.993519,142
14,0,9,0.993023,142
15,0,9,0.992526,146
16,0,7,0.992030,150
17,0,6,0.991534,151
18,0,12,0.991038,160
19,0,12,0.990543,170
20,0,15,0.990047,174
21,0,14,0.989552,180
22,0,14,0.989058,185
23,0,11,0.988563,191
24,1,60,0.988069,223
25,0,14,0.987575,228
26,2,33,0.987081,246
27,0,12,0.986587,253
28,0,7,0.986094,254
29,0,16,0.985601,262
30,0,9,0.985108,263
31,0,12,0.984616,265
32,0,9,0.984123,267
33,0,10,0.983631,268
34,1,14,0.983140,273
35,0,18,0.982648,274
36,0,9,0.982157,276
37,0,26,0.981666,278
38,0,9,0.981175,279
39,1,12,0.980684,280
40,0,9,0.980194,280
41,0,18,0.979704,280
42,1,21,0.979214,294
43,0,27,0.978724,302
44,0,9,0.978235,305
45,0,19,0.977746,312
46,1,54,0.977257,329
47,1,32,0.976768,341
48,0,20,0.976280,344
49,1,20,0.975792,348
50,0,7,0.975304,349
51,0,16,0.974816,354
52,0,15,0.974329,356
53,0,21,0.973842,356
54,0,7,0.973355,356
55,0,7,0.972868,356
56,0,100,0.972382,362
57,0,25,0.971895,365
58,0,16,0.971409,368
59,0,14,0.970924,373
60,0,12,0.970438,375
61,1,12,0.969953,380
62,0,8,0.969468,381
63,0,8,0.968983,381
64,0,5,0.968499,382
65,1,54,0.968015,402
66,0,18,0.967531,403
67,0,20,0.967047,405
68,0,8,0.966563,405
69,0,7,0.966080,406
70,0,10,0.965597,406
71,0,8,0.965114,406
72,0,8,0.964632,409
73,0,40,0.964149,414
74,0,19,0.963667,414
75,0,25,0.963185,416
76,0,17,0.962704,417
77,1,42,0.962222,431
78,0,50,0.961741,432
79,0,7,0.961260,434
80,0,39,0.960780,438
81,0,20,0.960299,439
82,0,9,0.959819,440
83,0,13,0.959339,441
84,0,10,0.958860,441
85,0,6,0.958380,441
86,0,29,0.957901,442
87,0,13,0.957422,445
88,0,41,0.956943,449
89,0,6,0.956465,449
90,0,18,0.955987,449
91,0,21,0.955509,452
92,0,8,0.955031,452
93,0,10,0.954553,452
94,0,7,0.954076,452
95,0,6,0.953599,453
96,0,8,0.953122,453
97,0,21,0.952646,455
98,0,20,0.952169,457
99,0,21,0.951693,460
100,0,12,0.951218,462
101,0,14,0.950742,462
102,0,27,0.950267,463
103,0,54,0.949791,470
104,0,37,0.949317,474
105,0,10,0.948842,474
106,1,17,0.948367,474
107,2,26,0.947893,484
108,0,17,0.947419,490
109,0,30,0.946946,494
110,0,13,0.946472,496
111,0,10,0.945999,497
112,1,50,0.945526,501
113,0,47,0.945053,502
114,1,30,0.944581,509
115,0,17,0.944108,509
116,1,81,0.943636,512
117,0,13,0.943164,513
118,0,22,0.942693,513
119,0,29,0.942222,513
120,0,9,0.941750,514
121,0,31,0.941280,517
122,0,22,0.940809,518
123,0,29,0.940338,523
124,0,12,0.939868,523
125,0,49,0.939398,524
126,0,11,0.938929,525
127,0,6,0.938459,525
128,0,8,0.937990,525
129,0,12,0.937521,528
130,0,12,0.937052,528
131,0,7,0.936584,528
132,0,12,0.936115,528
133,1,8,0.935647,531
134,0,19,0.935180,531
135,0,10,0.934712,533
136,0,11,0.934245,534
137,0,11,0.933777,534
138,0,11,0.933311,536
139,0,14,0.932844,537
140,1,52,0.932377,548
141,1,37,0.931911,556
142,0,6,0.931445,556
143,0,29,0.930980,558
144,1,19,0.930514,562
145,1,26,0.930049,565
146,0,10,0.929584,565
147,0,25,0.929119,568
148,1,11,0.928655,569
149,0,11,0.928190,569
150,0,12,0.927726,569
151,0,50,0.927262,572
152,0,6,0.926799,573
153,0,48,0.926335,575
154,1,19,0.925872,575
155,0,38,0.925409,575
156,1,11,0.924946,577
157,1,41,0.924484,586
158,1,11,0.924022,586
159,0,30,0.923560,589
160,0,8,0.923098,589
161,0,10,0.922636,590
162,0,13,0.922175,590
163,0,10,0.921714,591
164,0,26,0.921253,592
165,0,9,0.920792,592
166,0,42,0.920332,592
167,1,17,0.919872,595
168,0,27,0.919412,595
169,0,22,0.918952,598
170,0,45,0.918493,601
171,0,17,0.918034,601
172,0,7,0.917574,602
173,0,24,0.917116,608
174,0,35,0.916657,611
175,0,7,0.916199,611
176,0,8,0.915741,612
177,0,12,0.915283,612
178,0,38,0.914825,614
179,0,36,0.914368,614
180,0,17,0.913911,614
181,0,22,0.913454,614
182,0,17,0.912997,614
183,0,35,0.912540,617
184,0,10,0.912084,617
185,1,18,0.911628,621
186,0,30,0.911172,623
187,0,37,0.910717,623
188,2,28,0.910261,630
189,1,22,0.909806,633
190,0,26,0.909351,633
191,0,9,0.908897,633
192,0,20,0.908442,636
193,1,41,0.907988,642
194,1,15,0.907534,644
195,0,16,0.907080,647
196,1,16,0.906627,647
197,0,18,0.906173,649
198,0,29,0.905720,653
199,1,33,0.905267,659
200,1,17,0.904815,659
201,0,10,0.904362,659
202,0,23,0.903910,661
203,0,7,0.903458,661
204,0,25,0.903007,664
205,0,6,0.902555,665
206,0,45,0.902104,667
207,0,26,0.901653,667
208,0,27,0.901202,667
209,0,9,0.900751,667
210,0,7,0.900301,667
211,1,46,0.899851,671
212,0,17,0.899401,675
213,1,15,0.898951,677
214,0,7,0.898502,677
215,0,15,0.898052,677
216,1,19,0.897603,679
217,0,22,0.897155,679
218,0,19,0.896706,679
219,0,12,0.896258,679
220,0,8,0.895809,679
221,1,22,0.895362,684
222,0,10,0.894914,684
223,0,17,0.894466,687
224,1,33,0.894019,690
225,1,19,0.893572,690
226,0,35,0.893125,690
227,2,16,0.892679,693
228,0,7,0.892233,693
229,0,13,0.891786,693
230,0,14,0.891341,693
231,0,58,0.890895,693
232,0,29,0.890449,693
233,0,16,0.890004,693
234,1,52,0.889559,694
235,0,20,0.889114,694
236,0,17,0.888670,694
237,0,53,0.888225,694
238,0,18,0.887781,694
239,0,30,0.887337,694
240,0,36,0.886894,697
241,0,7,0.886450,697
242,0,7,0.886007,697
243,0,8,0.885564,697
244,0,19,0.885121,697
245,1,41,0.884679,699
246,0,14,0.884236,699
247,2,116,0.883794,725
248,0,7,0.883352,725
249,0,17,0.882911,726
250,0,5,0.882469,726
251,0,11,0.882028,726
252,0,14,0.881587,726
253,0,10,0.881146,726
254,1,100,0.880706,735
255,0,15,0.880265,738
256,0,11,0.879825,738
257,0,10,0.879385,738
258,0,16,0.878946,739
259,0,28,0.878506,739
260,0,21,0.878067,739
261,0,7,0.877628,739
262,3,32,0.877189,754
263,1,19,0.876750,756
264,0,49,0.876312,757
265,1,18,0.875874,758
266,0,28,0.875436,760
267,0,10,0.874998,760
268,0,31,0.874561,760
269,1,8,0.874123,761
270,0,80,0.873686,762
271,0,9,0.873250,763
272,1,29,0.872813,764
273,1,47,0.872377,770
274,0,17,0.871940,770
275,0,17,0.871504,770
276,2,15,0.871069,774
277,0,83,0.870633,774
278,0,11,0.870198,774
279,0,25,0.869763,776
280,1,45,0.869328,780
281,1,16,0.868893,783
282,2,70,0.868459,795
283,0,7,0.868024,795
284,1,21,0.867590,800
285,1,47,0.867157,801
286,0,12,0.866723,801
287,1,15,0.866290,802
288,0,21,0.865857,802
289,0,11,0.865424,802
290,0,6,0.864991,802
291,1,36,0.864558,805
292,0,51,0.864126,806
293,0,9,0.863694,806
294,1,76,0.863262,806
295,0,11,0.862831,806
296,1,25,0.862399,811
297,1,10,0.861968,813
298,0,15,0.861537,813
299,0,32,0.861106,815
300,1,71,0.860676,816
301,0,29,0.860245,817
302,0,29,0.859815,818
303,0,21,0.859385,818
304,0,18,0.858956,818
305,0,18,0.858526,818
306,0,9,0.858097,818
307,1,43,0.857668,818
308,0,23,0.857239,818
309,0,57,0.856810,818
310,1,20,0.856382,821
311,0,36,0.855954,823
312,0,22,0.855526,825
313,0,39,0.855098,825
314,1,48,0.854671,834
315,0,23,0.854243,834
316,0,48,0.853816,837
317,0,22,0.853389,837
318,0,10,0.852962,837
319,0,20,0.852536,837
320,0,20,0.852110,837
321,0,12,0.851684,837
322,0,8,0.851258,837
323,1,21,0.850832,837
324,0,28,0.850407,837
325,0,19,0.849982,837
326,0,26,0.849557,838
327,0,21,0.849132,838
328,0,39,0.848707,839
329,0,25,0.848283,839
330,1,52,0.847859,842
331,0,8,0.847435,842
332,0,45,0.847011,842
333,0,23,0.846588,842
334,0,38,0.846164,846
335,0,18,0.845741,846
336,0,9,0.845318,846
337,0,11,0.844896,847
338,0,18,0.844473,847
339,2,28,0.844051,856
340,0,31,0.843629,856
341,1,12,0.843207,856
342,0,22,0.842786,856
343,1,14,0.842364,857
344,1,47,0.841943,861
345,2,36,0.841522,864
346,1,34,0.841101,864
347,1,73,0.840681,868
348,2,37,0.840260,876
349,1,9,0.839840,876
350,1,22,0.839420,876
351,2,34,0.839001,877
352,0,5,0.838581,877
353,0,21,0.838162,877
354,0,14,0.837743,877
355,1,17,0.837324,880
356,0,22,0.836905,880
357,1,9,0.836487,880
358,0,23,0.836068,881
359,2,22,0.835650,887
360,0,16,0.835233,887
361,0,11,0.834815,887
362,0,13,0.834398,887
363,0,9,0.833980,889
364,0,12,0.833563,889
365,0,65,0.833147,890
366,0,23,0.832730,890
367,1,32,0.832314,891
368,1,29,0.831898,893
369,0,53,0.831482,893
370,0,34,0.831066,893
371,0,8,0.830650,893
372,1,63,0.830235,895
373,1,14,0.829820,895
374,0,12,0.829405,895
375,0,16,0.828990,895
376,0,17,0.828576,895
377,0,16,0.828161,895
378,0,59,0.827747,896
379,1,31,0.827334,898
380,0,17,0.826920,900
381,0,11,0.826506,900
382,1,17,0.826093,902
383,0,25,0.825680,902
384,1,27,0.825267,902
385,0,10,0.824855,902
386,0,10,0.824442,902
387,0,13,0.824030,902
388,1,13,0.823618,902
389,2,17,0.823206,907
390,2,47,0.822795,912
391,0,37,0.822383,912
392,1,43,0.821972,915
393,1,71,0.821561,917
394,1,20,0.821150,917
395,0,9,0.820740,917
396,1,36,0.820329,919
397,0,24,0.819919,919
398,0,49,0.819509,920
399,0,9,0.819099,920
400,1,13,0.818690,921
401,0,30,0.818280,921
402,0,15,0.817871,921
403,0,11,0.817462,922
404,1,22,0.817054,923
405,1,21,0.816645,923
406,0,13,0.816237,923
407,0,9,0.815829,923
408,1,12,0.815421,923
409,0,25,0.815013,924
410,1,36,0.814606,925
411,0,14,0.814198,925
412,1,27,0.813791,925
413,0,56,0.813384,925
414,0,32,0.812978,925
415,0,26,0.812571,926
416,2,37,0.812165,940
417,1,7,0.811759,940
418,1,59,0.811353,942
419,0,24,0.810947,943
420,0,44,0.810542,943
421,1,16,0.810136,943
422,1,37,0.809731,943
423,0,20,0.809326,943
424,0,11,0.808922,943
425,0,29,0.808517,944
426,0,19,0.808113,944
427,0,8,0.807709,944
428,0,21,0.807305,944
429,0,8,0.806902,944
430,0,20,0.806498,944
431,0,21,0.806095,944
432,0,9,0.805692,944
433,0,18,0.805289,944
434,2,29,0.804886,950
435,0,11,0.804484,950
436,1,19,0.804082,950
437,0,33,0.803680,950
438,0,15,0.803278,950
439,1,36,0.802876,952
440,0,8,0.802475,952
441,1,23,0.802073,954
442,0,24,0.801672,954
443,2,38,0.801272,959
444,0,17,0.800871,959
445,1,44,0.800470,962
446,1,29,0.800070,962
447,0,14,0.799670,962
448,2,46,0.799270,966
449,0,13,0.798871,966
450,0,10,0.798471,966
451,1,59,0.798072,967
452,0,24,0.797673,967
453,0,30,0.797274,967
454,1,29,0.796876,968
455,0,19,0.796477,968
456,0,13,0.796079,968
457,0,22,0.795681,968
458,1,24,0.795283,971
459,0,13,0.794885,971
460,1,12,0.794488,971
461,0,35,0.794091,971
462,0,10,0.793694,971
463,1,30,0.793297,973
464,1,20,0.792900,975
465,1,35,0.792504,975
466,2,43,0.792107,977
467,1,24,0.791711,978
468,0,8,0.791316,978
469,0,20,0.790920,978
470,0,25,0.790524,978
471,1,12,0.790129,979
472,1,57,0.789734,982
473,0,13,0.789339,983
474,1,18,0.788945,983
475,1,81,0.788550,986
476,0,28,0.788156,987
477,0,45,0.787762,987
478,2,51,0.787368,995
479,0,19,0.786974,996
480,2,65,0.786581,1007
481,0,33,0.786187,1007
482,0,10,0.785794,1007
483,0,9,0.785401,1007
484,0,44,0.785009,1007
485,2,20,0.784616,1010
486,0,68,0.784224,1012
487,0,32,0.783832,1012
488,0,22,0.783440,1013
489,0,18,0.783048,1014
490,0,14,0.782657,1014
491,0,7,0.782265,1014
492,0,37,0.781874,1014
493,1,21,0.781483,1014
494,1,51,0.781092,1018
495,0,8,0.780702,1020
496,1,22,0.780312,1020
497,0,20,0.779921,1020
498,1,18,0.779531,1020
499,0,9,0.779142,1020
500,1,53,0.778752,1021
501,0,29,0.778363,1021
502,0,17,0.777974,1023
503,1,14,0.777585,1025
504,1,15,0.777196,1025
505,0,17,0.776807,1025
506,0,12,0.776419,1025
507,0,16,0.776031,1025
508,0,52,0.775643,1025
509,0,24,0.775255,1025
510,0,20,0.774867,1025
511,1,27,0.774480,1026
512,1,59,0.774092,1026
513,2,26,0.773705,1030
514,1,29,0.773319,1031
515,0,11,0.772932,1031
516,0,8,0.772545,1031
517,1,19,0.772159,1031
518,0,6,0.771773,1031
519,0,23,0.771387,1031
520,0,13,0.771001,1031
521,1,47,0.770616,1034
522,1,39,0.770231,1035
523,2,53,0.769846,1045
524,0,23,0.769461,1045
525,0,13,0.769076,1045
526,0,7,0.768691,1046
527,1,30,0.768307,1047
528,0,9,0.767923,1047
529,1,15,0.767539,1047
530,0,15,0.767155,1047
531,2,12,0.766772,1050
532,0,15,0.766388,1050
533,2,39,0.766005,1068
534,1,13,0.765622,1068
535,0,13,0.765239,1068
536,0,23,0.764857,1068
537,1,150,0.764474,1075
538,1,30,0.764092,1077
539,1,9,0.763710,1077
540,0,13,0.763328,1077
541,0,15,0.762946,1077
542,0,9,0.762565,1078
543,0,17,0.762184,1078
544,1,26,0.761802,1078
545,0,17,0.761422,1079
546,0,10,0.761041,1080
547,0,25,0.760660,1080
548,0,13,0.760280,1080
549,0,17,0.759900,1080
550,0,29,0.759520,1080
551,1,29,0.759140,1082
552,0,24,0.758761,1083
553,1,22,0.758381,1084
554,0,13,0.758002,1084
555,2,48,0.757623,1089
556,0,6,0.757244,1089
557,0,29,0.756866,1089
558,0,11,0.756487,1089
559,1,25,0.756109,1089
560,0,15,0.755731,1089
561,0,5,0.755353,1089
562,0,54,0.754975,1090
563,0,37,0.754598,1090
564,1,27,0.754220,1090
565,0,18,0.753843,1090
566,2,24,0.753466,1093
567,2,38,0.753090,1107
568,0,17,0.752713,1107
569,1,8,0.752337,1107
570,0,8,0.751961,1107
571,0,37,0.751585,1107
572,0,35,0.751209,1107
573,0,35,0.750833,1107
574,1,77,0.750458,1112
575,0,10,0.750083,1112
576,0,17,0.749708,1112
577,1,13,0.749333,1112
578,0,19,0.748958,1112
579,0,28,0.748584,1112
580,1,19,0.748209,1112
581,0,18,0.747835,1113
582,0,61,0.747461,1113
583,0,10,0.747088,1113
584,1,39,0.746714,1116
585,0,55,0.746341,1118
586,0,8,0.745967,1118
587,0,16,0.745594,1118
588,1,13,0.745222,1119
589,2,30,0.744849,1127
590,0,27,0.744477,1127
591,2,37,0.744104,1128
592,2,44,0.743732,1129
593,2,19,0.743361,1134
594,0,27,0.742989,1134
595,0,11,0.742617,1134
596,1,52,0.742246,1135
597,0,36,0.741875,1135
598,0,41,0.741504,1135
599,0,14,0.741133,1136
600,0,11,0.740763,1138
601,1,74,0.740392,1138
602,0,7,0.740022,1138
603,0,43,0.739652,1139
604,1,10,0.739282,1139
605,0,17,0.738913,1139
606,1,26,0.738543,1140
607,0,6,0.738174,1140
608,0,35,0.737805,1140
609,0,33,0.737436,1140
610,1,21,0.737067,1141
611,0,10,0.736699,1141
612,0,6,0.736330,1141
613,0,28,0.735962,1141
614,0,20,0.735594,1141
615,1,17,0.735226,1141
616,1,55,0.734859,1141
617,0,17,0.734491,1141
618,0,22,0.734124,1141
619,1,29,0.733757,1142
620,1,35,0.733390,1142
621,1,26,0.733023,1142
622,1,33,0.732657,1144
623,0,10,0.732291,1144
624,0,8,0.731924,1144
625,1,12,0.731558,1146
626,3,23,0.731193,1155
627,2,49,0.730827,1160
628,0,10,0.730462,1160
629,1,14,0.730096,1162
630,2,54,0.729731,1168
631,0,8,0.729367,1168
632,0,10,0.729002,1168
633,0,11,0.728637,1168
634,0,35,0.728273,1168
635,1,14,0.727909,1168
636,1,24,0.727545,1168
637,0,31,0.727181,1168
638,2,56,0.726818,1171
639,1,29,0.726454,1171
640,0,6,0.726091,1171
641,1,20,0.725728,1171
642,1,23,0.725365,1171
643,0,11,0.725002,1171
644,2,44,0.724640,1178
645,2,55,0.724278,1182
646,2,24,0.723915,1185
647,1,30,0.723553,1186
648,1,24,0.723192,1187
649,0,16,0.722830,1187
650,2,45,0.722469,1193
651,0,17,0.722107,1193
652,2,35,0.721746,1197
653,0,6,0.721385,1197
654,0,26,0.721025,1197
655,2,35,0.720664,1199
656,0,45,0.720304,1199
657,0,8,0.719944,1199
658,2,9,0.719584,1199
659,0,16,0.719224,1199
660,0,14,0.718864,1200
661,0,33,0.718505,1200
662,0,9,0.718146,1200
663,2,56,0.717787,1205
664,0,17,0.717428,1205
665,1,12,0.717069,1205
666,0,14,0.716711,1205
667,0,10,0.716352,1205
668,0,6,0.715994,1205
669,1,22,0.715636,1206
670,0,6,0.715278,1206
671,1,25,0.714921,1206
672,2,34,0.714563,1212
673,0,34,0.714206,1212
674,1,12,0.713849,1212
675,1,34,0.713492,1212
676,0,20,0.713135,1212
677,2,27,0.712778,1214
678,0,17,0.712422,1214
679,1,40,0.712066,1216
680,1,49,0.711710,1217
681,2,26,0.711354,1222
682,1,7,0.710998,1222
683,3,56,0.710643,1229
684,0,10,0.710287,1229
685,0,10,0.709932,1229
686,1,25,0.709577,1229
687,1,15,0.709223,1229
688,0,14,0.708868,1229
689,1,64,0.708514,1234
690,1,14,0.708159,1234
691,1,19,0.707805,1234
692,1,63,0.707451,1237
693,0,48,0.707098,1237
694,0,12,0.706744,1237
695,0,18,0.706391,1237
696,0,40,0.706037,1238
697,2,68,0.705684,1245
698,0,21,0.705332,1245
699,0,23,0.704979,1245
700,2,54,0.704626,1249
701,1,22,0.704274,1249
702,0,35,0.703922,1249
703,1,21,0.703570,1251
704,0,13,0.703218,1251
705,2,65,0.702867,1262
706,1,64,0.702515,1266
707,0,12,0.702164,1266
708,1,9,0.701813,1266
709,0,7,0.701462,1266
710,2,31,0.701111,1267
711,1,30,0.700761,1267
712,0,21,0.700410,1267
713,0,26,0.700060,1267
714,2,46,0.699710,1271
715,1,37,0.699360,1271
716,1,24,0.699010,1272
717,0,25,0.698661,1272
718,1,15,0.698312,1272
719,1,19,0.697962,1274
720,1,33,0.697614,1275
721,1,19,0.697265,1275
722,2,38,0.696916,1277
723,1,24,0.696568,1277
724,1,15,0.696219,1277
725,2,33,0.695871,1279
726,1,15,0.695523,1279
727,0,13,0.695176,1279
728,2,72,0.694828,1289
729,1,23,0.694481,1292
730,2,26,0.694133,1295
731,0,10,0.693786,1295
732,0,11,0.693439,1295
733,3,21,0.693093,1297
734,2,36,0.692746,1298
735,0,35,0.692400,1298
736,1,25,0.692053,1298
737,1,17,0.691707,1299
738,0,8,0.691362,1299
739,1,20,0.691016,1301
740,2,40,0.690670,1304
741,0,15,0.690325,1304
742,1,32,0.689980,1305
743,0,15,0.689635,1305
744,1,12,0.689290,1306
745,0,21,0.688945,1306
746,0,18,0.688601,1306
747,1,25,0.688257,1306
748,2,11,0.687913,1308
749,1,19,0.687569,1308
750,0,7,0.687225,1308
751,2,32,0.686881,1309
752,2,38,0.686538,1312
753,1,33,0.686195,1313
754,0,7,0.685851,1313
755,0,13,0.685508,1313
756,0,30,0.685166,1314
757,0,13,0.684823,1314
758,0,34,0.684481,1314
759,2,21,0.684138,1316
760,0,9,0.683796,1316
761,3,63,0.683455,1321
762,1,50,0.683113,1322
763,0,9,0.682771,1322
764,0,44,0.682430,1322
765,1,70,0.682089,1323
766,1,25,0.681748,1324
767,1,16,0.681407,1324
768,2,32,0.681066,1326
769,0,7,0.680725,1326
770,1,9,0.680385,1326
771,2,22,0.680045,1331
772,1,27,0.679705,1332
773,2,21,0.679365,1334
774,0,19,0.679025,1334
775,1,20,0.678686,1334
776,2,19,0.678347,1335
777,2,12,0.678007,1335
778,1,21,0.677668,1336
779,1,29,0.677330,1336
780,1,37,0.676991,1336
781,0,22,0.676652,1336
782,2,32,0.676314,1340
783,1,14,0.675976,1340
784,2,59,0.675638,1343
785,1,31,0.675300,1343
786,1,39,0.674962,1343
787,1,49,0.674625,1343
788,1,46,0.674288,1344
789,0,11,0.673950,1344
790,1,13,0.673613,1344
791,2,57,0.673277,1348
792,1,29,0.672940,1348
793,1,21,0.672604,1348
794,0,12,0.672267,1348
795,2,40,0.671931,1354
796,1,13,0.671595,1354
797,1,58,0.671259,1357
798,0,12,0.670924,1357
799,1,10,0.670588,1357
800,1,30,0.670253,1358
801,1,10,0.669918,1358
802,2,38,0.669583,1363
803,2,60,0.669248,1371
804,0,9,0.668913,1371
805,1,7,0.668579,1371
806,1,14,0.668245,1372
807,1,11,0.667911,1372
808,3,11,0.667577,1373
809,1,63,0.667243,1373
810,0,8,0.666909,1373
811,2,34,0.666576,1380
812,1,16,0.666243,1381
813,0,9,0.665909,1381
814,1,75,0.665576,1385
815,2,35,0.665244,1393
816,1,17,0.664911,1394
817,1,13,0.664579,1394
818,1,10,0.664246,1395
819,1,26,0.663914,1399
820,1,18,0.663582,1399
821,1,9,0.663250,1399
822,2,12,0.662919,1400
823,1,17,0.662587,1400
824,0,5,0.662256,1400
825,0,15,0.661925,1401
826,2,30,0.661594,1403
827,1,29,0.661263,1403
828,1,19,0.660933,1405
829,0,13,0.660602,1405
830,1,36,0.660272,1406
831,0,15,0.659942,1406
832,2,11,0.659612,1407
833,1,23,0.659282,1408
834,0,15,0.658952,1408
835,0,6,0.658623,1408
836,2,36,0.658293,1413
837,1,8,0.657964,1414
838,1,32,0.657635,1415
839,1,43,0.657306,1416
840,2,38,0.656978,1421
841,1,5,0.656649,1421
842,2,33,0.656321,1423
843,0,21,0.655993,1423
844,2,43,0.655665,1426
845,0,15,0.655337,1426
846,1,13,0.655009,1426
847,2,41,0.654682,1432
848,1,73,0.654354,1432
849,1,16,0.654027,1432
850,0,7,0.653700,1432
851,2,35,0.653373,1436
852,0,24,0.653047,1436
853,0,30,0.652720,1436
854,1,51,0.652394,1437
855,0,18,0.652068,1437
856,0,12,0.651742,1437
857,1,23,0.651416,1438
858,1,27,0.651090,1439
859,1,7,0.650765,1439
860,1,41,0.650439,1439
861,0,11,0.650114,1439
862,1,13,0.649789,1439
863,0,7,0.649464,1439
864,1,14,0.649139,1439
865,1,20,0.648815,1439
866,1,17,0.648490,1439
867,2,15,0.648166,1441
868,2,61,0.647842,1451
869,1,33,0.647518,1451
870,0,7,0.647194,1451
871,0,19,0.646871,1451
872,1,12,0.646547,1451
873,1,35,0.646224,1451
874,1,22,0.645901,1451
875,0,7,0.645578,1451
876,0,15,0.645255,1451
877,1,21,0.644932,1453
878,0,11,0.644610,1453
879,1,12,0.644288,1453
880,2,38,0.643966,1459
881,1,27,0.643644,1459
882,0,26,0.643322,1459
883,1,52,0.643000,1459
884,0,9,0.642679,1459
885,1,10,0.642357,1459
886,0,9,0.642036,1459
887,0,10,0.641715,1459
888,1,21,0.641394,1461
889,0,34,0.641074,1461
890,2,31,0.640753,1468
891,1,17,0.640433,1468
892,3,41,0.640112,1473
893,2,30,0.639792,1474
894,2,36,0.639472,1479
895,0,15,0.639153,1479
896,1,22,0.638833,1479
897,0,30,0.638514,1479
898,0,44,0.638194,1479
899,0,15,0.637875,1479
900,0,28,0.637556,1479
901,0,16,0.637238,1479
902,1,28,0.636919,1480
903,0,18,0.636601,1480
904,1,35,0.636282,1480
905,1,58,0.635964,1480
906,2,21,0.635646,1481
907,1,52,0.635328,1483
908,2,58,0.635011,1485
909,1,48,0.634693,1488
910,1,17,0.634376,1488
911,0,7,0.634059,1488
912,1,24,0.633742,1488
913,1,43,0.633425,1489
914,1,18,0.633108,1489
915,1,12,0.632791,1489
916,1,27,0.632475,1489
917,2,61,0.632159,1494
918,2,32,0.631843,1497
919,1,86,0.631527,1499
920,2,31,0.631211,1499
921,2,79,0.630895,1501
922,1,18,0.630580,1501
923,1,10,0.630265,1501
924,0,19,0.629950,1501
925,3,40,0.629635,1504
926,0,10,0.629320,1504
927,0,50,0.629005,1504
928,0,19,0.628691,1504
929,1,9,0.628376,1504
930,0,7,0.628062,1504
931,0,24,0.627748,1504
932,1,24,0.627434,1504
933,2,42,0.627120,1508
934,1,36,0.626807,1509
935,2,38,0.626493,1513
936,1,30,0.626180,1513
937,2,31,0.625867,1522
938,0,15,0.625554,1522
939,1,54,0.625241,1523
940,1,23,0.624929,1524
941,0,17,0.624616,1524
942,0,7,0.624304,1524
943,0,12,0.623992,1524
944,2,21,0.623680,1526
945,2,22,0.623368,1527
946,0,11,0.623056,1527
947,1,21,0.622745,1527
948,2,41,0.622433,1528
949,2,29,0.622122,1528
950,2,30,0.621811,1530
951,0,18,0.621500,1530
952,2,26,0.621190,1532
953,2,56,0.620879,1544
954,3,63,0.620568,1551
955,1,8,0.620258,1551
956,0,40,0.619948,1551
957,0,11,0.619638,1551
958,2,17,0.619328,1554
959,1,28,0.619019,1555
960,1,37,0.618709,1556
961,0,12,0.618400,1556
962,0,18,0.618091,1556
963,3,45,0.617782,1562
964,2,36,0.617473,1562
965,0,64,0.617164,1562
966,1,19,0.616855,1563
967,0,13,0.616547,1563
968,0,15,0.616239,1563
969,2,52,0.615930,1564
970,1,33,0.615623,1564
971,1,99,0.615315,1564
972,2,20,0.615007,1567
973,1,69,0.614700,1567
974,0,11,0.614392,1567
975,3,21,0.614085,1570
976,1,21,0.613778,1571
977,0,16,0.613471,1571
978,0,11,0.613164,1571
979,2,17,0.612858,1571
980,3,52,0.612551,1581
981,0,16,0.612245,1581
982,2,27,0.611939,1581
983,0,26,0.611633,1581
984,2,17,0.611327,1582
985,0,47,0.611021,1582
986,3,27,0.610716,1585
987,2,44,0.610411,1586
988,1,24,0.610105,1588
989,1,21,0.609800,1588
990,0,11,0.609495,1588
991,1,44,0.609191,1589
992,1,16,0.608886,1589
993,1,9,0.608582,1589
994,1,15,0.608277,1589
995,0,11,0.607973,1589
996,0,17,0.607669,1589
997,1,31,0.607365,1590
998,2,27,0.607062,1591
999,0,25,0.606758,1591
1000,2,76,0.606455,1592
1001,0,23,0.606152,1592
1002,0,31,0.605849,1592
1003,0,14,0.605546,1592
1004,2,36,0.605243,1593
1005,2,19,0.604940,1596
1006,1,34,0.604638,1596
1007,1,72,0.604335,1597
1008,1,20,0.604033,1597
1009,2,50,0.603731,1602
1010,0,9,0.603429,1602
1011,0,10,0.603128,1602
1012,0,9,0.602826,1602
1013,0,11,0.602525,1602
1014,2,26,0.602223,1604
1015,1,13,0.601922,1604
1016,2,29,0.601621,1607
1017,1,12,0.601321,1607
1018,0,9,0.601020,1607
1019,1,15,0.600719,1607
1020,0,37,0.600419,1607
1021,1,26,0.600119,1608
1022,2,49,0.599819,1612
1023,2,41,0.599519,1612
1024,2,66,0.599219,1617
1025,1,9,0.598919,1617
1026,1,31,0.598620,1617
1027,3,55,0.598321,1624
1028,2,20,0.598022,1625
1029,1,18,0.597723,1625
1030,0,28,0.597424,1625
1031,1,22,0.597125,1625
1032,2,18,0.596826,1625
1033,1,35,0.596528,1627
1034,2,26,0.596230,1628
1035,0,7,0.595932,1628
1036,0,26,0.595634,1628
1037,1,8,0.595336,1628
1038,1,20,0.595038,1628
1039,2,41,0.594741,1630
1040,2,9,0.594443,1630
1041,2,40,0.594146,1632
1042,1,13,0.593849,1632
1043,0,5,0.593552,1632
1044,2,39,0.593255,1633
1045,1,37,0.592959,1634
1046,2,28,0.592662,1635
1047,2,20,0.592366,1636
1048,0,9,0.592070,1636
1049,0,7,0.591774,1636
1050,2,35,0.591478,1637
1051,2,13,0.591182,1638
1052,0,6,0.590886,1638
1053,0,7,0.590591,1638
1054,2,22,0.590296,1638
1055,3,27,0.590000,1641
1056,0,15,0.589705,1641
1057,1,20,0.589411,1641
1058,0,28,0.589116,1641
1059,1,19,0.588821,1642
1060,2,58,0.588527,1644
1061,2,50,0.588233,1656
1062,2,39,0.587939,1659
1063,1,48,0.587645,1661
1064,1,14,0.587351,1661
1065,1,23,0.587057,1662
1066,1,15,0.586764,1662
1067,1,53,0.586470,1662
1068,0,15,0.586177,1662
1069,1,11,0.585884,1662
1070,2,59,0.585591,1663
1071,1,11,0.585298,1663
1072,1,14,0.585005,1663
1073,1,32,0.584713,1665
1074,0,16,0.584421,1665
1075,1,16,0.584128,1665
1076,2,71,0.583836,1667
1077,1,13,0.583544,1667
1078,0,16,0.583253,1667
1079,1,8,0.582961,1667
1080,2,44,0.582670,1678
1081,2,23,0.582378,1686
1082,1,20,0.582087,1686
1083,2,27,0.581796,1690
1084,0,15,0.581505,1690
1085,1,16,0.581214,1690
1086,1,32,0.580924,1690
1087,0,13,0.580633,1690
1088,1,12,0.580343,1690
1089,1,12,0.580053,1690
1090,0,16,0.579763,1690
1091,0,5,0.579473,1690
1092,1,8,0.579183,1690
1093,2,23,0.578894,1690
1094,1,21,0.578604,1691
1095,4,33,0.578315,1703
1096,2,46,0.578026,1705
1097,1,18,0.577737,1707
1098,1,24,0.577448,1708
1099,1,25,0.577159,1708
1100,1,23,0.576870,1710
1101,0,9,0.576582,1710
1102,2,25,0.576294,1711
1103,1,10,0.576006,1711
1104,0,17,0.575718,1712
1105,2,64,0.575430,1715
1106,0,25,0.575142,1715
1107,0,8,0.574854,1715
1108,0,12,0.574567,1715
1109,0,35,0.574280,1715
1110,2,38,0.573993,1718
1111,1,67,0.573706,1718
1112,0,6,0.573419,1718
1113,2,23,0.573132,1722
1114,2,39,0.572845,1724
1115,2,67,0.572559,1729
1116,0,12,0.572273,1729
1117,1,21,0.571987,1729
1118,2,78,0.571701,1732
1119,2,18,0.571415,1733
1120,0,17,0.571129,1733
1121,1,22,0.570844,1733
1122,1,28,0.570558,1734
1123,2,29,0.570273,1734
1124,0,13,0.569988,1734
1125,2,56,0.569703,1737
1126,0,12,0.569418,1737
1127,1,18,0.569133,1738
1128,2,18,0.568849,1740
1129,0,8,0.568564,1740
1130,1,13,0.568280,1740
1131,1,18,0.567996,1740
1132,3,43,0.567712,1744
1133,1,13,0.567428,1744
1134,2,22,0.567144,1744
1135,2,19,0.566861,1745
1136,0,15,0.566577,1745
1137,2,11,0.566294,1746
1138,0,7,0.566011,1746
1139,4,18,0.565728,1749
1140,1,20,0.565445,1750
1141,1,20,0.565162,1750
1142,0,14,0.564880,1750
1143,1,40,0.564597,1750
1144,1,48,0.564315,1750
1145,2,18,0.564033,1751
1146,2,22,0.563751,1751
1147,2,31,0.563469,1753
1148,1,43,0.563187,1755
1149,2,16,0.562905,1756
1150,1,20,0.562624,1756
1151,0,5,0.562343,1756
1152,0,13,0.562061,1756
1153,2,32,0.561780,1758
1154,0,23,0.561500,1758
1155,0,11,0.561219,1758
1156,0,9,0.560938,1758
1157,1,35,0.560658,1759
1158,2,17,0.560377,1760
1159,1,33,0.560097,1761
1160,3,29,0.559817,1765
1161,1,14,0.559537,1765
1162,2,39,0.559257,1765
1163,2,49,0.558978,1767
1164,1,18,0.558698,1767
1165,0,9,0.558419,1767
1166,1,9,0.558140,1767
1167,2,42,0.557861,1768
1168,1,12,0.557582,1768
1169,1,39,0.557303,1768
1170,2,29,0.557024,1768
1171,0,10,0.556746,1768
1172,0,5,0.556467,1768
1173,3,67,0.556189,1780
1174,1,14,0.555911,1780
1175,2,45,0.555633,1780
1176,0,10,0.555355,1780
1177,2,28,0.555078,1782
1178,0,8,0.554800,1782
1179,1,49,0.554523,1783
1180,1,9,0.554246,1783
1181,2,12,0.553968,1784
1182,1,15,0.553691,1784
1183,2,24,0.553415,1784
1184,0,7,0.553138,1784
1185,2,56,0.552861,1784
1186,3,129,0.552585,1793
1187,2,43,0.552309,1796
1188,1,25,0.552032,1796
1189,1,9,0.551756,1796
1190,2,31,0.551480,1798
1191,2,47,0.551205,1800
1192,1,15,0.550929,1800
1193,2,11,0.550654,1801
1194,2,29,0.550378,1804
1195,1,39,0.550103,1805
1196,2,31,0.549828,1805
1197,2,37,0.549553,1806
1198,0,10,0.549278,1806
1199,1,13,0.549004,1807
1200,1,14,0.548729,1807
1201,2,49,0.548455,1809
1202,0,7,0.548181,1809
1203,1,17,0.547907,1809
1204,1,11,0.547633,1809
1205,0,10,0.547359,1809
1206,0,8,0.547085,1809
1207,1,14,0.546812,1809
1208,1,18,0.546538,1809
1209,2,38,0.546265,1810
1210,1,12,0.545992,1810
1211,0,30,0.545719,1810
1212,0,11,0.545446,1810
1213,4,73,0.545173,1815
1214,0,19,0.544901,1815
1215,0,7,0.544628,1815
1216,2,44,0.544356,1815
1217,1,21,0.544084,1816
1218,0,20,0.543812,1816
1219,3,65,0.543540,1821
1220,2,26,0.543268,1823
1221,2,39,0.542996,1823
1222,2,41,0.542725,1824
1223,1,50,0.542453,1824
1224,3,28,0.542182,1825
1225,2,71,0.541911,1835
1226,0,16,0.541640,1835
1227,3,22,0.541369,1839
1228,1,38,0.541099,1839
1229,2,64,0.540828,1839
1230,2,34,0.540558,1841
1231,2,35,0.540287,1843
1232,2,37,0.540017,1848
1233,2,13,0.539747,1849
1234,1,16,0.539477,1850
1235,1,19,0.539208,1850
1236,3,35,0.538938,1853
1237,3,46,0.538669,1855
1238,1,56,0.538399,1855
1239,1,36,0.538130,1856
1240,0,18,0.537861,1856
1241,0,15,0.537592,1856
1242,0,15,0.537323,1856
1243,1,22,0.537055,1856
1244,0,9,0.536786,1856
1245,1,18,0.536518,1857
1246,1,21,0.536249,1857
1247,2,24,0.535981,1859
1248,1,12,0.535713,1859
1249,1,19,0.535445,1860
1250,0,11,0.535178,1860
1251,2,11,0.534910,1861
1252,2,26,0.534643,1861
1253,2,43,0.534375,1861
1254,1,19,0.534108,1861
1255,2,15,0.533841,1861
1256,0,7,0.533574,1861
1257,1,48,0.533307,1862
1258,1,21,0.533041,1863
1259,0,33,0.532774,1863
1260,2,14,0.532508,1863
1261,2,35,0.532242,1866
1262,1,47,0.531976,1868
1263,0,14,0.531710,1868
1264,2,16,0.531444,1869
1265,2,24,0.531178,1872
1266,0,22,0.530912,1872
1267,2,32,0.530647,1874
1268,2,58,0.530382,1876
1269,1,20,0.530116,1876
1270,0,18,0.529851,1876
1271,1,14,0.529586,1876
1272,1,11,0.529322,1876
1273,1,14,0.529057,1876
1274,1,24,0.528792,1876
1275,0,9,0.528528,1876
1276,2,26,0.528264,1876
1277,2,16,0.528000,1876
1278,2,51,0.527736,1877
1279,1,23,0.527472,1877
1280,2,60,0.527208,1882
1281,0,19,0.526944,1882
1282,3,53,0.526681,1888
1283,2,32,0.526418,1890
1284,1,71,0.526154,1890
1285,2,6,0.525891,1890
1286,1,9,0.525628,1890
1287,1,14,0.525366,1890
1288,2,27,0.525103,1897
1289,0,8,0.524840,1897
1290,1,18,0.524578,1897
1291,2,26,0.524316,1900
1292,2,53,0.524053,1903
1293,0,14,0.523791,1903
1294,2,19,0.523530,1904
1295,0,7,0.523268,1904
1296,0,15,0.523006,1904
1297,1,67,0.522745,1904
1298,1,15,0.522483,1904
1299,0,8,0.522222,1904
1300,1,17,0.521961,1904
1301,0,10,0.521700,1904
1302,2,11,0.521439,1904
1303,1,36,0.521178,1904
1304,2,26,0.520918,1905
1305,2,58,0.520657,1906
1306,0,19,0.520397,1906
1307,2,57,0.520137,1908
1308,2,45,0.519877,1908
1309,0,10,0.519617,1908
1310,0,22,0.519357,1908
1311,1,10,0.519097,1908
1312,0,12,0.518838,1909
1313,2,28,0.518578,1909
1314,0,7,0.518319,1909
1315,2,48,0.518060,1910
1316,2,38,0.517801,1911
1317,0,8,0.517542,1911
1318,1,26,0.517283,1911
1319,0,10,0.517025,1911
1320,1,36,0.516766,1911
1321,2,11,0.516508,1911
1322,0,22,0.516249,1911
1323,0,8,0.515991,1911
1324,3,44,0.515733,1913
1325,1,8,0.515475,1913
1326,1,14,0.515218,1913
1327,2,59,0.514960,1918
1328,1,6,0.514703,1918
1329,2,88,0.514445,1924
1330,4,32,0.514188,1934
1331,1,26,0.513931,1934
1332,0,10,0.513674,1934
1333,0,15,0.513417,1934
1334,3,33,0.513160,1937
1335,4,20,0.512904,1941
1336,2,24,0.512647,1941
1337,3,47,0.512391,1946
1338,2,37,0.512135,1947
1339,3,59,0.511879,1948
1340,2,23,0.511623,1949
1341,0,5,0.511367,1949
1342,2,45,0.511111,1950
1343,1,14,0.510856,1951
1344,0,10,0.510600,1952
1345,0,17,0.510345,1952
1346,1,15,0.510090,1952
1347,1,20,0.509835,1952
1348,2,10,0.509580,1952
1349,2,44,0.509325,1954
1350,0,6,0.509070,1954
1351,1,11,0.508816,1954
1352,2,29,0.508562,1955
1353,1,13,0.508307,1955
1354,4,35,0.508053,1957
1355,1,10,0.507799,1957
1356,2,36,0.507545,1958
1357,1,44,0.507291,1960
1358,0,11,0.507038,1960
1359,0,9,0.506784,1960
1360,1,16,0.506531,1960
1361,1,26,0.506278,1960
1362,3,42,0.506024,1960
1363,2,39,0.505771,1961
1364,2,60,0.505519,1962
1365,0,7,0.505266,1962
1366,0,21,0.505013,1962
1367,2,48,0.504761,1965
1368,4,51,0.504508,1973
1369,2,14,0.504256,1973
1370,1,14,0.504004,1973
1371,0,10,0.503752,1973
1372,1,14,0.503500,1973
1373,1,9,0.503248,1973
1374,2,48,0.502997,1980
1375,1,21,0.502745,1980
1376,2,25,0.502494,1982
1377,2,15,0.502243,1982
1378,0,5,0.501991,1982
1379,2,22,0.501740,1983
1380,1,35,0.501490,1984
1381,2,23,0.501239,1984
1382,1,9,0.500988,1985
1383,1,9,0.500738,1985
1384,2,40,0.500487,1986
1385,3,50,0.500237,1991
1386,2,23,0.499987,1992
1387,2,23,0.499737,1994
1388,2,24,0.499487,1995
1389,0,11,0.499237,1995
1390,2,32,0.498988,1996
1391,1,21,0.498738,1997
1392,1,7,0.498489,1997
1393,1,13,0.498240,1997
1394,2,33,0.497990,1999
1395,1,11,0.497741,1999
1396,0,10,0.497493,1999
1397,2,31,0.497244,1999
1398,0,7,0.496995,1999
1399,1,13,0.496747,1999
1400,3,66,0.496498,2007
1401,2,22,0.496250,2007
1402,1,18,0.496002,2007
1403,2,45,0.495754,2009
1404,2,15,0.495506,2010
1405,3,42,0.495258,2015
1406,0,24,0.495011,2015
1407,2,31,0.494763,2015
1408,2,25,0.494516,2016
1409,2,34,0.494269,2019
1410,1,33,0.494021,2019
1411,3,60,0.493774,2024
1412,1,29,0.493528,2024
1413,1,60,0.493281,2024
1414,2,23,0.493034,2024
1415,1,16,0.492788,2024
1416,2,24,0.492541,2028
1417,2,30,0.492295,2029
1418,1,12,0.492049,2030
1419,1,8,0.491803,2030
1420,0,9,0.491557,2030
1421,3,13,0.491311,2031
1422,1,23,0.491065,2032
1423,1,31,0.490820,2033
1424,4,71,0.490575,2041
1425,1,9,0.490329,2041
1426,2,29,0.490084,2043
1427,2,60,0.489839,2045
1428,1,25,0.489594,2045
1429,2,18,0.489349,2045
1430,1,17,0.489105,2047
1431,2,12,0.488860,2047
1432,2,34,0.488616,2047
1433,3,17,0.488371,2047
1434,2,29,0.488127,2047
1435,1,11,0.487883,2047
1436,4,34,0.487639,2050
1437,1,24,0.487395,2051
1438,2,41,0.487152,2052
1439,3,46,0.486908,2062
1440,2,47,0.486665,2062
1441,1,48,0.486421,2062
1442,1,11,0.486178,2062
1443,3,29,0.485935,2064
1444,0,20,0.485692,2064
1445,1,12,0.485449,2064
1446,1,14,0.485206,2065
1447,2,50,0.484964,2065
1448,0,7,0.484721,2065
1449,1,12,0.484479,2065
1450,0,6,0.484237,2065
1451,2,38,0.483995,2067
1452,3,69,0.483753,2074
1453,1,18,0.483511,2074
1454,2,31,0.483269,2075
1455,0,22,0.483027,2075
1456,1,71,0.482786,2075
1457,2,40,0.482544,2078
1458,3,37,0.482303,2082
1459,1,23,0.482062,2082
1460,3,33,0.481821,2083
1461,2,27,0.481580,2089
1462,2,83,0.481339,2090
1463,1,38,0.481099,2090
1464,2,25,0.480858,2090
1465,2,39,0.480618,2092
1466,1,8,0.480377,2092
1467,1,15,0.480137,2092
1468,2,54,0.479897,2093
1469,2,18,0.479657,2094
1470,2,25,0.479417,2094
1471,2,35,0.479178,2094
1472,3,45,0.478938,2098
1473,0,12,0.478699,2098
1474,2,67,0.478459,2100
1475,3,35,0.478220,2102
1476,3,33,0.477981,2104
1477,1,15,0.477742,2104
1478,1,17,0.477503,2104
1479,1,13,0.477264,2104
1480,4,62,0.477026,2108
1481,2,46,0.476787,2111
1482,0,9,0.476549,2111
1483,1,22,0.476310,2111
1484,0,7,0.476072,2111
1485,2,21,0.475834,2111
1486,3,25,0.475596,2112
1487,2,22,0.475359,2112
1488,1,16,0.475121,2112
1489,2,29,0.474883,2112
1490,4,93,0.474646,2120
1491,2,33,0.474409,2120
1492,2,52,0.474171,2124
1493,0,6,0.473934,2124
1494,2,28,0.473697,2124
1495,0,6,0.473460,2124
1496,1,19,0.473224,2124
1497,1,17,0.472987,2124
1498,2,34,0.472751,2124
1499,2,19,0.472514,2124
1500,2,19,0.472278,2126
1501,1,40,0.472042,2126
1502,2,22,0.471806,2126
1503,1,34,0.471570,2127
1504,3,24,0.471334,2128
1505,0,23,0.471098,2128
1506,1,12,0.470863,2128
1507,3,63,0.470627,2132
1508,2,57,0.470392,2134
1509,2,27,0.470157,2135
1510,3,32,0.469922,2136
1511,1,8,0.469687,2136
1512,1,7,0.469452,2136
1513,1,9,0.469217,2136
1514,2,50,0.468983,2139
1515,2,31,0.468748,2140
1516,0,9,0.468514,2140
1517,2,19,0.468280,2142
1518,2,53,0.468045,2143
1519,3,29,0.467811,2143
1520,2,48,0.467578,2147
1521,2,32,0.467344,2149
1522,2,33,0.467110,2149
1523,2,17,0.466877,2149
1524,3,53,0.466643,2153
1525,0,24,0.466410,2153
1526,1,31,0.466177,2153
1527,1,31,0.465943,2153
1528,2,24,0.465711,2154
1529,1,9,0.465478,2154
1530,2,21,0.465245,2155
1531,2,48,0.465012,2155
1532,2,20,0.464780,2155
1533,0,7,0.464547,2155
1534,5,81,0.464315,2163
1535,0,16,0.464083,2164
1536,2,17,0.463851,2166
1537,0,20,0.463619,2166
1538,1,16,0.463387,2166
1539,2,25,0.463155,2167
1540,1,13,0.462924,2167
1541,3,49,0.462692,2170
1542,2,38,0.462461,2170
1543,2,38,0.462230,2171
1544,1,25,0.461999,2171
1545,2,31,0.461768,2171
1546,2,26,0.461537,2171
1547,1,43,0.461306,2171
1548,3,47,0.461075,2173
1549,2,18,0.460845,2173
1550,3,43,0.460614,2176
1551,2,25,0.460384,2178
1552,2,8,0.460154,2179
1553,3,56,0.459924,2179
1554,1,26,0.459694,2180
1555,1,19,0.459464,2180
1556,1,10,0.459234,2180
1557,1,26,0.459005,2180
1558,2,39,0.458775,2180
1559,2,40,0.458546,2180
1560,1,12,0.458317,2180
1561,3,52,0.458087,2182
1562,1,36,0.457858,2182
1563,4,29,0.457629,2186
1564,2,34,0.457401,2189
1565,2,41,0.457172,2189
1566,3,28,0.456943,2191
1567,2,22,0.456715,2192
1568,0,6,0.456487,2192
1569,2,41,0.456258,2193
1570,2,25,0.456030,2195
1571,1,17,0.455802,2195
1572,0,16,0.455574,2195
1573,2,17,0.455346,2195
1574,0,7,0.455119,2195
1575,1,29,0.454891,2195
1576,1,42,0.454664,2195
1577,0,10,0.454436,2195
1578,0,9,0.454209,2195
1579,3,77,0.453982,2197
1580,1,8,0.453755,2197
1581,2,14,0.453528,2197
1582,2,40,0.453301,2198
1583,2,41,0.453075,2199
1584,2,39,0.452848,2199
1585,2,15,0.452622,2199
1586,2,16,0.452396,2199
1587,2,23,0.452169,2201
1588,0,9,0.451943,2201
1589,1,17,0.451717,2201
1590,2,31,0.451491,2201
1591,1,5,0.451266,2201
1592,3,29,0.451040,2203
1593,3,34,0.450815,2205
1594,2,8,0.450589,2205
1595,2,13,0.450364,2205
1596,2,20,0.450139,2205
1597,1,9,0.449914,2205
1598,1,11,0.449689,2205
1599,1,40,0.449464,2205
1600,1,14,0.449239,2205
1601,0,5,0.449014,2205
1602,0,11,0.448790,2205
1603,2,27,0.448566,2205
1604,3,45,0.448341,2208
1605,0,23,0.448117,2208
1606,1,9,0.447893,2208
1607,1,19,0.447669,2208
1608,2,20,0.447445,2208
1609,2,39,0.447222,2209
1610,1,10,0.446998,2209
1611,2,14,0.446774,2209
1612,1,15,0.446551,2209
1613,1,8,0.446328,2209
1614,2,22,0.446105,2210
1615,3,42,0.445882,2214
1616,3,59,0.445659,2218
1617,3,23,0.445436,2220
1618,1,19,0.445213,2223
1619,1,26,0.444990,2224
1620,0,11,0.444768,2224
1621,4,83,0.444546,2233
1622,1,16,0.444323,2233
1623,2,10,0.444101,2233
1624,2,32,0.443879,2233
1625,5,33,0.443657,2236
1626,1,11,0.443435,2236
1627,2,35,0.443214,2238
1628,2,20,0.442992,2238
1629,0,23,0.442771,2238
1630,1,19,0.442549,2238
1631,2,47,0.442328,2241
1632,2,22,0.442107,2243
1633,1,15,0.441886,2243
1634,1,10,0.441665,2243
1635,2,31,0.441444,2246
1636,2,22,0.441223,2246
1637,1,21,0.441003,2246
1638,3,30,0.440782,2247
1639,0,11,0.440562,2247
1640,2,18,0.440341,2247
1641,0,9,0.440121,2247
1642,0,17,0.439901,2247
1643,0,6,0.439681,2247
1644,2,38,0.439461,2248
1645,2,25,0.439242,2249
1646,1,10,0.439022,2249
1647,2,22,0.438802,2249
1648,3,43,0.438583,2251
1649,1,12,0.438364,2251
1650,4,58,0.438145,2253
1651,1,31,0.437926,2253
1652,1,12,0.437707,2253
1653,4,123,0.437488,2266
1654,2,18,0.437269,2267
1655,2,34,0.437050,2269
1656,1,10,0.436832,2269
1657,2,10,0.436613,2269
1658,2,31,0.436395,2270
1659,1,23,0.436177,2270
1660,2,27,0.435959,2270
1661,3,14,0.435741,2272
1662,2,45,0.435523,2274
1663,0,8,0.435305,2274
1664,1,8,0.435088,2274
1665,3,38,0.434870,2276
1666,2,9,0.434653,2276
1667,0,24,0.434435,2276
1668,3,45,0.434218,2278
1669,1,15,0.434001,2278
1670,2,34,0.433784,2278
1671,1,45,0.433567,2278
1672,0,9,0.433350,2278
1673,3,60,0.433134,2281
1674,0,12,0.432917,2281
1675,1,49,0.432701,2281
1676,0,8,0.432484,2281
1677,2,41,0.432268,2282
1678,2,20,0.432052,2282
1679,1,24,0.431836,2282
1680,0,26,0.431620,2282
1681,2,28,0.431404,2282
1682,1,18,0.431188,2283
1683,2,20,0.430973,2283
1684,0,16,0.430757,2283
1685,0,15,0.430542,2283
1686,2,32,0.430327,2283
1687,2,34,0.430111,2284
1688,2,11,0.429896,2284
1689,4,57,0.429681,2301
1690,0,18,0.429467,2301
1691,1,40,0.429252,2302
1692,0,8,0.429037,2302
1693,1,35,0.428823,2302
1694,3,8,0.428608,2303
1695,3,19,0.428394,2303
1696,2,67,0.428180,2303
1697,1,22,0.427966,2303
1698,0,34,0.427752,2303
1699,0,18,0.427538,2303
1700,2,24,0.427324,2303
1701,2,29,0.427110,2303
1702,2,22,0.426897,2305
1703,1,15,0.426683,2305
1704,1,16,0.426470,2305
1705,1,16,0.426257,2305
1706,3,47,0.426044,2307
1707,2,42,0.425831,2307
1708,0,6,0.425618,2307
1709,3,34,0.425405,2309
1710,2,43,0.425192,2312
1711,1,14,0.424980,2312
1712,2,24,0.424767,2313
1713,1,16,0.424555,2313
1714,2,21,0.424343,2313
1715,1,28,0.424130,2314
1716,0,10,0.423918,2314
1717,2,25,0.423706,2315
1718,2,41,0.423494,2315
1719,2,42,0.423283,2315
1720,0,6,0.423071,2315
1721,3,45,0.422860,2316
1722,1,14,0.422648,2316
1723,1,20,0.422437,2316
1724,2,26,0.422226,2316
1725,1,10,0.422014,2316
1726,0,8,0.421803,2316
1727,1,13,0.421593,2316
1728,1,14,0.421382,2316
1729,1,20,0.421171,2316
1730,1,8,0.420960,2316
1731,3,66,0.420750,2317
1732,2,65,0.420540,2324
1733,1,20,0.420329,2324
1734,1,23,0.420119,2325
1735,2,28,0.419909,2325
1736,1,32,0.419699,2325
1737,2,29,0.419489,2326
1738,2,70,0.419280,2326
1739,1,11,0.419070,2326
1740,0,19,0.418860,2326
1741,2,25,0.418651,2326
1742,2,45,0.418442,2326
1743,1,10,0.418232,2327
1744,2,59,0.418023,2327
1745,3,26,0.417814,2327
1746,2,48,0.417605,2328
1747,1,13,0.417397,2328
1748,2,21,0.417188,2330
1749,2,9,0.416979,2330
1750,2,33,0.416771,2333
1751,2,98,0.416562,2339
1752,1,35,0.416354,2340
1753,3,17,0.416146,2341
1754,1,23,0.415938,2341
1755,1,47,0.415730,2341
1756,0,7,0.415522,2341
1757,1,42,0.415314,2342
1758,2,37,0.415107,2342
1759,3,31,0.414899,2343
1760,2,18,0.414692,2343
1761,4,67,0.414484,2351
1762,0,8,0.414277,2351
1763,4,35,0.414070,2353
1764,2,35,0.413863,2354
1765,2,27,0.413656,2354
1766,0,10,0.413449,2354
1767,1,7,0.413242,2354
1768,2,36,0.413036,2354
1769,2,23,0.412829,2354
1770,2,34,0.412623,2357
1771,0,7,0.412417,2357
1772,3,29,0.412210,2357
1773,3,59,0.412004,2363
1774,2,24,0.411798,2364
1775,2,35,0.411592,2364
1776,4,63,0.411387,2371
1777,2,18,0.411181,2372
1778,3,47,0.410975,2375
1779,2,14,0.410770,2375
1780,0,6,0.410564,2375
1781,2,22,0.410359,2376
1782,2,36,0.410154,2378
1783,3,43,0.409949,2378
1784,1,26,0.409744,2379
1785,2,38,0.409539,2381
1786,4,52,0.409334,2385
1787,1,14,0.409130,2385
1788,1,8,0.408925,2385
1789,4,45,0.408721,2391
1790,3,36,0.408516,2392
1791,2,42,0.408312,2394
1792,3,54,0.408108,2399
1793,3,58,0.407904,2403
1794,3,31,0.407700,2403
1795,2,33,0.407496,2403
1796,1,14,0.407292,2403
1797,4,74,0.407088,2408
1798,0,27,0.406885,2408
1799,0,11,0.406682,2408
1800,2,29,0.406478,2408
1801,1,14,0.406275,2408
1802,0,5,0.406072,2408
1803,2,19,0.405869,2408
1804,2,48,0.405666,2409
1805,2,23,0.405463,2409
1806,1,15,0.405260,2409
1807,1,20,0.405058,2409
1808,2,10,0.404855,2409
1809,2,20,0.404653,2409
1810,1,11,0.404450,2409
1811,0,9,0.404248,2409
1812,0,5,0.404046,2409
1813,2,15,0.403844,2409
1814,4,73,0.403642,2416
1815,3,26,0.403440,2419
1816,2,44,0.403239,2423
1817,1,16,0.403037,2423
1818,0,14,0.402835,2423
1819,0,8,0.402634,2423
1820,2,20,0.402433,2423
1821,2,33,0.402231,2423
1822,1,13,0.402030,2423
1823,1,10,0.401829,2423
1824,1,32,0.401628,2423
1825,3,36,0.401428,2423
1826,2,21,0.401227,2424
1827,3,38,0.401026,2427
1828,3,22,0.400826,2427
1829,5,48,0.400625,2433
1830,1,25,0.400425,2434
1831,3,40,0.400225,2437
1832,1,11,0.400025,2438
1833,2,23,0.399825,2438
1834,2,29,0.399625,2438
1835,2,37,0.399425,2439
1836,2,32,0.399225,2440
1837,2,21,0.399026,2442
1838,2,40,0.398826,2443
1839,2,23,0.398627,2443
1840,4,39,0.398427,2449
1841,1,17,0.398228,2449
1842,3,65,0.398029,2453
1843,0,10,0.397830,2453
1844,0,12,0.397631,2453
1845,4,52,0.397432,2454
1846,2,30,0.397234,2457
1847,2,43,0.397035,2457
1848,1,30,0.396836,2458
1849,2,26,0.396638,2459
1850,1,12,0.396440,2459
1851,3,34,0.396241,2459
1852,0,7,0.396043,2459
1853,4,62,0.395845,2460
1854,2,11,0.395647,2461
1855,3,44,0.395450,2461
1856,1,16,0.395252,2461
1857,2,11,0.395054,2461
1858,1,32,0.394857,2461
1859,2,9,0.394659,2461
1860,1,20,0.394462,2461
1861,2,16,0.394265,2463
1862,1,7,0.394068,2463
1863,2,28,0.393871,2464
1864,0,10,0.393674,2464
1865,2,34,0.393477,2464
1866,1,25,0.393280,2464
1867,4,48,0.393083,2469
1868,1,12,0.392887,2469
1869,3,33,0.392690,2471
1870,3,27,0.392494,2471
1871,2,30,0.392298,2471
1872,2,33,0.392102,2474
1873,2,37,0.391906,2474
1874,3,28,0.391710,2475
1875,4,52,0.391514,2480
1876,2,18,0.391318,2481
1877,3,40,0.391122,2482
1878,1,12,0.390927,2482
1879,3,23,0.390731,2482
1880,2,15,0.390536,2483
1881,0,41,0.390341,2483
1882,4,46,0.390146,2483
1883,2,39,0.389951,2483
1884,1,7,0.389756,2483
1885,3,48,0.389561,2485
1886,1,30,0.389366,2485
1887,2,40,0.389171,2485
1888,2,16,0.388977,2485
1889,3,34,0.388782,2485
1890,1,6,0.388588,2485
1891,1,13,0.388393,2485
1892,2,28,0.388199,2486
1893,2,8,0.388005,2486
1894,1,13,0.387811,2486
1895,2,52,0.387617,2488
1896,1,13,0.387423,2488
1897,1,14,0.387230,2488
1898,0,5,0.387036,2488
1899,2,56,0.386843,2488
1900,2,30,0.386649,2488
1901,1,23,0.386456,2488
1902,2,36,0.386263,2489
1903,2,22,0.386069,2491
1904,0,11,0.385876,2491
1905,2,14,0.385683,2491
1906,2,69,0.385491,2492
1907,2,15,0.385298,2492
1908,4,29,0.385105,2492
1909,3,39,0.384913,2492
1910,1,15,0.384720,2492
1911,2,35,0.384528,2492
1912,2,31,0.384336,2495
1913,3,47,0.384143,2495
1914,2,13,0.383951,2495
1915,3,56,0.383759,2497
1916,1,14,0.383568,2497
1917,2,21,0.383376,2498
1918,4,50,0.383184,2502
1919,2,22,0.382992,2503
1920,2,26,0.382801,2503
1921,1,10,0.382610,2503
1922,2,10,0.382418,2503
1923,0,8,0.382227,2503
1924,1,26,0.382036,2503
1925,2,60,0.381845,2505
1926,1,18,0.381654,2505
1927,0,7,0.381463,2505
1928,1,19,0.381272,2505
1929,1,14,0.381082,2505
1930,2,39,0.380891,2506
1931,3,33,0.380701,2507
1932,2,29,0.380510,2507
1933,2,45,0.380320,2508
1934,2,12,0.380130,2508
1935,2,18,0.379940,2509
1936,0,7,0.379750,2509
1937,0,13,0.379560,2509
1938,2,34,0.379370,2510
1939,0,6,0.379181,2510
1940,3,50,0.378991,2512
1941,1,13,0.378802,2512
1942,1,55,0.378612,2512
1943,3,44,0.378423,2514
1944,1,20,0.378234,2514
1945,1,19,0.378045,2514
1946,1,18,0.377856,2515
1947,2,18,0.377667,2515
1948,2,25,0.377478,2515
1949,1,15,0.377289,2516
1950,4,45,0.377100,2517
1951,2,24,0.376912,2518
1952,2,23,0.376723,2520
1953,1,12,0.376535,2521
1954,1,12,0.376347,2521
1955,1,13,0.376159,2521
1956,3,34,0.375971,2522
1957,4,46,0.375783,2524
1958,1,16,0.375595,2524
1959,4,68,0.375407,2527
1960,3,19,0.375219,2528
1961,1,19,0.375032,2528
1962,2,27,0.374844,2528
1963,2,26,0.374657,2528
1964,3,18,0.374469,2530
1965,1,24,0.374282,2530
1966,0,7,0.374095,2530
1967,2,21,0.373908,2531
1968,3,34,0.373721,2532
1969,2,38,0.373534,2533
1970,2,21,0.373347,2534
1971,3,23,0.373161,2537
1972,3,51,0.372974,2537
1973,1,29,0.372788,2537
1974,2,15,0.372601,2537
1975,2,28,0.372415,2537
1976,0,7,0.372229,2537
1977,0,15,0.372042,2537
1978,3,54,0.371856,2539
1979,1,19,0.371671,2540
1980,3,45,0.371485,2540
1981,1,14,0.371299,2540
1982,1,24,0.371113,2540
1983,2,14,0.370928,2540
1984,4,39,0.370742,2543
1985,1,11,0.370557,2543
1986,0,13,0.370372,2543
1987,1,15,0.370186,2544
1988,1,15,0.370001,2544
1989,1,18,0.369816,2544
1990,2,40,0.369631,2544
1991,1,11,0.369447,2544
1992,4,75,0.369262,2548
1993,3,52,0.369077,2549
1994,0,10,0.368893,2549
1995,3,42,0.368708,2550
1996,2,36,0.368524,2551
1997,4,62,0.368340,2554
1998,2,34,0.368156,2555
1999,2,15,0.367971,2556
2000,2,28,0.367787,2556
2001,1,9,0.367604,2556
2002,2,32,0.367420,2557
2003,2,17,0.367236,2557
2004,2,54,0.367052,2560
2005,2,27,0.366869,2560
2006,4,56,0.366685,2561
2007,4,37,0.366502,2561
2008,1,28,0.366319,2562
2009,3,30,0.366136,2563
2010,1,9,0.365953,2563
2011,0,8,0.365770,2563
2012,5,53,0.365587,2572
2013,3,29,0.365404,2574
2014,5,64,0.365221,2577
2015,3,37,0.365039,2577
2016,4,44,0.364856,2580
2017,2,22,0.364674,2580
2018,3,37,0.364491,2581
2019,1,24,0.364309,2581
2020,2,31,0.364127,2585
2021,0,18,0.363945,2585
2022,1,20,0.363763,2585
2023,0,20,0.363581,2585
2024,3,29,0.363399,2585
2025,0,7,0.363218,2585
2026,2,19,0.363036,2585
2027,2,25,0.362854,2585
2028,1,7,0.362673,2585
2029,2,22,0.362492,2585
2030,2,17,0.362310,2585
2031,0,7,0.362129,2585
2032,3,28,0.361948,2586
2033,4,79,0.361767,2594
2034,0,11,0.361586,2594
2035,1,9,0.361406,2594
2036,1,27,0.361225,2594
2037,1,12,0.361044,2594
2038,1,15,0.360864,2594
2039,0,6,0.360683,2594
2040,2,30,0.360503,2594
2041,2,33,0.360323,2598
2042,4,38,0.360143,2603
2043,2,48,0.359962,2603
2044,2,36,0.359783,2603
2045,3,47,0.359603,2603
2046,3,51,0.359423,2606
2047,0,12,0.359243,2606
2048,3,64,0.359063,2608
2049,2,28,0.358884,2609
2050,5,96,0.358705,2616
2051,2,33,0.358525,2616
2052,3,25,0.358346,2619
2053,2,25,0.358167,2620
2054,2,49,0.357988,2622
2055,4,51,0.357809,2622
2056,1,12,0.357630,2622
2057,3,16,0.357451,2622
2058,2,28,0.357272,2622
2059,4,64,0.357094,2627
2060,1,15,0.356915,2627
2061,0,13,0.356737,2627
2062,0,6,0.356558,2627
2063,4,36,0.356380,2630
2064,1,37,0.356202,2630
2065,4,56,0.356024,2630
2066,0,8,0.355846,2630
2067,3,40,0.355668,2631
2068,1,11,0.355490,2631
2069,3,14,0.355312,2631
2070,2,30,0.355134,2632
2071,2,25,0.354957,2632
2072,2,23,0.354779,2632
2073,2,29,0.354602,2634
2074,2,35,0.354425,2635
2075,2,20,0.354247,2635
2076,1,12,0.354070,2635
2077,1,15,0.353893,2635
2078,4,72,0.353716,2645
2079,3,50,0.353540,2646
2080,3,32,0.353363,2646
2081,3,24,0.353186,2646
2082,3,61,0.353009,2649
2083,2,31,0.352833,2650
2084,4,18,0.352657,2655
2085,2,14,0.352480,2655
2086,3,42,0.352304,2655
2087,0,6,0.352128,2655
2088,2,24,0.351952,2655
2089,3,26,0.351776,2655
2090,1,23,0.351600,2655
2091,4,52,0.351424,2656
2092,2,30,0.351248,2657
2093,1,21,0.351073,2657
2094,2,16,0.350897,2659
2095,3,38,0.350722,2660
2096,1,21,0.350546,2660
2097,1,12,0.350371,2660
2098,2,43,0.350196,2661
2099,4,69,0.350021,2669
2100,4,47,0.349846,2670
2101,4,41,0.349671,2671
2102,2,32,0.349496,2671
2103,3,33,0.349321,2672
2104,1,11,0.349147,2672
2105,2,8,0.348972,2672
2106,1,8,0.348798,2672
2107,1,34,0.348623,2672
2108,1,11,0.348449,2672
2109,2,28,0.348275,2673
2110,1,11,0.348101,2673
2111,1,15,0.347927,2673
2112,1,17,0.347753,2673
2113,1,12,0.347579,2673
2114,2,56,0.347405,2674
2115,2,25,0.347231,2674
2116,2,37,0.347058,2675
2117,4,41,0.346884,2678
2118,1,13,0.346711,2679
2119,2,24,0.346537,2679
2120,2,54,0.346364,2681
2121,3,80,0.346191,2684
2122,0,6,0.346018,2684
2123,1,19,0.345845,2685
2124,2,70,0.345672,2687
2125,2,19,0.345499,2687
2126,2,32,0.345326,2688
2127,1,24,0.345154,2689
2128,3,32,0.344981,2690
2129,1,19,0.344808,2691
2130,3,41,0.344636,2693
2131,3,38,0.344464,2695
2132,3,54,0.344292,2698
2133,1,6,0.344119,2698
2134,1,11,0.343947,2698
2135,3,47,0.343775,2703
2136,2,34,0.343603,2703
2137,2,28,0.343432,2703
2138,1,9,0.343260,2703
2139,2,18,0.343088,2703
2140,0,7,0.342917,2703
2141,4,30,0.342745,2706
2142,3,46,0.342574,2707
2143,0,9,0.342403,2707
2144,0,7,0.342231,2707
2145,2,35,0.342060,2708
2146,0,8,0.341889,2708
2147,2,16,0.341718,2708
2148,4,88,0.341547,2714
2149,3,29,0.341377,2715
2150,0,10,0.341206,2715
2151,4,51,0.341035,2718
2152,2,9,0.340865,2719
2153,2,27,0.340694,2719
2154,3,56,0.340524,2720
2155,2,29,0.340354,2720
2156,2,28,0.340184,2720
2157,2,10,0.340014,2722
2158,3,43,0.339844,2724
2159,2,30,0.339674,2726
2160,3,37,0.339504,2728
2161,4,54,0.339334,2732
2162,1,17,0.339164,2733
2163,2,26,0.338995,2733
2164,1,11,0.338825,2733
2165,4,42,0.338656,2740
2166,0,5,0.338487,2740
2167,2,16,0.338317,2740
2168,2,20,0.338148,2741
2169,1,11,0.337979,2741
2170,3,35,0.337810,2741
2171,2,40,0.337641,2742
2172,3,21,0.337472,2742
2173,2,29,0.337304,2742
2174,4,51,0.337135,2744
2175,2,16,0.336966,2744
2176,3,39,0.336798,2744
2177,0,18,0.336630,2744
2178,1,31,0.336461,2744
2179,3,32,0.336293,2744
2180,5,52,0.336125,2749
2181,0,6,0.335957,2749
2182,2,36,0.335789,2749
2183,3,30,0.335621,2749
2184,1,10,0.335453,2749
2185,2,10,0.335285,2749
2186,2,22,0.335118,2750
2187,2,12,0.334950,2750
2188,2,15,0.334783,2750
2189,2,9,0.334615,2751
2190,1,28,0.334448,2752
2191,1,16,0.334281,2752
2192,4,53,0.334114,2752
2193,2,25,0.333947,2752
2194,3,53,0.333780,2755
2195,2,36,0.333613,2756
2196,2,30,0.333446,2757
2197,0,5,0.333279,2757
2198,4,39,0.333113,2757
2199,2,11,0.332946,2757
2200,4,38,0.332780,2761
2201,1,12,0.332613,2761
2202,3,31,0.332447,2762
2203,4,33,0.332281,2763
2204,2,17,0.332114,2763
2205,3,33,0.331948,2765
2206,2,32,0.331782,2765
2207,4,45,0.331617,2769
2208,1,23,0.331451,2769
2209,0,17,0.331285,2769
2210,0,15,0.331119,2769
2211,3,35,0.330954,2771
2212,2,26,0.330788,2771
2213,2,15,0.330623,2772
2214,0,6,0.330458,2772
2215,4,62,0.330292,2774
2216,2,37,0.330127,2775
2217,6,73,0.329962,2782
2218,2,25,0.329797,2782
2219,0,8,0.329632,2782
2220,2,40,0.329467,2782
2221,1,12,0.329303,2782
2222,4,37,0.329138,2786
2223,1,15,0.328974,2786
2224,2,51,0.328809,2788
2225,2,10,0.328645,2788
2226,1,7,0.328480,2788
2227,1,7,0.328316,2788
2228,1,8,0.328152,2788
2229,5,35,0.327988,2790
2230,5,58,0.327824,2793
2231,2,13,0.327660,2793
2232,3,35,0.327496,2794
2233,4,72,0.327332,2801
2234,2,14,0.327169,2802
2235,1,11,0.327005,2802
2236,4,39,0.326842,2805
2237,3,48,0.326678,2806
2238,1,33,0.326515,2806
2239,2,29,0.326352,2809
2240,5,82,0.326188,2817
2241,0,16,0.326025,2817
2242,2,26,0.325862,2817
2243,3,22,0.325699,2817
2244,4,24,0.325537,2821
2245,4,60,0.325374,2822
2246,1,13,0.325211,2822
2247,2,38,0.325048,2823
2248,3,28,0.324886,2823
2249,2,19,0.324724,2824
2250,2,9,0.324561,2824
2251,2,30,0.324399,2825
2252,2,11,0.324237,2825
2253,3,32,0.324075,2825
2254,2,19,0.323913,2825
2255,2,29,0.323751,2825
2256,4,74,0.323589,2830
2257,2,22,0.323427,2830
2258,2,31,0.323265,2830
2259,4,33,0.323104,2830
2260,2,22,0.322942,2830
2261,4,53,0.322781,2835
2262,1,5,0.322619,2835
2263,2,28,0.322458,2835
2264,2,11,0.322297,2835
2265,4,51,0.322135,2846
2266,3,41,0.321974,2846
2267,2,33,0.321813,2846
2268,2,30,0.321652,2846
2269,2,35,0.321492,2846
2270,1,18,0.321331,2846
2271,3,21,0.321170,2846
2272,3,18,0.321010,2846
2273,2,13,0.320849,2846
2274,4,49,0.320689,2851
2275,1,10,0.320528,2851
2276,0,13,0.320368,2851
2277,3,25,0.320208,2852
2278,1,18,0.320048,2852
2279,5,57,0.319888,2856
2280,3,14,0.319728,2856
2281,3,58,0.319568,2858
2282,5,59,0.319408,2868
2283,2,51,0.319249,2871
2284,2,35,0.319089,2871
2285,3,34,0.318929,2871
2286,2,15,0.318770,2871
2287,5,51,0.318610,2875
2288,2,29,0.318451,2876
2289,2,21,0.318292,2876
2290,3,37,0.318133,2876
2291,0,9,0.317974,2876
2292,4,68,0.317815,2879
2293,3,29,0.317656,2879
2294,0,6,0.317497,2879
2295,2,29,0.317338,2879
2296,0,11,0.317180,2879
2297,2,25,0.317021,2879
2298,1,7,0.316863,2879
2299,1,14,0.316704,2879
2300,2,7,0.316546,2879
2301,2,28,0.316387,2879
2302,3,46,0.316229,2880
2303,1,11,0.316071,2880
2304,2,14,0.315913,2880
2305,3,37,0.315755,2880
2306,3,63,0.315597,2881
2307,0,7,0.315439,2881
2308,2,28,0.315282,2881
2309,2,34,0.315124,2882
2310,1,10,0.314967,2882
2311,3,40,0.314809,2883
2312,2,24,0.314652,2883
2313,4,48,0.314494,2885
2314,3,83,0.314337,2889
2315,1,12,0.314180,2889
2316,3,52,0.314023,2890
2317,2,18,0.313866,2890
2318,2,22,0.313709,2891
2319,1,23,0.313552,2892
2320,3,28,0.313395,2894
2321,3,21,0.313239,2895
2322,2,50,0.313082,2897
2323,4,53,0.312925,2901
2324,2,11,0.312769,2901
2325,3,47,0.312613,2902
2326,4,38,0.312456,2904
2327,0,6,0.312300,2904
2328,4,53,0.312144,2905
2329,3,35,0.311988,2906
2330,2,9,0.311832,2907
2331,1,12,0.311676,2907
2332,2,27,0.311520,2907
2333,0,7,0.311364,2907
2334,1,14,0.311209,2908
2335,2,41,0.311053,2910
2336,2,23,0.310897,2911
2337,1,15,0.310742,2911
2338,3,42,0.310587,2912
2339,3,37,0.310431,2913
2340,3,17,0.310276,2913
2341,2,53,0.310121,2914
2342,2,21,0.309966,2914
2343,2,21,0.309811,2914
2344,2,37,0.309656,2914
2345,3,29,0.309501,2916
2346,1,6,0.309346,2916
2347,4,28,0.309192,2917
2348,3,34,0.309037,2917
2349,0,8,0.308883,2917
2350,2,18,0.308728,2917
2351,2,20,0.308574,2917
2352,0,7,0.308420,2917
2353,0,8,0.308265,2917
2354,3,24,0.308111,2918
2355,2,36,0.307957,2918
2356,1,9,0.307803,2918
2357,1,13,0.307649,2918
2358,4,47,0.307495,2926
2359,1,10,0.307342,2926
2360,2,40,0.307188,2927
2361,2,25,0.307034,2927
2362,1,21,0.306881,2927
2363,3,38,0.306728,2927
2364,3,35,0.306574,2927
2365,1,17,0.306421,2927
2366,2,29,0.306268,2927
2367,1,21,0.306115,2927
2368,4,52,0.305961,2927
2369,2,44,0.305808,2927
2370,2,27,0.305656,2927
2371,5,42,0.305503,2930
2372,3,54,0.305350,2931
2373,3,26,0.305197,2931
2374,0,6,0.305045,2931
2375,5,30,0.304892,2937
2376,4,38,0.304740,2937
2377,2,17,0.304587,2938
2378,2,37,0.304435,2938
2379,2,17,0.304283,2938
2380,4,77,0.304131,2939
2381,4,46,0.303979,2943
2382,2,13,0.303827,2943
2383,1,19,0.303675,2943
2384,2,17,0.303523,2943
2385,2,38,0.303371,2944
2386,2,38,0.303219,2944
2387,1,28,0.303068,2944
2388,5,48,0.302916,2945
2389,0,5,0.302765,2945
2390,4,41,0.302614,2951
2391,3,34,0.302462,2951
2392,5,58,0.302311,2955
2393,4,35,0.302160,2956
2394,4,40,0.302009,2959
2395,3,35,0.301858,2959
2396,1,10,0.301707,2959
2397,3,10,0.301556,2959
2398,6,75,0.301405,2964
2399,1,10,0.301254,2964
2400,4,70,0.301104,2968
2401,4,43,0.300953,2972
2402,1,22,0.300803,2972
2403,2,35,0.300652,2972
2404,2,12,0.300502,2972
2405,1,28,0.300352,2972
2406,1,20,0.300202,2972
2407,2,57,0.300052,2972
2408,3,36,0.299902,2974
2409,2,19,0.299752,2974
2410,4,38,0.299602,2977
2411,3,41,0.299452,2977
2412,2,30,0.299302,2978
2413,2,13,0.299153,2978
2414,1,12,0.299003,2978
2415,4,61,0.298853,2983
2416,2,25,0.298704,2983
2417,4,50,0.298555,2989
2418,5,67,0.298405,2996
2419,2,47,0.298256,2998
2420,3,25,0.298107,2998
2421,2,24,0.297958,2998
2422,2,8,0.297809,2998
2423,2,35,0.297660,3000
2424,6,102,0.297511,3017
2425,2,10,0.297363,3018
2426,2,13,0.297214,3018
2427,0,12,0.297065,3018
2428,4,32,0.296917,3020
2429,3,17,0.296768,3020
2430,3,22,0.296620,3020
2431,4,58,0.296472,3023
2432,2,36,0.296323,3023
2433,1,8,0.296175,3023
2434,2,51,0.296027,3024
2435,2,33,0.295879,3024
2436,1,18,0.295731,3024
2437,1,7,0.295583,3024
2438,4,60,0.295435,3025
2439,1,15,0.295288,3026
2440,4,48,0.295140,3028
2441,0,12,0.294993,3028
2442,4,21,0.294845,3031
2443,1,11,0.294698,3031
2444,2,26,0.294550,3031
2445,2,22,0.294403,3031
2446,2,19,0.294256,3031
2447,0,18,0.294109,3031
2448,0,6,0.293962,3031
2449,2,23,0.293815,3032
2450,4,34,0.293668,3032
2451,7,76,0.293521,3043
2452,3,16,0.293374,3043
2453,4,48,0.293227,3046
2454,4,37,0.293081,3050
2455,2,10,0.292934,3050
2456,1,11,0.292788,3050
2457,1,20,0.292641,3050
2458,4,73,0.292495,3053
2459,4,48,0.292349,3054
2460,2,53,0.292203,3057
2461,4,54,0.292057,3060
2462,4,26,0.291911,3060
2463,1,8,0.291765,3060
2464,0,16,0.291619,3060
2465,2,50,0.291473,3060
2466,1,9,0.291327,3060
2467,3,57,0.291182,3063
2468,3,27,0.291036,3063
2469,3,29,0.290890,3064
2470,4,40,0.290745,3067
2471,2,15,0.290600,3069
2472,2,24,0.290454,3069
2473,3,55,0.290309,3070
2474,2,20,0.290164,3070
2475,2,37,0.290019,3071
2476,4,68,0.289874,3073
2477,1,18,0.289729,3073
2478,4,49,0.289584,3079
2479,3,48,0.289439,3080
2480,1,11,0.289294,3080
2481,2,38,0.289150,3080
2482,1,6,0.289005,3080
2483,3,11,0.288861,3081
2484,4,44,0.288716,3083
2485,0,14,0.288572,3083
2486,4,36,0.288428,3084
2487,2,27,0.288283,3084
2488,3,44,0.288139,3084
2489,1,34,0.287995,3084
2490,3,18,0.287851,3085
2491,0,8,0.287707,3085
2492,2,35,0.287563,3085
2493,0,5,0.287420,3085
2494,0,5,0.287276,3085
2495,2,25,0.287132,3085
2496,2,38,0.286989,3085
2497,0,14,0.286845,3085
2498,5,38,0.286702,3087
2499,1,8,0.286559,3087
2500,1,16,0.286415,3087
2501,2,42,0.286272,3087
2502,2,68,0.286129,3088
2503,3,41,0.285986,3088
2504,2,21,0.285843,3088
2505,5,34,0.285700,3090
2506,4,23,0.285557,3094
2507,1,10,0.285414,3094
2508,1,18,0.285272,3095
2509,0,10,0.285129,3095
2510,3,22,0.284986,3096
2511,2,30,0.284844,3096
2512,1,13,0.284701,3096
2513,5,42,0.284559,3097
2514,2,55,0.284417,3097
2515,0,9,0.284275,3097
2516,4,61,0.284132,3100
2517,1,8,0.283990,3100
2518,0,9,0.283848,3100
2519,4,62,0.283707,3108
2520,4,17,0.283565,3109
2521,4,40,0.283423,3113
2522,5,61,0.283281,3116
2523,3,63,0.283140,3117
2524,1,14,0.282998,3117
2525,2,14,0.282856,3117
2526,2,22,0.282715,3118
2527,0,6,0.282574,3118
2528,4,63,0.282432,3123
2529,3,22,0.282291,3123
2530,0,5,0.282150,3123
2531,0,28,0.282009,3123
2532,4,37,0.281868,3125
2533,5,53,0.281727,3130
2534,1,19,0.281586,3130
2535,3,31,0.281445,3130
2536,2,18,0.281305,3130
2537,2,43,0.281164,3131
2538,0,8,0.281023,3131
2539,3,22,0.280883,3131
2540,2,28,0.280742,3131
2541,4,35,0.280602,3132
2542,3,23,0.280462,3133
2543,6,84,0.280322,3139
2544,2,25,0.280181,3139
2545,4,45,0.280041,3140
2546,1,18,0.279901,3140
2547,0,10,0.279761,3140
2548,2,30,0.279621,3140
2549,1,7,0.279482,3140
2550,3,41,0.279342,3140
2551,1,38,0.279202,3140
2552,1,7,0.279063,3140
2553,2,25,0.278923,3140
2554,6,38,0.278784,3145
2555,4,74,0.278644,3148
2556,2,24,0.278505,3148
2557,4,54,0.278366,3149
2558,3,25,0.278226,3149
2559,4,68,0.278087,3153
2560,5,28,0.277948,3155
2561,0,5,0.277809,3155
2562,3,26,0.277670,3155
2563,3,27,0.277532,3156
2564,2,20,0.277393,3156
2565,2,12,0.277254,3156
2566,1,11,0.277116,3156
2567,1,33,0.276977,3156
2568,3,18,0.276838,3157
2569,4,47,0.276700,3161
2570,5,50,0.276562,3162
2571,1,12,0.276423,3162
2572,3,33,0.276285,3162
2573,1,15,0.276147,3162
2574,2,29,0.276009,3162
2575,5,60,0.275871,3168
2576,3,37,0.275733,3168
2577,4,39,0.275595,3170
2578,4,43,0.275457,3173
2579,0,9,0.275320,3173
2580,2,12,0.275182,3173
2581,2,27,0.275044,3174
2582,2,19,0.274907,3174
2583,7,86,0.274769,3186
2584,2,26,0.274632,3188
2585,3,43,0.274495,3193
2586,4,43,0.274357,3198
2587,4,53,0.274220,3200
2588,1,11,0.274083,3200
2589,4,38,0.273946,3205
2590,2,28,0.273809,3205
2591,2,12,0.273672,3205
2592,1,9,0.273535,3205
2593,3,37,0.273399,3208
2594,2,32,0.273262,3208
2595,1,18,0.273125,3208
2596,7,49,0.272989,3212
2597,2,29,0.272852,3212
2598,4,40,0.272716,3213
2599,2,16,0.272579,3213
2600,1,9,0.272443,3213
2601,2,36,0.272307,3214
2602,2,21,0.272171,3214
2603,3,27,0.272035,3217
2604,2,27,0.271899,3218
2605,4,46,0.271763,3219
2606,4,45,0.271627,3221
2607,4,44,0.271491,3223
2608,2,12,0.271355,3223
2609,4,39,0.271220,3225
2610,4,58,0.271084,3229
2611,4,22,0.270949,3229
2612,4,20,0.270813,3231
2613,1,15,0.270678,3231
2614,5,83,0.270542,3237
2615,4,40,0.270407,3237
2616,3,30,0.270272,3237
2617,4,29,0.270137,3240
2618,2,29,0.270002,3240
2619,0,5,0.269867,3240
2620,2,17,0.269732,3240
2621,5,66,0.269597,3245
2622,2,24,0.269462,3246
2623,2,21,0.269327,3246
2624,4,66,0.269193,3247
2625,2,28,0.269058,3247
2626,0,6,0.268923,3247
2627,1,12,0.268789,3247
2628,4,41,0.268655,3249
2629,4,17,0.268520,3251
2630,4,51,0.268386,3255
2631,2,24,0.268252,3255
2632,3,60,0.268118,3257
2633,0,10,0.267984,3257
2634,1,21,0.267850,3257
2635,4,32,0.267716,3259
2636,5,70,0.267582,3262
2637,1,12,0.267448,3262
2638,3,38,0.267314,3263
2639,2,22,0.267181,3263
2640,2,9,0.267047,3263
2641,4,62,0.266914,3267
2642,4,41,0.266780,3269
2643,2,21,0.266647,3269
2644,2,10,0.266513,3270
2645,4,31,0.266380,3271
2646,6,47,0.266247,3275
2647,4,52,0.266114,3275
2648,2,26,0.265981,3275
2649,5,55,0.265848,3276
2650,6,54,0.265715,3280
2651,3,34,0.265582,3283
2652,3,38,0.265449,3283
2653,0,8,0.265317,3283
2654,5,40,0.265184,3284
2655,5,75,0.265051,3290
2656,1,7,0.264919,3290
2657,0,11,0.264786,3290
2658,2,40,0.264654,3290
2659,3,34,0.264522,3290
2660,4,43,0.264389,3294
2661,2,44,0.264257,3295
2662,2,15,0.264125,3295
2663,2,22,0.263993,3295
2664,3,29,0.263861,3295
2665,2,20,0.263729,3295
2666,4,38,0.263597,3296
2667,0,9,0.263465,3296
2668,4,33,0.263334,3297
2669,2,12,0.263202,3297
2670,3,40,0.263070,3297
2671,4,49,0.262939,3300
2672,3,23,0.262807,3300
2673,1,11,0.262676,3300
2674,3,46,0.262545,3300
2675,2,36,0.262413,3300
2676,4,39,0.262282,3304
2677,4,21,0.262151,3306
2678,3,24,0.262020,3306
2679,3,29,0.261889,3306
2680,3,20,0.261758,3306
2681,2,39,0.261627,3306
2682,0,7,0.261496,3306
2683,4,60,0.261365,3307
2684,4,18,0.261235,3309
2685,1,7,0.261104,3309
2686,3,34,0.260974,3309
2687,3,47,0.260843,3311
2688,4,41,0.260713,3312
2689,5,76,0.260582,3316
2690,1,11,0.260452,3316
2691,2,24,0.260322,3316
2692,2,9,0.260192,3316
2693,1,28,0.260062,3316
2694,4,30,0.259932,3317
2695,4,36,0.259802,3318
2696,3,36,0.259672,3318
2697,3,25,0.259542,3318
2698,4,47,0.259412,3318
2699,1,13,0.259282,3318
2700,2,15,0.259153,3318
2701,2,17,0.259023,3318
2702,3,38,0.258894,3318
2703,3,32,0.258764,3318
2704,5,27,0.258635,3321
2705,3,32,0.258506,3321
2706,4,44,0.258376,3323
2707,2,20,0.258247,3323
2708,2,19,0.258118,3323
2709,8,66,0.257989,3334
2710,0,8,0.257860,3334
2711,3,71,0.257731,3334
2712,2,16,0.257602,3334
2713,4,33,0.257473,3335
2714,4,43,0.257345,3336
2715,0,12,0.257216,3336
2716,4,27,0.257087,3336
2717,1,15,0.256959,3336
2718,4,22,0.256830,3336
2719,2,28,0.256702,3336
2720,2,46,0.256573,3336
2721,2,38,0.256445,3336
2722,4,41,0.256317,3336
2723,4,32,0.256189,3338
2724,1,19,0.256061,3338
2725,1,22,0.255933,3338
2726,2,23,0.255805,3338
2727,2,22,0.255677,3338
2728,3,12,0.255549,3339
2729,2,21,0.255421,3339
2730,3,16,0.255294,3339
2731,6,54,0.255166,3345
2732,1,19,0.255038,3345
2733,2,39,0.254911,3345
2734,3,25,0.254783,3345
2735,2,22,0.254656,3345
2736,1,13,0.254529,3346
2737,1,12,0.254401,3346
2738,4,45,0.254274,3347
2739,6,62,0.254147,3352
2740,4,51,0.254020,3359
2741,4,26,0.253893,3361
2742,1,14,0.253766,3361
2743,4,20,0.253639,3361
2744,5,34,0.253512,3364
2745,1,12,0.253385,3364
2746,2,30,0.253259,3364
2747,0,6,0.253132,3364
2748,1,8,0.253006,3364
2749,3,30,0.252879,3364
2750,5,23,0.252753,3366
2751,2,35,0.252626,3367
2752,4,36,0.252500,3367
2753,2,15,0.252374,3367
2754,2,23,0.252248,3367
2755,0,6,0.252121,3367
2756,4,36,0.251995,3367
2757,3,19,0.251869,3367
2758,4,34,0.251743,3368
2759,2,24,0.251618,3369
2760,2,12,0.251492,3369
2761,4,36,0.251366,3371
2762,6,53,0.251240,3378
2763,1,22,0.251115,3378
2764,2,20,0.250989,3379
2765,4,50,0.250864,3384
2766,4,42,0.250738,3384
2767,3,33,0.250613,3384
2768,4,41,0.250488,3386
2769,4,70,0.250362,3392
2770,1,8,0.250237,3392
2771,2,19,0.250112,3392
2772,1,12,0.249987,3392
2773,4,40,0.249862,3393
2774,1,16,0.249737,3393
2775,0,12,0.249612,3393
2776,4,29,0.249487,3394
2777,3,28,0.249363,3394
2778,2,24,0.249238,3394
2779,2,21,0.249113,3394
2780,1,11,0.248989,3394
2781,1,17,0.248864,3394
2782,4,57,0.248740,3396
2783,1,8,0.248615,3396
2784,2,10,0.248491,3396
2785,1,11,0.248367,3396
2786,1,17,0.248243,3397
2787,3,59,0.248119,3398
2788,4,31,0.247995,3403
2789,2,23,0.247871,3403
2790,6,78,0.247747,3407
2791,2,11,0.247623,3407
2792,4,28,0.247499,3409
2793,2,45,0.247375,3409
2794,4,38,0.247251,3410
2795,2,15,0.247128,3410
2796,2,26,0.247004,3410
2797,4,35,0.246881,3412
2798,3,41,0.246757,3412
2799,1,9,0.246634,3412
2800,2,14,0.246511,3412
2801,3,30,0.246387,3413
2802,4,39,0.246264,3414
2803,4,27,0.246141,3415
2804,6,53,0.246018,3419
2805,4,27,0.245895,3419
2806,3,26,0.245772,3419
2807,4,39,0.245649,3421
2808,2,22,0.245526,3421
2809,2,40,0.245404,3421
2810,4,67,0.245281,3425
2811,2,32,0.245158,3425
2812,3,23,0.245036,3426
2813,2,57,0.244913,3427
2814,3,24,0.244791,3428
2815,0,16,0.244668,3428
2816,2,18,0.244546,3428
2817,2,37,0.244424,3428
2818,1,32,0.244301,3428
2819,4,46,0.244179,3428
2820,2,19,0.244057,3428
2821,2,24,0.243935,3429
2822,4,28,0.243813,3429
2823,3,34,0.243691,3429
2824,4,29,0.243569,3430
2825,4,33,0.243448,3430
2826,5,48,0.243326,3431
2827,4,38,0.243204,3432
2828,6,90,0.243083,3443
2829,5,52,0.242961,3444
2830,3,47,0.242840,3445
2831,2,20,0.242718,3446
2832,5,73,0.242597,3452
2833,2,12,0.242476,3453
2834,2,27,0.242354,3453
2835,4,38,0.242233,3455
2836,2,15,0.242112,3455
2837,1,7,0.241991,3455
2838,1,7,0.241870,3455
2839,4,50,0.241749,3457
2840,4,49,0.241628,3460
2841,4,39,0.241507,3460
2842,4,57,0.241387,3464
2843,1,11,0.241266,3464
2844,2,15,0.241145,3464
2845,3,37,0.241025,3464
2846,4,33,0.240904,3466
2847,1,24,0.240784,3466
2848,3,48,0.240663,3468
2849,4,35,0.240543,3469
2850,3,29,0.240423,3470
2851,1,11,0.240303,3470
2852,4,40,0.240182,3471
2853,4,30,0.240062,3471
2854,1,9,0.239942,3471
2855,2,29,0.239822,3472
2856,2,30,0.239702,3472
2857,0,9,0.239583,3472
2858,4,41,0.239463,3474
2859,2,11,0.239343,3474
2860,4,24,0.239223,3475
2861,2,29,0.239104,3475
2862,4,47,0.238984,3475
2863,4,31,0.238865,3475
2864,2,11,0.238745,3475
2865,4,32,0.238626,3477
2866,3,29,0.238507,3477
2867,6,76,0.238387,3481
2868,4,26,0.238268,3482
2869,3,28,0.238149,3483
2870,1,13,0.238030,3483
2871,1,12,0.237911,3483
2872,3,27,0.237792,3483
2873,4,49,0.237673,3484
2874,4,45,0.237554,3486
2875,2,23,0.237435,3486
2876,6,58,0.237317,3490
2877,2,20,0.237198,3490
2878,5,46,0.237079,3492
2879,3,16,0.236961,3492
2880,3,42,0.236842,3492
2881,0,6,0.236724,3492
2882,4,17,0.236606,3493
2883,2,11,0.236487,3493
2884,6,38,0.236369,3495
2885,1,14,0.236251,3495
2886,1,12,0.236133,3495
2887,2,28,0.236015,3496
2888,4,28,0.235897,3496
2889,2,14,0.235779,3496
2890,5,51,0.235661,3499
2891,1,7,0.235543,3499
2892,2,34,0.235425,3499
2893,2,19,0.235308,3499
2894,0,6,0.235190,3499
2895,1,19,0.235072,3499
2896,4,39,0.234955,3500
2897,2,36,0.234837,3500
2898,3,47,0.234720,3500
2899,2,15,0.234603,3500
2900,7,84,0.234485,3507
2901,4,19,0.234368,3509
2902,4,45,0.234251,3509
2903,1,17,0.234134,3509
2904,2,9,0.234017,3509
2905,4,74,0.233900,3517
2906,5,38,0.233783,3517
2907,3,31,0.233666,3517
2908,6,51,0.233549,3521
2909,4,46,0.233432,3522
2910,3,21,0.233315,3522
2911,3,27,0.233199,3522
2912,2,24,0.233082,3522
2913,4,43,0.232966,3522
2914,2,37,0.232849,3522
2915,0,11,0.232733,3522
2916,4,44,0.232616,3523
2917,2,15,0.232500,3523
2918,6,42,0.232384,3526
2919,1,10,0.232268,3526
2920,4,58,0.232151,3527
2921,4,39,0.232035,3527
2922,4,44,0.231919,3528
2923,3,27,0.231803,3528
2924,3,43,0.231688,3528
2925,3,25,0.231572,3528
2926,4,61,0.231456,3529
2927,3,24,0.231340,3529
2928,2,14,0.231225,3529
2929,4,41,0.231109,3531
2930,2,24,0.230993,3532
2931,5,33,0.230878,3533
2932,4,24,0.230762,3534
2933,2,23,0.230647,3534
2934,4,43,0.230532,3535
2935,4,54,0.230416,3535
2936,4,45,0.230301,3538
2937,4,42,0.230186,3539
2938,2,30,0.230071,3539
2939,3,50,0.229956,3539
2940,4,47,0.229841,3540
2941,0,6,0.229726,3540
2942,2,22,0.229611,3541
2943,7,59,0.229496,3545
2944,4,28,0.229382,3545
2945,2,31,0.229267,3546
2946,5,81,0.229152,3551
2947,1,10,0.229038,3551
2948,2,24,0.228923,3551
2949,4,58,0.228809,3556
2950,0,10,0.228694,3556
2951,4,42,0.228580,3556
2952,4,42,0.228466,3556
2953,3,31,0.228351,3556
2954,3,37,0.228237,3556
2955,2,18,0.228123,3556
2956,2,26,0.228009,3556
2957,2,25,0.227895,3556
2958,3,18,0.227781,3557
2959,0,14,0.227667,3557
2960,4,35,0.227553,3559
2961,2,9,0.227440,3560
2962,1,13,0.227326,3560
2963,4,42,0.227212,3560
2964,4,39,0.227099,3560
2965,2,31,0.226985,3561
2966,6,40,0.226872,3563
2967,3,20,0.226758,3563
2968,1,10,0.226645,3563
2969,2,32,0.226532,3563
2970,3,37,0.226418,3564
2971,6,62,0.226305,3569
2972,2,22,0.226192,3569
2973,0,13,0.226079,3569
2974,3,27,0.225966,3569
2975,3,35,0.225853,3570
2976,6,43,0.225740,3572
2977,4,35,0.225627,3573
2978,3,23,0.225514,3573
2979,5,33,0.225401,3575
2980,2,18,0.225289,3575
2981,2,27,0.225176,3575
2982,2,34,0.225063,3575
2983,2,19,0.224951,3576
2984,4,37,0.224838,3578
2985,7,69,0.224726,3583
2986,3,33,0.224614,3585
2987,5,35,0.224501,3585
2988,3,40,0.224389,3587
2989,2,12,0.224277,3587
2990,2,26,0.224165,3587
2991,4,24,0.224053,3588
2992,5,60,0.223941,3594
2993,2,24,0.223829,3594
2994,6,46,0.223717,3597
2995,3,20,0.223605,3597
2996,3,30,0.223493,3597
2997,2,23,0.223381,3597
2998,4,39,0.223270,3597
2999,4,29,0.223158,3598
3000,2,19,0.223046,3598
3001,2,8,0.222935,3598
3002,4,41,0.222823,3598
3003,4,39,0.222712,3598
3004,3,48,0.222601,3598
3005,4,34,0.222489,3598
3006,4,31,0.222378,3600
3007,2,26,0.222267,3600
3008,4,65,0.222156,3604
3009,4,37,0.222045,3604
3010,4,56,0.221934,3605
3011,3,21,0.221823,3605
3012,4,76,0.221712,3608
3013,5,51,0.221601,3612
3014,0,14,0.221490,3612
3015,2,12,0.221379,3613
3016,3,17,0.221269,3613
3017,4,56,0.221158,3614
3018,0,13,0.221048,3614
3019,2,23,0.220937,3614
3020,4,36,0.220827,3614
3021,5,59,0.220716,3615
3022,1,8,0.220606,3615
3023,4,38,0.220495,3619
3024,4,35,0.220385,3620
3025,4,31,0.220275,3621
3026,2,19,0.220165,3621
3027,1,10,0.220055,3621
3028,4,35,0.219945,3622
3029,4,44,0.219835,3622
3030,4,32,0.219725,3623
3031,2,26,0.219615,3624
3032,7,70,0.219505,3629
3033,4,43,0.219395,3630
3034,4,39,0.219286,3631
3035,4,27,0.219176,3631
3036,2,15,0.219067,3631
3037,2,22,0.218957,3632
3038,2,11,0.218848,3632
3039,5,27,0.218738,3634
3040,3,39,0.218629,3634
3041,0,13,0.218519,3634
3042,4,53,0.218410,3636
3043,2,16,0.218301,3636
3044,1,11,0.218192,3636
3045,2,6,0.218083,3636
3046,6,39,0.217974,3638
3047,4,54,0.217865,3639
3048,5,41,0.217756,3640
3049,1,8,0.217647,3640
3050,4,38,0.217538,3643
3051,3,32,0.217429,3643
3052,3,23,0.217321,3643
3053,5,48,0.217212,3644
3054,4,33,0.217103,3644
3055,4,46,0.216995,3644
3056,2,17,0.216886,3645
3057,2,31,0.216778,3645
3058,4,26,0.216669,3645
3059,3,36,0.216561,3646
3060,4,38,0.216453,3646
3061,2,22,0.216345,3647
3062,4,35,0.216236,3648
3063,5,42,0.216128,3652
3064,2,27,0.216020,3652
3065,4,34,0.215912,3653
3066,3,21,0.215804,3653
3067,4,46,0.215696,3655
3068,2,29,0.215589,3655
3069,5,40,0.215481,3659
3070,3,24,0.215373,3659
3071,8,90,0.215265,3668
3072,4,49,0.215158,3669
3073,4,49,0.215050,3669
3074,0,8,0.214943,3669
3075,3,24,0.214835,3669
3076,4,35,0.214728,3671
3077,1,15,0.214620,3671
3078,3,29,0.214513,3672
3079,6,65,0.214406,3678
3080,3,23,0.214299,3679
3081,2,5,0.214191,3679
3082,4,49,0.214084,3682
3083,1,16,0.213977,3682
3084,8,78,0.213870,3687
3085,4,42,0.213763,3692
3086,5,44,0.213656,3693
3087,6,34,0.213550,3694
3088,1,19,0.213443,3694
3089,4,66,0.213336,3696
3090,5,31,0.213229,3697
3091,0,6,0.213123,3697
3092,6,48,0.213016,3700
3093,4,34,0.212910,3701
3094,1,9,0.212803,3701
3095,3,22,0.212697,3702
3096,1,13,0.212591,3702
3097,4,33,0.212484,3703
3098,1,33,0.212378,3703
3099,2,14,0.212272,3703
3100,2,26,0.212166,3703
3101,2,17,0.212060,3703
3102,3,17,0.211954,3703
3103,3,22,0.211848,3703
3104,3,8,0.211742,3703
3105,4,51,0.211636,3705
3106,6,57,0.211530,3709
3107,4,57,0.211424,3712
3108,5,47,0.211319,3716
3109,6,40,0.211213,3718
3110,2,33,0.211107,3718
3111,2,23,0.211002,3718
3112,7,77,0.210896,3724
3113,4,48,0.210791,3725
3114,4,47,0.210685,3727
3115,4,37,0.210580,3729
3116,4,34,0.210475,3729
3117,4,26,0.210370,3729
3118,5,30,0.210264,3729
3119,6,49,0.210159,3730
3120,1,17,0.210054,3730
3121,2,23,0.209949,3730
3122,4,45,0.209844,3731
3123,1,13,0.209739,3731
3124,1,11,0.209634,3732
3125,0,8,0.209529,3732
3126,0,7,0.209425,3732
3127,3,44,0.209320,3733
3128,2,20,0.209215,3734
3129,4,23,0.209111,3734
3130,1,20,0.209006,3734
3131,5,55,0.208902,3734
3132,4,40,0.208797,3735
3133,1,10,0.208693,3735
3134,3,29,0.208588,3735
3135,0,21,0.208484,3735
3136,1,14,0.208380,3735
3137,2,14,0.208276,3735
3138,4,50,0.208172,3736
3139,6,42,0.208068,3737
3140,2,26,0.207964,3738
3141,5,57,0.207860,3739
3142,5,50,0.207756,3741
3143,5,39,0.207652,3745
3144,2,14,0.207548,3745
3145,2,16,0.207444,3745
3146,1,7,0.207340,3745
3147,1,13,0.207237,3745
3148,1,10,0.207133,3745
3149,2,10,0.207030,3745
3150,4,26,0.206926,3745
3151,5,52,0.206823,3749
3152,4,26,0.206719,3749
3153,2,17,0.206616,3749
3154,4,34,0.206512,3750
3155,3,29,0.206409,3750
3156,4,22,0.206306,3753
3157,2,8,0.206203,3753
3158,4,42,0.206100,3755
3159,1,22,0.205997,3756
3160,3,39,0.205894,3756
3161,4,49,0.205791,3759
3162,0,14,0.205688,3759
3163,7,60,0.205585,3765
3164,1,10,0.205482,3765
3165,1,24,0.205380,3765
3166,6,55,0.205277,3767
3167,2,17,0.205174,3767
3168,5,47,0.205072,3768
3169,3,41,0.204969,3768
3170,4,44,0.204867,3769
3171,3,35,0.204764,3769
3172,4,43,0.204662,3769
3173,6,69,0.204559,3773
3174,2,22,0.204457,3773
3175,1,17,0.204355,3773
3176,4,35,0.204253,3774
3177,6,65,0.204151,3779
3178,4,39,0.204049,3779
3179,4,34,0.203947,3779
3180,4,29,0.203845,3779
3181,4,29,0.203743,3780
3182,4,39,0.203641,3782
3183,6,81,0.203539,3790
3184,4,53,0.203437,3793
3185,1,32,0.203335,3793
3186,2,19,0.203234,3793
3187,2,33,0.203132,3794
3188,6,51,0.203031,3795
3189,3,41,0.202929,3795
3190,4,31,0.202828,3795
3191,6,65,0.202726,3803
3192,4,51,0.202625,3803
3193,5,50,0.202524,3804
3194,5,65,0.202422,3809
3195,2,39,0.202321,3809
3196,1,14,0.202220,3809
3197,5,57,0.202119,3812
3198,2,25,0.202018,3812
3199,3,39,0.201917,3812
3200,6,67,0.201816,3814
3201,2,10,0.201715,3814
3202,5,57,0.201614,3816
3203,5,58,0.201513,3818
3204,5,59,0.201412,3822
3205,2,10,0.201312,3822
3206,4,28,0.201211,3822
3207,5,36,0.201110,3824
3208,4,25,0.201010,3825
3209,1,8,0.200909,3825
3210,4,42,0.200809,3828
3211,5,44,0.200709,3828
3212,2,23,0.200608,3828
3213,3,40,0.200508,3830
3214,2,16,0.200408,3831
3215,1,16,0.200307,3831
3216,4,34,0.200207,3838
3217,2,21,0.200107,3838
3218,4,38,0.200007,3840
3219,2,29,0.199907,3841
3220,2,17,0.199807,3841
3221,4,32,0.199707,3842
3222,2,22,0.199607,3842
3223,4,49,0.199508,3842
3224,4,37,0.199408,3844
3225,0,5,0.199308,3844
3226,5,37,0.199208,3848
3227,4,62,0.199109,3849
3228,4,22,0.199009,3849
3229,3,25,0.198910,3849
3230,4,55,0.198810,3851
3231,1,17,0.198711,3851
3232,4,32,0.198612,3851
3233,5,46,0.198512,3853
3234,4,38,0.198413,3855
3235,3,52,0.198314,3858
3236,4,60,0.198215,3861
3237,4,43,0.198116,3863
3238,5,56,0.198017,3866
3239,2,14,0.197917,3867
3240,1,23,0.197819,3867
3241,6,55,0.197720,3869
3242,3,45,0.197621,3870
3243,2,12,0.197522,3870
3244,2,27,0.197423,3870
3245,3,29,0.197324,3870
3246,4,46,0.197226,3871
3247,3,33,0.197127,3871
3248,3,31,0.197029,3871
3249,1,13,0.196930,3871
3250,4,39,0.196832,3872
3251,5,29,0.196733,3872
3252,5,79,0.196635,3875
3253,2,28,0.196537,3875
3254,1,11,0.196438,3876
3255,5,30,0.196340,3876
3256,2,32,0.196242,3876
3257,4,50,0.196144,3878
3258,3,25,0.196046,3879
3259,4,42,0.195948,3880
3260,1,8,0.195850,3880
3261,0,7,0.195752,3880
3262,0,13,0.195654,3880
3263,4,37,0.195556,3881
3264,4,29,0.195458,3882
3265,4,40,0.195361,3883
3266,5,60,0.195263,3888
3267,1,22,0.195165,3888
3268,3,44,0.195068,3888
3269,1,30,0.194970,3888
3270,5,57,0.194873,3889
3271,2,12,0.194775,3889
3272,4,51,0.194678,3889
3273,4,34,0.194581,3890
3274,4,35,0.194483,3890
3275,3,36,0.194386,3890
3276,5,37,0.194289,3892
3277,1,12,0.194192,3892
3278,0,5,0.194095,3892
3279,6,78,0.193997,3897
3280,5,80,0.193901,3901
3281,3,23,0.193804,3901
3282,2,18,0.193707,3901
3283,12,126,0.193610,3912
3284,1,12,0.193513,3912
3285,2,17,0.193416,3912
3286,2,14,0.193320,3912
3287,2,22,0.193223,3912
3288,4,27,0.193126,3912
3289,4,37,0.193030,3914
3290,4,29,0.192933,3914
3291,2,33,0.192837,3914
3292,4,47,0.192740,3916
3293,4,33,0.192644,3917
3294,2,23,0.192548,3917
3295,4,57,0.192451,3918
3296,3,26,0.192355,3918
3297,5,86,0.192259,3922
3298,5,43,0.192163,3922
3299,4,33,0.192067,3923
3300,6,56,0.191971,3923
3301,4,43,0.191875,3924
3302,4,47,0.191779,3925
3303,1,6,0.191683,3925
3304,6,37,0.191587,3929
3305,6,43,0.191491,3930
3306,2,25,0.191395,3930
3307,5,57,0.191300,3930
3308,1,9,0.191204,3930
3309,2,6,0.191109,3930
3310,0,7,0.191013,3930
3311,5,41,0.190917,3931
3312,4,39,0.190822,3932
3313,2,28,0.190727,3932
3314,5,38,0.190631,3934
3315,3,32,0.190536,3934
3316,1,10,0.190441,3934
3317,1,12,0.190345,3934
3318,5,50,0.190250,3935
3319,5,37,0.190155,3937
3320,7,53,0.190060,3938
3321,2,8,0.189965,3938
3322,4,26,0.189870,3938
3323,6,76,0.189775,3944
3324,7,94,0.189680,3946
3325,4,48,0.189585,3946
3326,2,11,0.189491,3946
3327,4,27,0.189396,3947
3328,4,28,0.189301,3948
3329,4,33,0.189207,3949
3330,2,41,0.189112,3949
3331,5,29,0.189017,3949
3332,4,31,0.188923,3949
3333,8,72,0.188828,3952
3334,1,8,0.188734,3952
3335,4,37,0.188640,3954
3336,4,34,0.188545,3955
3337,3,28,0.188451,3957
3338,3,30,0.188357,3957
3339,2,13,0.188263,3957
3340,4,63,0.188168,3961
3341,6,39,0.188074,3963
3342,4,24,0.187980,3964
3343,5,47,0.187886,3966
3344,5,41,0.187792,3967
3345,6,69,0.187699,3971
3346,4,24,0.187605,3971
3347,4,47,0.187511,3971
3348,0,6,0.187417,3971
3349,5,56,0.187323,3971
3350,4,47,0.187230,3971
3351,0,9,0.187136,3971
3352,4,44,0.187043,3971
3353,2,10,0.186949,3971
3354,1,6,0.186856,3971
3355,7,51,0.186762,3974
3356,3,31,0.186669,3975
3357,1,8,0.186575,3975
3358,5,35,0.186482,3975
3359,2,23,0.186389,3976
3360,4,25,0.186296,3976
3361,4,38,0.186203,3977
3362,3,40,0.186109,3977
3363,2,29,0.186016,3977
3364,6,76,0.185923,3981
3365,6,54,0.185830,3985
3366,1,16,0.185738,3985
3367,4,47,0.185645,3988
3368,3,30,0.185552,3988
3369,4,38,0.185459,3988
3370,1,11,0.185366,3988
3371,4,39,0.185274,3990
3372,4,43,0.185181,3990
3373,5,56,0.185088,3991
3374,6,52,0.184996,3993
3375,2,14,0.184903,3993
3376,4,53,0.184811,3994
3377,2,10,0.184718,3994
3378,3,14,0.184626,3996
3379,2,32,0.184534,3996
3380,0,7,0.184442,3996
3381,2,25,0.184349,3996
3382,6,83,0.184257,3999
3383,4,47,0.184165,4000
3384,4,29,0.184073,4001
3385,4,36,0.183981,4004
3386,2,19,0.183889,4004
3387,7,51,0.183797,4006
3388,2,17,0.183705,4006
3389,5,54,0.183613,4010
3390,5,73,0.183521,4013
3391,5,39,0.183430,4015
3392,0,5,0.183338,4015
3393,4,57,0.183246,4017
3394,4,31,0.183155,4018
3395,5,31,0.183063,4019
3396,6,64,0.182972,4023
3397,6,50,0.182880,4025
3398,2,25,0.182789,4025
3399,6,48,0.182697,4028
3400,2,27,0.182606,4028
3401,4,38,0.182515,4028
3402,5,44,0.182423,4030
3403,4,42,0.182332,4031
3404,1,9,0.182241,4031
3405,3,29,0.182150,4031
3406,5,61,0.182059,4031
3407,2,24,0.181968,4031
3408,4,37,0.181877,4031
3409,4,34,0.181786,4032
3410,4,47,0.181695,4033
3411,4,45,0.181604,4033
3412,2,31,0.181513,4033
3413,0,7,0.181422,4033
3414,3,37,0.181332,4033
3415,2,18,0.181241,4033
3416,4,34,0.181150,4035
3417,3,22,0.181060,4035
3418,4,52,0.180969,4035
3419,4,34,0.180879,4035
3420,2,24,0.180788,4035
3421,4,43,0.180698,4036
3422,2,19,0.180608,4037
3423,7,70,0.180517,4038
3424,1,24,0.180427,4038
3425,4,30,0.180337,4040
3426,2,28,0.180247,4040
3427,4,65,0.180157,4040
3428,4,38,0.180067,4040
3429,5,42,0.179977,4041
3430,10,107,0.179887,4051
3431,7,53,0.179797,4053
3432,7,50,0.179707,4054
3433,4,30,0.179617,4054
3434,1,12,0.179527,4054
3435,5,55,0.179437,4055
3436,6,48,0.179348,4055
3437,4,33,0.179258,4055
3438,4,37,0.179168,4055
3439,4,29,0.179079,4055
3440,2,21,0.178989,4055
3441,4,41,0.178900,4056
3442,4,29,0.178810,4057
3443,3,21,0.178721,4057
3444,4,28,0.178631,4057
3445,2,14,0.178542,4057
3446,6,65,0.178453,4060
3447,5,62,0.178364,4061
3448,4,48,0.178274,4061
3449,4,38,0.178185,4061
3450,6,52,0.178096,4062
3451,4,35,0.178007,4063
3452,6,78,0.177918,4066
3453,7,38,0.177829,4069
3454,2,34,0.177740,4069
3455,4,28,0.177651,4069
3456,4,39,0.177563,4070
3457,2,29,0.177474,4070
3458,5,26,0.177385,4071
3459,4,52,0.177296,4071
3460,0,8,0.177208,4071
3461,2,30,0.177119,4071
3462,1,19,0.177031,4071
3463,4,39,0.176942,4073
3464,4,42,0.176854,4074
3465,4,35,0.176765,4077
3466,1,9,0.176677,4077
3467,6,56,0.176588,4079
3468,4,42,0.176500,4079
3469,4,39,0.176412,4080
3470,5,45,0.176324,4082
3471,6,46,0.176236,4084
3472,0,6,0.176147,4084
3473,1,11,0.176059,4084
3474,6,59,0.175971,4085
3475,0,7,0.175883,4085
3476,2,21,0.175795,4085
3477,4,53,0.175707,4086
3478,7,76,0.175620,4089
3479,4,32,0.175532,4089
3480,4,37,0.175444,4090
3481,6,45,0.175356,4091
3482,2,20,0.175269,4092
3483,4,56,0.175181,4095
3484,2,28,0.175093,4095
3485,7,70,0.175006,4096
3486,4,61,0.174918,4099
3487,4,46,0.174831,4099
3488,4,30,0.174743,4099
3489,5,49,0.174656,4101
3490,3,30,0.174569,4101
3491,4,56,0.174482,4101
3492,3,20,0.174394,4101
3493,5,50,0.174307,4102
3494,6,81,0.174220,4106
3495,1,13,0.174133,4106
3496,4,49,0.174046,4109
3497,5,50,0.173959,4111
3498,6,71,0.173872,4113
3499,5,35,0.173785,4114
3500,5,30,0.173698,4114
3501,4,38,0.173611,4115
3502,4,39,0.173524,4116
3503,6,48,0.173437,4119
3504,3,12,0.173351,4119
3505,4,29,0.173264,4119
3506,5,34,0.173177,4119
3507,5,43,0.173091,4119
3508,4,35,0.173004,4120
3509,3,29,0.172918,4120
3510,2,25,0.172831,4120
3511,4,18,0.172745,4120
3512,3,24,0.172659,4121
3513,2,17,0.172572,4122
3514,3,33,0.172486,4122
3515,4,37,0.172400,4122
3516,4,15,0.172314,4122
3517,1,7,0.172227,4122
3518,7,46,0.172141,4123
3519,2,15,0.172055,4123
3520,3,30,0.171969,4123
3521,4,32,0.171883,4124
3522,8,105,0.171797,4129
3523,4,23,0.171711,4129
3524,3,33,0.171625,4130
3525,4,42,0.171540,4130
3526,2,16,0.171454,4130
3527,1,15,0.171368,4130
3528,6,74,0.171282,4132
3529,4,41,0.171197,4133
3530,5,53,0.171111,4133
3531,6,69,0.171026,4138
3532,6,43,0.170940,4140
3533,6,55,0.170855,4141
3534,1,15,0.170769,4141
3535,7,70,0.170684,4143
3536,5,46,0.170599,4143
3537,4,38,0.170513,4144
3538,4,49,0.170428,4145
3539,2,17,0.170343,4145
3540,6,74,0.170258,4149
3541,5,41,0.170172,4149
3542,1,12,0.170087,4149
3543,3,34,0.170002,4149
3544,3,19,0.169917,4149
3545,0,5,0.169832,4149
3546,6,62,0.169747,4150
3547,5,44,0.169663,4150
3548,4,40,0.169578,4151
3549,0,6,0.169493,4151
3550,4,32,0.169408,4151
3551,5,69,0.169324,4154
3552,3,26,0.169239,4154
3553,3,37,0.169154,4154
3554,4,51,0.169070,4157
3555,7,53,0.168985,4161
3556,4,39,0.168901,4162
3557,5,56,0.168816,4164
3558,5,59,0.168732,4167
3559,3,33,0.168647,4167
3560,5,42,0.168563,4168
3561,3,28,0.168479,4168
3562,6,31,0.168395,4169
3563,6,63,0.168310,4173
3564,7,66,0.168226,4177
3565,5,40,0.168142,4179
3566,7,41,0.168058,4179
3567,5,52,0.167974,4180
3568,6,69,0.167890,4182
3569,2,9,0.167806,4182
3570,2,17,0.167722,4182
3571,2,25,0.167638,4182
3572,5,27,0.167554,4182
3573,3,37,0.167471,4182
3574,3,56,0.167387,4182
3575,1,18,0.167303,4182
3576,4,36,0.167220,4183
3577,2,22,0.167136,4183
3578,5,51,0.167052,4185
3579,1,19,0.166969,4185
3580,4,33,0.166885,4185
3581,2,20,0.166802,4186
3582,4,42,0.166719,4187
3583,3,18,0.166635,4187
3584,6,44,0.166552,4189
3585,5,48,0.166469,4192
3586,3,27,0.166385,4192
3587,5,42,0.166302,4192
3588,8,84,0.166219,4197
3589,3,33,0.166136,4197
3590,0,6,0.166053,4197
3591,5,52,0.165970,4197
3592,4,38,0.165887,4197
3593,4,38,0.165804,4197
3594,4,54,0.165721,4197
3595,4,45,0.165638,4197
3596,8,67,0.165555,4199
3597,6,70,0.165473,4203
3598,3,37,0.165390,4204
3599,2,20,0.165307,4204
3600,3,31,0.165224,4205
3601,0,6,0.165142,4205
3602,5,29,0.165059,4206
3603,6,57,0.164977,4209
3604,3,21,0.164894,4209
3605,5,42,0.164812,4211
3606,2,24,0.164729,4211
3607,7,35,0.164647,4212
3608,4,39,0.164565,4213
3609,1,28,0.164482,4213
3610,2,13,0.164400,4213
3611,4,25,0.164318,4213
3612,6,70,0.164236,4216
3613,1,15,0.164154,4216
3614,2,17,0.164072,4216
3615,3,18,0.163990,4216
3616,6,62,0.163908,4216
3617,4,33,0.163826,4216
3618,7,40,0.163744,4217
3619,2,21,0.163662,4217
3620,5,31,0.163580,4218
3621,4,30,0.163498,4219
3622,1,7,0.163417,4219
3623,7,64,0.163335,4222
3624,4,35,0.163253,4222
3625,0,7,0.163172,4222
3626,2,26,0.163090,4222
3627,3,25,0.163008,4222
3628,6,82,0.162927,4226
3629,3,24,0.162845,4228
3630,4,43,0.162764,4229
3631,4,48,0.162683,4230
3632,1,30,0.162601,4231
3633,4,20,0.162520,4232
3634,2,12,0.162439,4232
3635,3,19,0.162358,4232
3636,4,42,0.162276,4233
3637,2,37,0.162195,4233
3638,6,46,0.162114,4234
3639,6,57,0.162033,4236
3640,7,106,0.161952,4240
3641,1,14,0.161871,4240
3642,2,14,0.161790,4240
3643,3,20,0.161709,4240
3644,6,41,0.161628,4240
3645,6,80,0.161548,4241
3646,3,22,0.161467,4241
3647,4,50,0.161386,4242
3648,4,38,0.161305,4242
3649,4,34,0.161225,4243
3650,3,27,0.161144,4243
3651,6,49,0.161064,4245
3652,4,33,0.160983,4245
3653,5,53,0.160902,4250
3654,3,32,0.160822,4250
3655,1,22,0.160742,4250
3656,2,17,0.160661,4250
3657,1,16,0.160581,4250
3658,4,35,0.160501,4253
3659,5,32,0.160420,4254
3660,5,37,0.160340,4255
3661,5,66,0.160260,4256
3662,7,46,0.160180,4257
3663,1,12,0.160100,4257
3664,6,87,0.160020,4265
3665,4,31,0.159940,4266
3666,3,30,0.159860,4266
3667,1,13,0.159780,4266
3668,4,30,0.159700,4266
3669,5,46,0.159620,4267
3670,5,41,0.159540,4267
3671,3,32,0.159461,4268
3672,7,53,0.159381,4270
3673,8,102,0.159301,4278
3674,2,14,0.159221,4278
3675,5,37,0.159142,4278
3676,6,46,0.159062,4278
3677,1,12,0.158983,4278
3678,4,20,0.158903,4278
3679,4,56,0.158824,4279
3680,4,31,0.158744,4280
3681,4,27,0.158665,4281
3682,1,18,0.158586,4282
3683,5,70,0.158506,4283
3684,6,61,0.158427,4285
3685,4,41,0.158348,4286
3686,6,41,0.158269,4287
3687,7,76,0.158190,4290
3688,6,47,0.158110,4292
3689,4,35,0.158031,4293
3690,4,41,0.157952,4293
3691,1,24,0.157873,4294
3692,6,62,0.157795,4296
3693,7,66,0.157716,4299
3694,7,78,0.157637,4300
3695,2,18,0.157558,4300
3696,5,53,0.157479,4301
3697,2,13,0.157400,4301
3698,2,21,0.157322,4301
3699,4,49,0.157243,4301
3700,6,32,0.157164,4301
3701,3,38,0.157086,4301
3702,4,34,0.157007,4302
3703,4,27,0.156929,4302
3704,4,44,0.156850,4302
3705,0,14,0.156772,4302
3706,1,15,0.156694,4302
3707,4,38,0.156615,4302
3708,2,26,0.156537,4302
3709,3,25,0.156459,4302
3710,8,60,0.156380,4304
3711,0,8,0.156302,4304
3712,8,58,0.156224,4307
3713,4,36,0.156146,4308
3714,5,45,0.156068,4310
3715,2,42,0.155990,4310
3716,2,10,0.155912,4310
3717,4,43,0.155834,4310
3718,4,27,0.155756,4311
3719,2,18,0.155678,4311
3720,6,49,0.155600,4313
3721,5,35,0.155522,4314
3722,1,9,0.155445,4314
3723,3,28,0.155367,4315
3724,2,19,0.155289,4315
3725,6,61,0.155212,4316
3726,5,49,0.155134,4318
3727,4,42,0.155056,4318
3728,7,63,0.154979,4321
3729,6,79,0.154901,4325
3730,3,36,0.154824,4325
3731,5,35,0.154747,4326
3732,5,59,0.154669,4326
3733,7,36,0.154592,4326
3734,5,65,0.154515,4327
3735,9,111,0.154437,4334
3736,4,42,0.154360,4334
3737,3,30,0.154283,4334
3738,4,44,0.154206,4335
3739,1,20,0.154129,4335
3740,1,12,0.154052,4335
3741,8,88,0.153975,4340
3742,3,26,0.153898,4340
3743,7,63,0.153821,4343
3744,8,59,0.153744,4345
3745,2,28,0.153667,4345
3746,1,11,0.153590,4345
3747,3,57,0.153513,4345
3748,3,20,0.153436,4345
3749,4,28,0.153360,4346
3750,4,37,0.153283,4346
3751,2,22,0.153206,4346
3752,7,72,0.153130,4350
3753,5,55,0.153053,4352
3754,1,17,0.152977,4352
3755,3,25,0.152900,4352
3756,5,49,0.152824,4353
3757,6,38,0.152747,4354
3758,5,33,0.152671,4354
3759,5,46,0.152595,4354
3760,5,34,0.152518,4354
3761,4,48,0.152442,4355
3762,3,38,0.152366,4355
3763,6,52,0.152290,4357
3764,5,32,0.152214,4358
3765,2,31,0.152137,4358
3766,7,49,0.152061,4359
3767,2,10,0.151985,4359
3768,12,60,0.151909,4361
3769,4,33,0.151833,4362
3770,1,9,0.151758,4362
3771,6,42,0.151682,4363
3772,8,54,0.151606,4366
3773,9,83,0.151530,4367
3774,4,32,0.151454,4368
3775,4,36,0.151378,4368
3776,2,11,0.151303,4368
3777,6,46,0.151227,4370
3778,4,51,0.151152,4371
3779,4,59,0.151076,4372
3780,0,7,0.151000,4372
3781,5,19,0.150925,4372
3782,7,70,0.150849,4374
3783,4,44,0.150774,4376
3784,6,63,0.150699,4377
3785,2,27,0.150623,4377
3786,5,40,0.150548,4378
3787,1,8,0.150473,4378
3788,2,16,0.150397,4378
3789,1,5,0.150322,4378
3790,8,70,0.150247,4381
3791,4,34,0.150172,4381
3792,7,40,0.150097,4382
3793,4,42,0.150022,4383
3794,3,44,0.149947,4383
3795,1,16,0.149872,4383
3796,4,32,0.149797,4384
3797,4,29,0.149722,4384
3798,1,26,0.149647,4385
3799,6,49,0.149572,4385
3800,5,57,0.149498,4385
3801,5,34,0.149423,4386
3802,5,75,0.149348,4387
3803,4,60,0.149273,4387
3804,4,35,0.149199,4387
3805,3,29,0.149124,4387
3806,4,37,0.149050,4389
3807,6,52,0.148975,4390
3808,4,50,0.148901,4390
3809,2,18,0.148826,4390
3810,6,53,0.148752,4392
3811,2,27,0.148677,4392
3812,5,44,0.148603,4392
3813,6,37,0.148529,4393
3814,4,32,0.148454,4393
3815,4,69,0.148380,4393
3816,6,43,0.148306,4395
3817,6,47,0.148232,4395
3818,3,35,0.148158,4395
3819,4,27,0.148084,4396
3820,6,54,0.148010,4398
3821,3,47,0.147936,4398
3822,5,27,0.147862,4398
3823,4,31,0.147788,4398
3824,6,54,0.147714,4398
3825,4,42,0.147640,4398
3826,4,55,0.147566,4398
3827,2,43,0.147492,4398
3828,5,38,0.147419,4399
3829,4,36,0.147345,4400
3830,5,40,0.147271,4402
3831,5,45,0.147198,4404
3832,4,38,0.147124,4404
3833,2,18,0.147050,4404
3834,1,7,0.146977,4404
3835,5,65,0.146903,4405
3836,3,35,0.146830,4405
3837,7,58,0.146757,4406
3838,7,81,0.146683,4411
3839,4,28,0.146610,4411
3840,6,35,0.146537,4413
3841,5,38,0.146463,4413
3842,4,43,0.146390,4413
3843,5,45,0.146317,4414
3844,4,48,0.146244,4414
3845,3,22,0.146171,4415
3846,3,26,0.146098,4415
3847,8,82,0.146024,4418
3848,5,55,0.145951,4421
3849,1,17,0.145878,4421
3850,2,27,0.145806,4421
3851,5,64,0.145733,4422
3852,2,22,0.145660,4422
3853,4,39,0.145587,4422
3854,10,72,0.145514,4424
3855,4,45,0.145441,4424
3856,3,18,0.145369,4424
3857,2,11,0.145296,4424
3858,6,55,0.145223,4425
3859,2,23,0.145151,4425
3860,1,25,0.145078,4425
3861,5,47,0.145006,4425
3862,5,46,0.144933,4426
3863,1,11,0.144861,4426
3864,6,54,0.144788,4427
3865,4,36,0.144716,4427
3866,4,37,0.144643,4427
3867,7,72,0.144571,4432
3868,8,75,0.144499,4433
3869,3,31,0.144427,4433
3870,2,9,0.144354,4433
3871,4,37,0.144282,4434
3872,6,45,0.144210,4435
3873,6,84,0.144138,4436
3874,3,26,0.144066,4436
3875,6,66,0.143994,4436
3876,6,70,0.143922,4437
3877,4,42,0.143850,4438
3878,4,64,0.143778,4438
3879,0,10,0.143706,4438
3880,1,6,0.143634,4438
3881,3,29,0.143562,4438
3882,2,16,0.143491,4438
3883,7,74,0.143419,4443
3884,3,17,0.143347,4443
3885,11,104,0.143276,4446
3886,4,48,0.143204,4447
3887,7,61,0.143132,4449
3888,9,83,0.143061,4453
3889,4,29,0.142989,4453
3890,4,44,0.142918,4454
3891,5,42,0.142846,4455
3892,5,36,0.142775,4457
3893,5,34,0.142703,4458
3894,3,27,0.142632,4458
3895,3,40,0.142561,4459
3896,7,72,0.142489,4462
3897,5,64,0.142418,4465
3898,6,54,0.142347,4466
3899,1,13,0.142276,4467
3900,8,37,0.142205,4468
3901,2,20,0.142134,4468
3902,3,20,0.142063,4468
3903,4,40,0.141992,4468
3904,4,44,0.141921,4468
3905,7,38,0.141850,4469
3906,2,12,0.141779,4469
3907,7,62,0.141708,4469
3908,3,38,0.141637,4469
3909,2,26,0.141566,4469
3910,2,10,0.141495,4469
3911,4,24,0.141425,4470
3912,3,23,0.141354,4470
3913,3,15,0.141283,4470
3914,6,51,0.141213,4472
3915,3,27,0.141142,4472
3916,4,41,0.141071,4472
3917,0,6,0.141001,4472
3918,1,7,0.140930,4472
3919,0,6,0.140860,4472
3920,6,81,0.140789,4475
3921,3,29,0.140719,4475
3922,2,35,0.140649,4475
3923,5,67,0.140578,4476
3924,5,36,0.140508,4476
3925,2,18,0.140438,4476
3926,5,41,0.140368,4476
3927,8,55,0.140297,4479
3928,4,27,0.140227,4479
3929,5,50,0.140157,4479
3930,4,50,0.140087,4480
3931,4,46,0.140017,4480
3932,4,23,0.139947,4481
3933,2,12,0.139877,4481
3934,3,26,0.139807,4483
3935,4,56,0.139737,4483
3936,7,36,0.139667,4486
3937,5,57,0.139597,4487
3938,3,43,0.139528,4487
3939,6,38,0.139458,4490
3940,4,47,0.139388,4491
3941,5,55,0.139318,4491
3942,2,10,0.139249,4491
3943,7,79,0.139179,4493
3944,4,34,0.139110,4493
3945,0,5,0.139040,4493
3946,6,43,0.138971,4493
3947,5,38,0.138901,4494
3948,2,15,0.138832,4494
3949,4,44,0.138762,4494
3950,5,62,0.138693,4496
3951,9,73,0.138623,4498
3952,1,10,0.138554,4498
3953,3,38,0.138485,4499
3954,4,60,0.138416,4499
3955,5,33,0.138346,4500
3956,3,24,0.138277,4500
3957,2,29,0.138208,4500
3958,4,32,0.138139,4500
3959,10,136,0.138070,4503
3960,7,34,0.138001,4503
3961,2,22,0.137932,4503
3962,8,61,0.137863,4507
3963,5,63,0.137794,4507
3964,8,60,0.137725,4508
3965,5,34,0.137656,4509
3966,1,14,0.137587,4510
3967,4,53,0.137519,4511
3968,8,93,0.137450,4514
3969,5,49,0.137381,4515
3970,2,32,0.137312,4515
3971,6,56,0.137244,4516
3972,5,44,0.137175,4516
3973,7,85,0.137107,4518
3974,3,36,0.137038,4518
3975,4,30,0.136969,4519
3976,6,53,0.136901,4521
3977,6,58,0.136833,4523
3978,5,53,0.136764,4523
3979,5,75,0.136696,4523
3980,5,32,0.136627,4524
3981,4,57,0.136559,4525
3982,5,55,0.136491,4525
3983,2,12,0.136423,4525
3984,4,35,0.136354,4526
3985,7,60,0.136286,4527
3986,2,33,0.136218,4527
3987,6,40,0.136150,4528
3988,7,71,0.136082,4530
3989,7,64,0.136014,4531
3990,4,31,0.135946,4531
3991,1,10,0.135878,4531
3992,5,33,0.135810,4531
3993,6,38,0.135742,4532
3994,5,60,0.135674,4534
3995,5,47,0.135606,4534
3996,2,26,0.135538,4534
3997,4,35,0.135471,4534
3998,5,45,0.135403,4535
3999,6,58,0.135335,4536
4000,4,24,0.135268,4536
4001,7,59,0.135200,4539
4002,4,40,0.135132,4539
4003,4,21,0.135065,4540
4004,6,33,0.134997,4541
4005,5,49,0.134930,4541
4006,3,37,0.134862,4542
4007,5,37,0.134795,4542
4008,6,62,0.134727,4543
4009,6,86,0.134660,4549
4010,1,13,0.134593,4549
4011,7,77,0.134525,4550
4012,4,19,0.134458,4550
4013,6,57,0.134391,4550
4014,5,57,0.134324,4550
4015,4,33,0.134257,4551
4016,2,14,0.134190,4551
4017,5,38,0.134122,4551
4018,3,22,0.134055,4551
4019,5,65,0.133988,4553
4020,3,38,0.133921,4553
4021,4,36,0.133854,4554
4022,1,14,0.133787,4554
4023,8,74,0.133721,4557
4024,6,61,0.133654,4558
4025,4,33,0.133587,4558
4026,7,47,0.133520,4559
4027,1,7,0.133453,4559
4028,2,26,0.133387,4559
4029,2,18,0.133320,4559
4030,5,48,0.133253,4559
4031,3,40,0.133187,4559
4032,7,69,0.133120,4560
4033,2,18,0.133053,4560
4034,10,71,0.132987,4561
4035,5,34,0.132920,4561
4036,2,36,0.132854,4561
4037,4,29,0.132788,4561
4038,2,24,0.132721,4561
4039,5,70,0.132655,4564
4040,5,55,0.132588,4564
4041,2,15,0.132522,4564
4042,1,6,0.132456,4564
4043,3,21,0.132390,4564
4044,10,115,0.132323,4564
4045,6,63,0.132257,4564
4046,1,6,0.132191,4564
4047,1,8,0.132125,4564
4048,4,23,0.132059,4564
4049,5,39,0.131993,4566
4050,8,82,0.131927,4570
4051,4,42,0.131861,4570
4052,4,39,0.131795,4570
4053,4,42,0.131729,4571
4054,5,39,0.131663,4571
4055,3,36,0.131598,4571
4056,5,39,0.131532,4572
4057,2,20,0.131466,4572
4058,8,66,0.131400,4574
4059,5,53,0.131335,4575
4060,11,82,0.131269,4577
4061,6,53,0.131203,4579
4062,7,43,0.131138,4579
4063,11,113,0.131072,4585
4064,7,46,0.131007,4587
4065,4,20,0.130941,4588
4066,8,51,0.130876,4592
4067,10,98,0.130810,4596
4068,6,65,0.130745,4599
4069,8,90,0.130679,4602
4070,6,59,0.130614,4602
4071,3,33,0.130549,4602
4072,10,83,0.130483,4609
4073,5,45,0.130418,4610
4074,4,41,0.130353,4610
4075,4,28,0.130288,4612
4076,3,22,0.130223,4613
4077,4,34,0.130158,4613
4078,8,39,0.130092,4615
4079,2,18,0.130027,4615
4080,1,8,0.129962,4615
4081,5,34,0.129897,4616
4082,7,54,0.129832,4617
4083,2,54,0.129768,4617
4084,2,12,0.129703,4617
4085,2,14,0.129638,4617
4086,7,62,0.129573,4618
4087,3,23,0.129508,4619
4088,4,49,0.129443,4621
4089,4,34,0.129379,4621
4090,4,40,0.129314,4622
4091,4,36,0.129249,4624
4092,7,48,0.129185,4626
4093,8,64,0.129120,4626
4094,2,19,0.129056,4626
4095,1,11,0.128991,4626
4096,4,30,0.128927,4627
4097,5,55,0.128862,4628
4098,1,17,0.128798,4628
4099,8,79,0.128733,4629
4100,1,17,0.128669,4630
4101,3,27,0.128605,4630
4102,6,50,0.128540,4632
4103,4,69,0.128476,4633
4104,5,43,0.128412,4633
4105,14,135,0.128348,4643
4106,4,39,0.128283,4643
4107,2,28,0.128219,4643
4108,4,33,0.128155,4645
4109,6,36,0.128091,4645
4110,3,24,0.128027,4645
4111,4,32,0.127963,4646
4112,2,18,0.127899,4646
4113,5,39,0.127835,4646
4114,5,49,0.127771,4647
4115,11,86,0.127707,4649
4116,5,41,0.127643,4651
4117,6,45,0.127580,4651
4118,3,34,0.127516,4651
4119,5,42,0.127452,4653
4120,6,55,0.127388,4654
4121,4,45,0.127325,4656
4122,0,11,0.127261,4656
4123,7,56,0.127197,4656
4124,1,19,0.127134,4656
4125,6,42,0.127070,4657
4126,7,70,0.127007,4659
4127,4,65,0.126943,4660
4128,2,29,0.126880,4661
4129,10,101,0.126816,4663
4130,9,84,0.126753,4665
4131,6,67,0.126689,4667
4132,1,16,0.126626,4667
4133,6,42,0.126563,4668
4134,5,70,0.126500,4670
4135,3,45,0.126436,4670
4136,5,41,0.126373,4670
4137,9,68,0.126310,4671
4138,5,59,0.126247,4671
4139,8,75,0.126184,4674
4140,5,50,0.126120,4675
4141,2,27,0.126057,4675
4142,4,45,0.125994,4676
4143,5,34,0.125931,4676
4144,4,35,0.125868,4677
4145,3,26,0.125805,4677
4146,5,29,0.125743,4677
4147,5,42,0.125680,4677
4148,6,35,0.125617,4678
4149,1,11,0.125554,4678
4150,1,23,0.125491,4678
4151,8,78,0.125429,4679
4152,4,28,0.125366,4679
4153,4,33,0.125303,4679
4154,7,64,0.125240,4680
4155,9,90,0.125178,4686
4156,0,7,0.125115,4686
4157,4,37,0.125053,4686
4158,6,69,0.124990,4689
4159,2,25,0.124928,4689
4160,4,45,0.124865,4689
4161,10,99,0.124803,4691
4162,3,30,0.124740,4691
4163,8,99,0.124678,4696
4164,4,27,0.124616,4696
4165,4,35,0.124553,4697
4166,3,19,0.124491,4697
4167,10,120,0.124429,4703
4168,5,47,0.124367,4704
4169,0,5,0.124304,4704
4170,4,27,0.124242,4704
4171,4,42,0.124180,4704
4172,9,56,0.124118,4711
4173,7,52,0.124056,4712
4174,8,112,0.123994,4717
4175,8,85,0.123932,4718
4176,1,17,0.123870,4718
4177,2,22,0.123808,4718
4178,4,28,0.123746,4718
4179,4,43,0.123684,4720
4180,4,44,0.123623,4720
4181,4,44,0.123561,4720
4182,5,46,0.123499,4720
4183,3,25,0.123437,4720
4184,5,61,0.123375,4720
4185,4,37,0.123314,4720
4186,3,35,0.123252,4721
4187,5,38,0.123190,4721
4188,13,128,0.123129,4725
4189,2,6,0.123067,4725
4190,7,65,0.123006,4728
4191,4,21,0.122944,4729
4192,6,59,0.122883,4730
4193,1,16,0.122821,4730
4194,6,43,0.122760,4730
4195,4,26,0.122699,4730
4196,8,73,0.122637,4731
4197,1,12,0.122576,4731
4198,7,56,0.122515,4734
4199,2,20,0.122453,4734
4200,4,49,0.122392,4734
4201,6,36,0.122331,4735
4202,8,69,0.122270,4735
4203,4,41,0.122209,4735
4204,1,14,0.122148,4735
4205,8,73,0.122086,4736
4206,12,98,0.122025,4737
4207,0,7,0.121964,4737
4208,6,62,0.121903,4737
4209,9,67,0.121842,4737
4210,2,15,0.121782,4737
4211,11,83,0.121721,4737
4212,6,50,0.121660,4738
4213,7,39,0.121599,4738
4214,4,35,0.121538,4738
4215,4,40,0.121477,4738
4216,2,11,0.121417,4738
4217,5,60,0.121356,4739
4218,4,36,0.121295,4739
4219,6,63,0.121235,4739
4220,0,5,0.121174,4739
4221,5,45,0.121113,4739
4222,6,60,0.121053,4742
4223,7,82,0.120992,4745
4224,8,81,0.120932,4750
4225,8,69,0.120871,4752
4226,12,80,0.120811,4758
4227,5,51,0.120751,4760
4228,5,29,0.120690,4761
4229,9,79,0.120630,4763
4230,6,67,0.120570,4764
4231,9,76,0.120509,4765
4232,2,19,0.120449,4765
4233,5,59,0.120389,4765
4234,5,28,0.120329,4765
4235,3,14,0.120268,4766
4236,4,35,0.120208,4766
4237,3,32,0.120148,4766
4238,2,12,0.120088,4766
4239,7,67,0.120028,4766
4240,2,16,0.119968,4766
4241,1,17,0.119908,4766
4242,5,56,0.119848,4767
4243,3,31,0.119788,4767
4244,9,87,0.119728,4769
4245,7,79,0.119668,4772
4246,4,35,0.119609,4773
4247,1,14,0.119549,4773
4248,9,93,0.119489,4778
4249,2,26,0.119429,4778
4250,13,114,0.119370,4781
4251,7,67,0.119310,4784
4252,4,19,0.119250,4784
4253,0,6,0.119191,4784
4254,8,52,0.119131,4784
4255,2,7,0.119071,4784
4256,1,30,0.119012,4784
4257,5,52,0.118952,4784
4258,4,36,0.118893,4785
4259,4,36,0.118833,4785
4260,2,28,0.118774,4785
4261,8,46,0.118715,4786
4262,1,9,0.118655,4787
4263,8,66,0.118596,4789
4264,8,73,0.118537,4790
4265,4,27,0.118477,4790
4266,8,74,0.118418,4791
4267,6,44,0.118359,4793
4268,3,15,0.118300,4793
4269,4,30,0.118241,4794
4270,4,41,0.118181,4795
4271,7,50,0.118122,4796
4272,1,12,0.118063,4796
4273,4,33,0.118004,4797
4274,7,68,0.117945,4798
4275,4,34,0.117886,4798
4276,9,68,0.117827,4798
4277,1,14,0.117768,4798
4278,6,48,0.117710,4800
4279,5,59,0.117651,4800
4280,6,50,0.117592,4801
4281,9,87,0.117533,4802
4282,2,17,0.117474,4802
4283,6,47,0.117416,4803
4284,5,30,0.117357,4803
4285,5,48,0.117298,4803
4286,3,32,0.117240,4803
4287,3,25,0.117181,4804
4288,3,23,0.117122,4804
4289,9,60,0.117064,4806
4290,5,47,0.117005,4806
4291,8,66,0.116947,4807
4292,12,84,0.116888,4808
4293,6,38,0.116830,4809
4294,3,17,0.116771,4809
4295,5,47,0.116713,4810
4296,4,18,0.116655,4810
4297,0,9,0.116596,4810
4298,9,91,0.116538,4813
4299,5,48,0.116480,4814
4300,6,56,0.116422,4815
4301,8,65,0.116363,4816
4302,7,82,0.116305,4817
4303,3,13,0.116247,4817
4304,6,76,0.116189,4819
4305,9,67,0.116131,4820
4306,1,10,0.116073,4820
4307,6,63,0.116015,4822
4308,6,39,0.115957,4822
4309,9,67,0.115899,4824
4310,4,26,0.115841,4824
4311,1,26,0.115783,4824
4312,5,40,0.115725,4824
4313,7,53,0.115667,4828
4314,1,12,0.115609,4828
4315,4,24,0.115551,4828
4316,6,45,0.115494,4830
4317,4,36,0.115436,4830
4318,3,22,0.115378,4830
4319,3,17,0.115321,4830
4320,8,65,0.115263,4832
4321,10,84,0.115205,4834
4322,5,37,0.115148,4834
4323,5,35,0.115090,4834
4324,1,15,0.115032,4834
4325,9,68,0.114975,4836
4326,6,59,0.114917,4837
4327,4,31,0.114860,4837
4328,8,64,0.114803,4838
4329,6,60,0.114745,4838
4330,1,13,0.114688,4838
4331,5,50,0.114630,4838
4332,6,66,0.114573,4838
4333,2,24,0.114516,4838
4334,1,13,0.114459,4838
4335,4,51,0.114401,4838
4336,6,45,0.114344,4838
4337,7,53,0.114287,4838
4338,6,47,0.114230,4839
4339,4,43,0.114173,4839
4340,2,21,0.114116,4839
4341,7,77,0.114059,4840
4342,2,22,0.114002,4840
4343,4,29,0.113945,4840
4344,5,46,0.113888,4841
4345,8,83,0.113831,4845
4346,2,20,0.113774,4845
4347,6,36,0.113717,4847
4348,4,33,0.113660,4849
4349,7,51,0.113603,4850
4350,3,32,0.113546,4850
4351,9,57,0.113490,4850
4352,0,7,0.113433,4850
4353,3,24,0.113376,4850
4354,6,50,0.113319,4851
4355,4,37,0.113263,4851
4356,1,10,0.113206,4851
4357,4,46,0.113150,4852
4358,7,61,0.113093,4854
4359,7,49,0.113036,4854
4360,8,81,0.112980,4860
4361,2,11,0.112923,4860
4362,6,59,0.112867,4861
4363,6,41,0.112811,4861
4364,2,17,0.112754,4861
4365,9,70,0.112698,4862
4366,2,14,0.112641,4862
4367,6,23,0.112585,4862
4368,10,106,0.112529,4863
4369,6,48,0.112473,4864
4370,5,40,0.112416,4864
4371,4,28,0.112360,4864
4372,13,93,0.112304,4867
4373,1,13,0.112248,4867
4374,3,21,0.112192,4867
4375,3,32,0.112136,4867
4376,5,47,0.112079,4867
4377,5,60,0.112023,4868
4378,6,32,0.111967,4870
4379,6,57,0.111911,4871
4380,8,82,0.111855,4874
4381,8,48,0.111800,4875
4382,7,79,0.111744,4875
4383,5,37,0.111688,4875
4384,6,51,0.111632,4875
4385,7,68,0.111576,4877
4386,5,62,0.111520,4878
4387,6,46,0.111465,4880
4388,2,22,0.111409,4881
4389,4,32,0.111353,4881
4390,5,54,0.111297,4881
4391,4,26,0.111242,4881
4392,4,24,0.111186,4881
4393,3,20,0.111131,4881
4394,10,114,0.111075,4888
4395,7,53,0.111019,4888
4396,7,68,0.110964,4890
4397,9,78,0.110908,4891
4398,5,51,0.110853,4891
4399,13,139,0.110798,4892
4400,5,31,0.110742,4892
4401,1,6,0.110687,4892
4402,7,62,0.110631,4892
4403,10,62,0.110576,4894
4404,6,32,0.110521,4894
4405,8,89,0.110466,4897
4406,6,47,0.110410,4899
4407,4,30,0.110355,4900
4408,8,58,0.110300,4902
4409,5,40,0.110245,4903
4410,6,65,0.110190,4905
4411,10,92,0.110135,4907
4412,5,34,0.110080,4908
4413,17,139,0.110025,4910
4414,10,84,0.109970,4912
4415,3,29,0.109915,4913
4416,4,38,0.109860,4914
4417,5,42,0.109805,4915
4418,4,38,0.109750,4917
4419,6,41,0.109695,4918
4420,3,14,0.109640,4918
4421,8,50,0.109585,4919
4422,11,117,0.109530,4923
4423,1,12,0.109476,4923
4424,2,21,0.109421,4923
4425,2,16,0.109366,4923
4426,6,72,0.109312,4926
4427,4,41,0.109257,4926
4428,10,81,0.109202,4928
4429,4,38,0.109148,4929
4430,6,53,0.109093,4930
4431,6,74,0.109039,4930
4432,5,48,0.108984,4931
4433,6,64,0.108930,4932
4434,6,66,0.108875,4932
4435,3,26,0.108821,4932
4436,5,43,0.108766,4934
4437,10,90,0.108712,4936
4438,10,89,0.108657,4938
4439,7,43,0.108603,4939
4440,7,50,0.108549,4940
4441,6,57,0.108495,4943
4442,4,39,0.108440,4943
4443,8,72,0.108386,4945
4444,4,26,0.108332,4946
4445,8,85,0.108278,4949
4446,7,48,0.108224,4949
4447,8,89,0.108169,4950
4448,6,51,0.108115,4950
4449,3,37,0.108061,4950
4450,6,52,0.108007,4950
4451,8,80,0.107953,4952
4452,9,62,0.107899,4952
4453,3,34,0.107845,4952
4454,4,32,0.107791,4953
4455,4,39,0.107738,4953
4456,7,79,0.107684,4955
4457,7,50,0.107630,4956
4458,10,88,0.107576,4957
4459,6,74,0.107522,4957
4460,2,19,0.107468,4957
4461,7,57,0.107415,4957
4462,7,51,0.107361,4959
4463,10,81,0.107307,4961
4464,4,40,0.107254,4961
4465,3,42,0.107200,4961
4466,4,44,0.107146,4961
4467,6,74,0.107093,4961
4468,4,36,0.107039,4961
4469,6,23,0.106986,4961
4470,6,55,0.106932,4962
4471,6,41,0.106879,4963
4472,5,40,0.106825,4963
4473,4,26,0.106772,4963
4474,2,11,0.106719,4963
4475,6,56,0.106665,4964
4476,7,65,0.106612,4964
4477,4,38,0.106559,4965
4478,6,52,0.106505,4966
4479,1,9,0.106452,4966
4480,6,78,0.106399,4967
4481,4,23,0.106346,4968
4482,4,28,0.106293,4969
4483,4,41,0.106239,4969
4484,6,57,0.106186,4969
4485,1,11,0.106133,4969
4486,4,28,0.106080,4969
4487,1,8,0.106027,4969
4488,10,64,0.105974,4970
4489,8,47,0.105921,4971
4490,5,68,0.105868,4971
4491,9,67,0.105815,4971
4492,3,16,0.105762,4971
4493,5,32,0.105709,4972
4494,4,29,0.105657,4972
4495,5,44,0.105604,4973
4496,5,39,0.105551,4975
4497,5,45,0.105498,4975
4498,2,13,0.105445,4975
4499,10,63,0.105393,4977
4500,5,37,0.105340,4977
4501,3,25,0.105287,4978
4502,2,34,0.105235,4978
4503,9,92,0.105182,4979
4504,11,70,0.105129,4981
4505,4,18,0.105077,4981
4506,2,24,0.105024,4981
4507,2,18,0.104972,4981
4508,4,50,0.104919,4981
4509,6,65,0.104867,4984
4510,2,25,0.104814,4984
4511,0,6,0.104762,4984
4512,4,48,0.104710,4985
4513,1,6,0.104657,4985
4514,11,95,0.104605,4986
4515,6,61,0.104553,4987
4516,2,20,0.104500,4987
4517,8,67,0.104448,4988
4518,1,9,0.104396,4988
4519,5,42,0.104344,4988
4520,3,22,0.104292,4988
4521,10,98,0.104239,4990
4522,0,5,0.104187,4990
4523,7,67,0.104135,4992
4524,8,48,0.104083,4993
4525,2,8,0.104031,4993
4526,13,91,0.103979,4997
4527,4,29,0.103927,4997
4528,4,40,0.103875,4999
4529,4,31,0.103823,4999
4530,3,21,0.103771,4999
4531,6,40,0.103719,5001
4532,10,107,0.103667,5004
4533,4,40,0.103616,5004
4534,6,76,0.103564,5004
4535,4,55,0.103512,5004
4536,5,63,0.103460,5005
4537,6,52,0.103409,5005
4538,7,52,0.103357,5007
4539,5,50,0.103305,5007
4540,8,61,0.103254,5009
4541,5,34,0.103202,5010
4542,2,27,0.103150,5010
4543,4,62,0.103099,5010
4544,2,22,0.103047,5010
4545,2,14,0.102996,5010
4546,12,134,0.102944,5013
4547,6,37,0.102893,5014
4548,6,53,0.102841,5016
4549,7,41,0.102790,5017
4550,5,58,0.102738,5017
4551,3,23,0.102687,5017
4552,6,66,0.102636,5018
4553,4,43,0.102584,5018
4554,4,46,0.102533,5019
4555,8,43,0.102482,5019
4556,9,81,0.102431,5021
4557,4,37,0.102379,5021
4558,1,11,0.102328,5021
4559,2,11,0.102277,5021
4560,6,65,0.102226,5023
4561,4,39,0.102175,5024
4562,9,72,0.102124,5026
4563,7,65,0.102073,5027
4564,10,86,0.102022,5027
4565,6,64,0.101971,5028
4566,8,70,0.101920,5029
4567,3,31,0.101869,5029
4568,4,36,0.101818,5030
4569,5,36,0.101767,5031
4570,4,41,0.101716,5031
4571,6,59,0.101665,5031
4572,11,100,0.101614,5031
4573,2,12,0.101563,5031
4574,1,11,0.101513,5031
4575,9,90,0.101462,5033
4576,4,34,0.101411,5034
4577,2,23,0.101360,5034
4578,4,36,0.101310,5035
4579,1,14,0.101259,5035
4580,2,22,0.101208,5035
4581,9,60,0.101158,5037
4582,9,73,0.101107,5038
4583,1,13,0.101057,5038
4584,4,51,0.101006,5038
4585,9,107,0.100956,5040
4586,8,79,0.100905,5042
4587,3,30,0.100855,5042
4588,7,74,0.100804,5045
4589,9,81,0.100754,5048
4590,4,39,0.100704,5048
4591,6,49,0.100653,5050
4592,3,31,0.100603,5050
4593,3,23,0.100553,5050
4594,6,78,0.100502,5051
4595,1,8,0.100452,5051
4596,9,76,0.100402,5052
4597,6,54,0.100352,5052
4598,5,29,0.100301,5052
4599,3,30,0.100251,5052
4600,10,97,0.100201,5056
4601,4,36,0.100151,5056
4602,0,8,0.100101,5056
4603,7,65,0.100051,5056
4604,8,77,0.100001,5057
4605,6,113,0.099951,5059
4606,3,21,0.099901,5059
4607,2,34,0.099851,5059
4608,1,9,0.099801,5060
4609,5,40,0.099751,5060
4610,6,62,0.099701,5062
4611,6,82,0.099651,5062
4612,7,75,0.099602,5063
4613,7,68,0.099552,5064
4614,6,71,0.099502,5064
4615,7,63,0.099452,5066
4616,4,45,0.099403,5066
4617,4,38,0.099353,5066
4618,6,49,0.099303,5067
4619,5,34,0.099254,5068
4620,8,64,0.099204,5071
4621,11,103,0.099154,5073
4622,9,77,0.099105,5074
4623,13,85,0.099055,5076
4624,9,112,0.099006,5078
4625,5,31,0.098956,5078
4626,13,102,0.098907,5079
4627,7,62,0.098857,5080
4628,4,39,0.098808,5081
4629,2,25,0.098758,5081
4630,4,27,0.098709,5081
4631,6,52,0.098660,5081
4632,2,32,0.098610,5082
4633,4,31,0.098561,5083
4634,8,66,0.098512,5084
4635,5,35,0.098462,5084
4636,7,63,0.098413,5084
4637,2,25,0.098364,5084
4638,8,31,0.098315,5085
4639,8,86,0.098266,5086
4640,3,34,0.098217,5086
4641,8,62,0.098167,5088
4642,1,9,0.098118,5088
4643,4,35,0.098069,5088
4644,7,53,0.098020,5088
4645,6,52,0.097971,5088
4646,4,33,0.097922,5088
4647,4,36,0.097873,5088
4648,5,73,0.097824,5088
4649,6,29,0.097775,5089
4650,10,94,0.097727,5092
4651,6,44,0.097678,5092
4652,8,88,0.097629,5093
4653,1,10,0.097580,5093
4654,12,119,0.097531,5095
4655,1,13,0.097483,5095
4656,9,84,0.097434,5098
4657,6,37,0.097385,5099
4658,3,41,0.097336,5099
4659,6,64,0.097288,5099
4660,4,25,0.097239,5099
4661,9,63,0.097190,5100
4662,0,6,0.097142,5100
4663,13,107,0.097093,5101
4664,15,132,0.097045,5104
4665,8,68,0.096996,5106
4666,3,40,0.096948,5106
4667,20,155,0.096899,5107
4668,1,8,0.096851,5107
4669,4,31,0.096802,5107
4670,6,44,0.096754,5108
4671,7,77,0.096706,5110
4672,1,9,0.096657,5110
4673,6,65,0.096609,5111
4674,3,29,0.096561,5111
4675,16,100,0.096512,5114
4676,2,24,0.096464,5114
4677,9,69,0.096416,5115
4678,6,48,0.096368,5116
4679,5,39,0.096319,5117
4680,8,70,0.096271,5117
4681,8,97,0.096223,5119
4682,6,42,0.096175,5120
4683,7,48,0.096127,5123
4684,7,75,0.096079,5123
4685,15,107,0.096031,5124
4686,6,36,0.095983,5124
4687,8,53,0.095935,5124
4688,10,61,0.095887,5128
4689,5,34,0.095839,5128
4690,6,46,0.095791,5129
4691,5,69,0.095743,5131
4692,6,73,0.095695,5132
4693,9,80,0.095647,5133
4694,6,42,0.095600,5133
4695,5,50,0.095552,5135
4696,5,37,0.095504,5135
4697,1,12,0.095456,5135
4698,14,91,0.095409,5137
4699,0,9,0.095361,5137
4700,6,49,0.095313,5138
4701,4,41,0.095265,5138
4702,2,12,0.095218,5138
4703,2,33,0.095170,5138
4704,8,61,0.095123,5139
4705,4,44,0.095075,5139
4706,3,20,0.095028,5139
4707,2,16,0.094980,5139
4708,10,70,0.094933,5140
4709,10,66,0.094885,5141
4710,9,73,0.094838,5145
4711,6,34,0.094790,5146
4712,5,34,0.094743,5146
4713,6,52,0.094695,5147
4714,7,38,0.094648,5148
4715,14,102,0.094601,5149
4716,9,92,0.094553,5153
4717,7,47,0.094506,5154
4718,5,55,0.094459,5155
4719,9,92,0.094412,5159
4720,11,134,0.094365,5162
4721,2,28,0.094317,5162
4722,9,77,0.094270,5164
4723,4,44,0.094223,5164
4724,6,69,0.094176,5165
4725,3,18,0.094129,5165
4726,6,50,0.094082,5166
4727,6,63,0.094035,5167
4728,8,77,0.093988,5168
4729,4,51,0.093941,5168
4730,5,59,0.093894,5168
4731,3,21,0.093847,5168
4732,5,52,0.093800,5169
4733,3,21,0.093753,5169
4734,7,59,0.093706,5169
4735,2,23,0.093659,5170
4736,6,53,0.093612,5170
4737,12,102,0.093566,5174
4738,7,64,0.093519,5175
4739,11,94,0.093472,5176
4740,1,15,0.093425,5176
4741,1,7,0.093379,5176
4742,8,70,0.093332,5177
4743,1,6,0.093285,5177
4744,6,39,0.093239,5177
4745,3,45,0.093192,5177
4746,4,23,0.093145,5178
4747,3,32,0.093099,5178
4748,1,13,0.093052,5178
4749,1,14,0.093006,5178
4750,6,36,0.092959,5178
4751,8,59,0.092913,5178
4752,5,48,0.092866,5179
4753,8,54,0.092820,5180
4754,0,10,0.092773,5180
4755,2,24,0.092727,5180
4756,8,77,0.092681,5182
4757,6,42,0.092634,5183
4758,7,39,0.092588,5183
4759,2,7,0.092542,5183
4760,6,54,0.092496,5183
4761,2,15,0.092449,5183
4762,6,46,0.092403,5184
4763,5,40,0.092357,5185
4764,13,114,0.092311,5191
4765,2,14,0.092265,5191
4766,7,53,0.092218,5192
4767,5,47,0.092172,5193
4768,0,8,0.092126,5193
4769,7,47,0.092080,5193
4770,4,34,0.092034,5193
4771,10,78,0.091988,5200
4772,7,45,0.091942,5201
4773,6,65,0.091896,5203
4774,6,41,0.091850,5205
4775,9,128,0.091804,5209
4776,7,62,0.091758,5211
4777,4,29,0.091712,5211
4778,10,84,0.091667,5211
4779,4,35,0.091621,5211
4780,8,66,0.091575,5211
4781,2,14,0.091529,5211
4782,3,21,0.091483,5211
4783,6,55,0.091438,5211
4784,6,46,0.091392,5211
4785,4,41,0.091346,5211
4786,4,24,0.091301,5212
4787,4,17,0.091255,5212
4788,9,72,0.091209,5212
4789,6,60,0.091164,5213
4790,1,6,0.091118,5213
4791,8,72,0.091073,5215
4792,11,66,0.091027,5216
4793,5,48,0.090981,5217
4794,13,90,0.090936,5220
4795,4,45,0.090891,5220
4796,5,31,0.090845,5220
4797,8,52,0.090800,5220
4798,3,36,0.090754,5220
4799,3,29,0.090709,5220
4800,6,52,0.090664,5221
4801,7,59,0.090618,5222
4802,8,86,0.090573,5226
4803,4,28,0.090528,5227
4804,2,15,0.090482,5227
4805,5,52,0.090437,5228
4806,3,28,0.090392,5228
4807,3,19,0.090347,5228
4808,4,36,0.090302,5228
4809,1,10,0.090256,5228
4810,6,43,0.090211,5229
4811,2,25,0.090166,5229
4812,8,69,0.090121,5233
4813,2,13,0.090076,5233
4814,9,67,0.090031,5233
4815,4,54,0.089986,5233
4816,7,47,0.089941,5235
4817,4,32,0.089896,5235
4818,3,14,0.089851,5237
4819,8,91,0.089806,5238
4820,0,9,0.089761,5238
4821,9,82,0.089716,5240
4822,11,99,0.089671,5241
4823,5,49,0.089627,5242
4824,9,61,0.089582,5243
4825,3,10,0.089537,5243
4826,7,74,0.089492,5244
4827,16,117,0.089447,5244
4828,14,119,0.089403,5245
4829,4,29,0.089358,5245
4830,3,30,0.089313,5245
4831,6,51,0.089269,5247
4832,5,54,0.089224,5248
4833,5,23,0.089179,5249
4834,7,32,0.089135,5251
4835,4,49,0.089090,5251
4836,4,24,0.089046,5251
4837,2,19,0.089001,5251
4838,6,47,0.088957,5253
4839,7,54,0.088912,5253
4840,8,56,0.088868,5254
4841,4,56,0.088823,5257
4842,14,165,0.088779,5258
4843,6,46,0.088735,5259
4844,5,36,0.088690,5259
4845,6,48,0.088646,5259
4846,12,99,0.088602,5261
4847,2,14,0.088557,5261
4848,7,51,0.088513,5261
4849,7,44,0.088469,5262
4850,5,54,0.088424,5263
4851,15,113,0.088380,5267
4852,6,59,0.088336,5268
4853,3,27,0.088292,5268
4854,5,34,0.088248,5268
4855,10,81,0.088204,5269
4856,11,98,0.088160,5271
4857,2,12,0.088115,5271
4858,8,77,0.088071,5271
4859,6,57,0.088027,5273
4860,6,43,0.087983,5274
4861,14,114,0.087939,5274
4862,5,52,0.087895,5274
4863,4,39,0.087851,5274
4864,13,69,0.087808,5275
4865,4,30,0.087764,5275
4866,8,50,0.087720,5276
4867,1,12,0.087676,5276
4868,2,13,0.087632,5276
4869,2,20,0.087588,5276
4870,7,56,0.087544,5276
4871,8,86,0.087501,5277
4872,3,27,0.087457,5277
4873,7,84,0.087413,5280
4874,6,40,0.087369,5280
4875,7,35,0.087326,5280
4876,5,30,0.087282,5280
4877,5,38,0.087238,5280
4878,5,33,0.087195,5281
4879,3,26,0.087151,5281
4880,3,22,0.087108,5281
4881,6,52,0.087064,5283
4882,11,113,0.087021,5287
4883,2,17,0.086977,5287
4884,8,64,0.086934,5288
4885,4,28,0.086890,5288
4886,4,31,0.086847,5288
4887,13,102,0.086803,5292
4888,0,5,0.086760,5292
4889,4,32,0.086716,5292
4890,7,59,0.086673,5294
4891,8,99,0.086630,5294
4892,5,47,0.086586,5295
4893,5,51,0.086543,5296
4894,7,49,0.086500,5296
4895,9,82,0.086457,5297
4896,9,78,0.086413,5300
4897,10,79,0.086370,5300
4898,7,76,0.086327,5303
4899,5,44,0.086284,5303
4900,0,10,0.086241,5303
4901,11,101,0.086198,5304
4902,7,62,0.086155,5306
4903,5,33,0.086111,5308
4904,8,87,0.086068,5311
4905,12,86,0.086025,5312
4906,4,46,0.085982,5313
4907,5,45,0.085939,5313
4908,4,32,0.085896,5313
4909,6,54,0.085853,5314
4910,2,11,0.085810,5314
4911,1,9,0.085768,5314
4912,4,53,0.085725,5314
4913,3,19,0.085682,5314
4914,10,95,0.085639,5315
4915,5,33,0.085596,5315
4916,7,80,0.085553,5317
4917,5,37,0.085511,5317
4918,6,61,0.085468,5318
4919,5,31,0.085425,5318
4920,5,51,0.085382,5320
4921,5,37,0.085340,5321
4922,0,6,0.085297,5321
4923,7,56,0.085254,5322
4924,0,6,0.085212,5322
4925,6,36,0.085169,5322
4926,2,23,0.085127,5322
4927,8,55,0.085084,5323
4928,4,33,0.085041,5323
4929,7,45,0.084999,5324
4930,6,55,0.084956,5324
4931,7,56,0.084914,5325
4932,7,50,0.084872,5325
4933,5,29,0.084829,5325
4934,8,68,0.084787,5325
4935,2,12,0.084744,5325
4936,8,61,0.084702,5326
4937,3,29,0.084660,5326
4938,0,10,0.084617,5326
4939,9,71,0.084575,5326
4940,4,40,0.084533,5327
4941,1,16,0.084490,5327
4942,4,41,0.084448,5327
4943,0,5,0.084406,5327
4944,7,67,0.084364,5327
4945,6,55,0.084322,5328
4946,3,29,0.084279,5328
4947,5,52,0.084237,5328
4948,13,101,0.084195,5330
4949,5,43,0.084153,5331
4950,5,47,0.084111,5331
4951,7,73,0.084069,5333
4952,6,53,0.084027,5334
4953,0,8,0.083985,5334
4954,8,75,0.083943,5335
4955,0,5,0.083901,5335
4956,1,14,0.083859,5335
4957,8,90,0.083817,5338
4958,1,7,0.083775,5338
4959,6,79,0.083733,5340
4960,4,22,0.083691,5341
4961,8,76,0.083649,5343
4962,4,39,0.083608,5344
4963,7,46,0.083566,5345
4964,2,23,0.083524,5345
4965,5,44,0.083482,5345
4966,2,14,0.083441,5345
4967,10,49,0.083399,5345
4968,6,42,0.083357,5347
4969,6,53,0.083315,5348
4970,5,53,0.083274,5348
4971,12,102,0.083232,5350
4972,13,92,0.083191,5352
4973,12,99,0.083149,5355
4974,6,47,0.083107,5355
4975,2,18,0.083066,5355
4976,6,51,0.083024,5356
4977,1,18,0.082983,5356
4978,8,51,0.082941,5356
4979,10,74,0.082900,5357
4980,3,15,0.082858,5357
4981,11,86,0.082817,5359
4982,1,10,0.082776,5359
4983,5,42,0.082734,5359
4984,13,122,0.082693,5360
4985,8,53,0.082651,5361
4986,6,37,0.082610,5361
4987,4,44,0.082569,5361
4988,9,105,0.082527,5367
4989,3,23,0.082486,5367
4990,6,40,0.082445,5367
4991,4,60,0.082404,5368
4992,10,95,0.082363,5369
4993,2,17,0.082321,5369
4994,6,66,0.082280,5369
4995,9,83,0.082239,5371
4996,3,29,0.082198,5371
4997,8,50,0.082157,5371
4998,9,76,0.082116,5372
4999,5,71,0.082075,5373
5000,10,74,0.082034,5375
5001,2,15,0.081993,5375
5002,5,61,0.081952,5375
5003,7,53,0.081911,5376
5004,7,70,0.081870,5376
5005,11,99,0.081829,5379
5006,6,47,0.081788,5379
5007,4,52,0.081747,5379
5008,12,88,0.081706,5380
5009,10,84,0.081665,5382
5010,11,103,0.081624,5384
5011,5,57,0.081584,5386
5012,6,57,0.081543,5388
5013,9,87,0.081502,5389
5014,0,6,0.081461,5389
5015,10,65,0.081421,5390
5016,3,38,0.081380,5390
5017,8,67,0.081339,5392
5018,8,69,0.081299,5392
5019,10,67,0.081258,5393
5020,0,6,0.081217,5393
5021,17,102,0.081177,5395
5022,6,43,0.081136,5396
5023,7,43,0.081095,5398
5024,1,21,0.081055,5398
5025,6,54,0.081014,5398
5026,6,34,0.080974,5401
5027,6,45,0.080933,5402
5028,9,91,0.080893,5404
5029,7,73,0.080852,5404
5030,11,114,0.080812,5408
5031,7,62,0.080772,5409
5032,8,64,0.080731,5409
5033,5,51,0.080691,5410
5034,5,36,0.080651,5410
5035,6,65,0.080610,5411
5036,7,64,0.080570,5411
5037,10,100,0.080530,5412
5038,9,60,0.080489,5412
5039,7,62,0.080449,5412
5040,1,12,0.080409,5412
5041,12,116,0.080369,5414
5042,10,77,0.080329,5414
5043,14,117,0.080288,5417
5044,6,52,0.080248,5419
5045,8,42,0.080208,5420
5046,15,143,0.080168,5420
5047,5,35,0.080128,5420
5048,3,39,0.080088,5420
5049,4,38,0.080048,5420
5050,2,17,0.080008,5420
5051,1,9,0.079968,5420
5052,6,34,0.079928,5420
5053,8,78,0.079888,5422
5054,4,47,0.079848,5422
5055,7,64,0.079808,5423
5056,2,18,0.079768,5423
5057,14,110,0.079728,5425
5058,5,45,0.079688,5425
5059,1,10,0.079648,5425
5060,8,67,0.079609,5426
5061,4,34,0.079569,5426
5062,1,10,0.079529,5426
5063,6,36,0.079489,5426
5064,10,86,0.079450,5427
5065,8,86,0.079410,5428
5066,9,58,0.079370,5428
5067,4,23,0.079330,5428
5068,5,61,0.079291,5428
5069,8,89,0.079251,5430
5070,10,87,0.079211,5431
5071,18,123,0.079172,5435
5072,6,60,0.079132,5436
5073,11,100,0.079093,5436
5074,9,58,0.079053,5438
5075,8,61,0.079014,5438
5076,7,56,0.078974,5439
5077,7,66,0.078935,5439
5078,5,57,0.078895,5439
5079,9,80,0.078856,5440
5080,3,34,0.078816,5440
5081,4,31,0.078777,5441
5082,4,28,0.078738,5441
5083,4,29,0.078698,5441
5084,11,126,0.078659,5444
5085,6,39,0.078619,5445
5086,4,41,0.078580,5446
5087,13,92,0.078541,5447
5088,5,40,0.078502,5447
5089,2,22,0.078462,5447
5090,8,76,0.078423,5448
5091,13,123,0.078384,5449
5092,6,59,0.078345,5449
5093,4,48,0.078306,5449
5094,4,39,0.078266,5449
5095,1,8,0.078227,5449
5096,4,29,0.078188,5449
5097,4,34,0.078149,5449
5098,8,73,0.078110,5449
5099,16,146,0.078071,5454
5100,5,36,0.078032,5454
5101,9,71,0.077993,5454
5102,4,46,0.077954,5454
5103,2,16,0.077915,5454
5104,8,45,0.077876,5455
5105,12,103,0.077837,5457
5106,3,19,0.077798,5457
5107,6,48,0.077759,5458
5108,5,39,0.077720,5458
5109,6,60,0.077681,5458
5110,7,57,0.077643,5459
5111,4,34,0.077604,5460
5112,0,5,0.077565,5460
5113,8,57,0.077526,5460
5114,5,59,0.077487,5461
5115,4,34,0.077449,5461
5116,8,67,0.077410,5462
5117,0,6,0.077371,5462
5118,16,121,0.077333,5462
5119,12,99,0.077294,5464
5120,0,5,0.077255,5464
5121,3,32,0.077217,5464
5122,7,56,0.077178,5465
5123,5,49,0.077139,5465
5124,7,70,0.077101,5465
5125,4,43,0.077062,5465
5126,5,48,0.077024,5465
5127,4,20,0.076985,5465
5128,3,13,0.076947,5465
5129,5,66,0.076908,5465
5130,8,69,0.076870,5466
5131,8,61,0.076831,5466
5132,3,24,0.076793,5466
5133,8,82,0.076755,5467
5134,8,67,0.076716,5467
5135,1,18,0.076678,5467
5136,8,65,0.076640,5470
5137,6,53,0.076601,5470
5138,4,34,0.076563,5470
5139,7,65,0.076525,5472
5140,8,76,0.076486,5473
5141,9,62,0.076448,5474
5142,6,69,0.076410,5476
5143,8,65,0.076372,5477
5144,4,41,0.076334,5477
5145,10,81,0.076295,5479
5146,6,42,0.076257,5479
5147,7,46,0.076219,5481
5148,3,23,0.076181,5481
5149,7,36,0.076143,5481
5150,14,106,0.076105,5484
5151,9,64,0.076067,5484
5152,7,72,0.076029,5486
5153,4,42,0.075991,5486
5154,4,27,0.075953,5487
5155,14,93,0.075915,5488
5156,4,19,0.075877,5488
5157,10,93,0.075839,5490
5158,4,27,0.075801,5490
5159,8,65,0.075763,5490
5160,4,29,0.075725,5491
5161,10,50,0.075687,5495
5162,6,53,0.075649,5496
5163,11,76,0.075612,5497
5164,4,24,0.075574,5497
5165,4,34,0.075536,5498
5166,8,53,0.075498,5498
5167,2,25,0.075460,5498
5168,9,58,0.075423,5502
5169,12,91,0.075385,5503
5170,6,38,0.075347,5504
5171,9,71,0.075310,5506
5172,4,21,0.075272,5506
5173,7,71,0.075234,5506
5174,10,73,0.075197,5506
5175,4,66,0.075159,5506
5176,5,53,0.075122,5506
5177,10,53,0.075084,5507
5178,8,63,0.075046,5507
5179,13,100,0.075009,5509
5180,7,48,0.074971,5510
5181,4,31,0.074934,5510
5182,5,53,0.074897,5511
5183,5,31,0.074859,5511
5184,8,65,0.074822,5511
5185,7,66,0.074784,5511
5186,12,122,0.074747,5513
5187,1,8,0.074709,5513
5188,10,79,0.074672,5514
5189,8,62,0.074635,5516
5190,5,32,0.074597,5517
5191,15,126,0.074560,5523
5192,8,83,0.074523,5523
5193,12,102,0.074486,5524
5194,5,38,0.074448,5525
5195,5,43,0.074411,5526
5196,7,55,0.074374,5527
5197,8,75,0.074337,5527
5198,4,23,0.074300,5527
5199,4,27,0.074262,5527
5200,14,125,0.074225,5529
5201,7,37,0.074188,5530
5202,7,64,0.074151,5530
5203,10,81,0.074114,5533
5204,11,93,0.074077,5534
5205,2,19,0.074040,5534
5206,10,91,0.074003,5534
5207,7,59,0.073966,5536
5208,13,114,0.073929,5538
5209,2,14,0.073892,5538
5210,3,27,0.073855,5538
5211,10,78,0.073818,5541
5212,3,14,0.073781,5541
5213,4,32,0.073744,5541
5214,4,20,0.073707,5541
5215,5,28,0.073671,5542
5216,4,31,0.073634,5542
5217,8,72,0.073597,5542
5218,10,63,0.073560,5546
5219,6,65,0.073523,5547
5220,11,79,0.073487,5548
5221,11,87,0.073450,5549
5222,7,55,0.073413,5549
5223,6,38,0.073376,5551
5224,3,34,0.073340,5551
5225,1,10,0.073303,5551
5226,7,61,0.073266,5552
5227,8,70,0.073230,5554
5228,9,60,0.073193,5555
5229,1,14,0.073157,5555
5230,4,34,0.073120,5557
5231,4,40,0.073083,5557
5232,5,41,0.073047,5557
5233,5,42,0.073010,5557
5234,11,53,0.072974,5558
5235,5,31,0.072937,5559
5236,3,26,0.072901,5559
5237,12,105,0.072864,5561
5238,4,22,0.072828,5561
5239,7,60,0.072792,5561
5240,8,87,0.072755,5561
5241,5,45,0.072719,5561
5242,2,13,0.072682,5562
5243,4,25,0.072646,5562
5244,7,72,0.072610,5564
5245,1,15,0.072573,5564
5246,6,46,0.072537,5565
5247,10,69,0.072501,5566
5248,2,9,0.072465,5566
5249,5,54,0.072428,5567
5250,12,89,0.072392,5570
5251,6,56,0.072356,5570
5252,2,24,0.072320,5570
5253,10,73,0.072284,5571
5254,8,52,0.072248,5571
5255,6,52,0.072211,5571
5256,3,23,0.072175,5571
5257,4,33,0.072139,5571
5258,4,27,0.072103,5572
5259,11,52,0.072067,5574
5260,5,42,0.072031,5574
5261,7,50,0.071995,5574
5262,7,78,0.071959,5575
5263,14,133,0.071923,5582
5264,4,33,0.071887,5583
5265,5,38,0.071851,5583
5266,17,131,0.071815,5584
5267,12,82,0.071779,5585
5268,4,53,0.071743,5585
5269,9,86,0.071708,5586
5270,12,93,0.071672,5588
5271,7,58,0.071636,5589
5272,8,58,0.071600,5591
5273,10,76,0.071564,5592
5274,8,72,0.071528,5593
5275,8,68,0.071493,5593
5276,11,69,0.071457,5595
5277,17,149,0.071421,5598
5278,1,11,0.071386,5598
5279,6,73,0.071350,5598
5280,6,60,0.071314,5598
5281,7,54,0.071279,5598
5282,9,74,0.071243,5600
5283,9,70,0.071207,5601
5284,7,51,0.071172,5601
5285,3,26,0.071136,5601
5286,2,16,0.071100,5601
5287,3,16,0.071065,5601
5288,3,28,0.071029,5601
5289,3,21,0.070994,5601
5290,6,51,0.070958,5601
5291,4,27,0.070923,5601
5292,11,89,0.070887,5604
5293,8,63,0.070852,5606
5294,10,78,0.070817,5608
5295,7,47,0.070781,5608
5296,8,58,0.070746,5609
5297,0,5,0.070710,5609
5298,11,106,0.070675,5609
5299,8,87,0.070640,5609
5300,11,93,0.070604,5610
5301,10,93,0.070569,5610
5302,9,74,0.070534,5610
5303,6,56,0.070499,5610
5304,10,79,0.070463,5610
5305,4,31,0.070428,5610
5306,2,13,0.070393,5610
5307,4,40,0.070358,5610
5308,12,98,0.070322,5611
5309,5,54,0.070287,5612
5310,6,43,0.070252,5612
5311,17,138,0.070217,5614
5312,10,87,0.070182,5617
5313,4,29,0.070147,5617
5314,9,83,0.070112,5618
5315,11,99,0.070077,5618
5316,8,63,0.070042,5618
5317,7,52,0.070007,5619
5318,1,9,0.069972,5619
5319,9,64,0.069937,5620
5320,12,75,0.069902,5621
5321,7,65,0.069867,5621
5322,11,84,0.069832,5622
5323,9,55,0.069797,5624
5324,2,12,0.069762,5624
5325,15,128,0.069727,5626
5326,8,75,0.069692,5626
5327,10,75,0.069657,5627
5328,12,93,0.069623,5628
5329,4,31,0.069588,5628
5330,7,72,0.069553,5629
5331,4,24,0.069518,5630
5332,3,24,0.069483,5630
5333,9,70,0.069449,5631
5334,9,49,0.069414,5632
5335,16,113,0.069379,5632
5336,11,113,0.069345,5632
5337,8,71,0.069310,5632
5338,1,10,0.069275,5632
5339,0,7,0.069241,5632
5340,9,98,0.069206,5633
5341,2,15,0.069171,5634
5342,1,9,0.069137,5634
5343,12,113,0.069102,5636
5344,4,42,0.069068,5636
5345,3,14,0.069033,5636
5346,2,25,0.068999,5636
5347,11,93,0.068964,5637
5348,8,53,0.068930,5638
5349,6,43,0.068895,5638
5350,13,79,0.068861,5639
5351,8,70,0.068826,5642
5352,7,82,0.068792,5644
5353,2,28,0.068758,5644
5354,5,31,0.068723,5645
5355,5,42,0.068689,5645
5356,8,79,0.068654,5645
5357,12,111,0.068620,5646
5358,12,65,0.068586,5647
5359,5,58,0.068551,5648
5360,11,91,0.068517,5651
5361,2,13,0.068483,5651
5362,6,45,0.068449,5651
5363,8,58,0.068414,5651
5364,3,23,0.068380,5651
5365,8,65,0.068346,5652
5366,7,62,0.068312,5652
5367,13,133,0.068278,5653
5368,12,119,0.068244,5656
5369,9,77,0.068210,5658
5370,5,71,0.068175,5658
5371,12,114,0.068141,5661
5372,12,132,0.068107,5662
5373,4,13,0.068073,5662
5374,12,107,0.068039,5666
5375,6,68,0.068005,5667
5376,3,26,0.067971,5668
5377,6,42,0.067937,5669
5378,9,56,0.067903,5671
5379,5,32,0.067869,5672
5380,7,53,0.067835,5672
5381,3,25,0.067801,5672
5382,2,19,0.067767,5672
5383,4,37,0.067734,5672
5384,0,6,0.067700,5672
5385,13,99,0.067666,5673
5386,5,35,0.067632,5673
5387,3,28,0.067598,5673
5388,5,33,0.067564,5673
5389,4,40,0.067531,5673
5390,8,100,0.067497,5674
5391,9,66,0.067463,5675
5392,4,42,0.067429,5675
5393,6,46,0.067396,5675
5394,13,98,0.067362,5677
5395,11,77,0.067328,5678
5396,8,66,0.067295,5678
5397,11,78,0.067261,5681
5398,1,10,0.067227,5681
5399,11,83,0.067194,5681
5400,2,10,0.067160,5681
5401,9,72,0.067127,5681
5402,1,9,0.067093,5681
5403,4,26,0.067059,5681
5404,1,7,0.067026,5681
5405,7,57,0.066992,5682
5406,5,63,0.066959,5682
5407,4,35,0.066925,5683
5408,6,51,0.066892,5685
5409,4,43,0.066859,5685
5410,7,64,0.066825,5685
5411,6,56,0.066792,5685
5412,4,39,0.066758,5685
5413,10,70,0.066725,5686
5414,6,27,0.066692,5687
5415,6,50,0.066658,5687
5416,6,53,0.066625,5688
5417,3,29,0.066592,5688
5418,7,57,0.066558,5688
5419,4,42,0.066525,5688
5420,6,47,0.066492,5688
5421,6,62,0.066458,5689
5422,8,66,0.066425,5690
5423,5,47,0.066392,5690
5424,11,73,0.066359,5690
5425,3,23,0.066326,5690
5426,5,54,0.066293,5691
5427,4,32,0.066259,5691
5428,5,38,0.066226,5691
5429,4,45,0.066193,5692
5430,6,35,0.066160,5692
5431,5,40,0.066127,5692
5432,8,80,0.066094,5692
5433,11,95,0.066061,5693
5434,9,74,0.066028,5694
5435,9,69,0.065995,5695
5436,5,37,0.065962,5696
5437,6,42,0.065929,5697
5438,2,11,0.065896,5697
5439,5,40,0.065863,5697
5440,5,40,0.065830,5697
5441,5,39,0.065797,5698
5442,1,8,0.065764,5698
5443,4,29,0.065731,5698
5444,9,84,0.065698,5703
5445,9,73,0.065666,5706
5446,0,8,0.065633,5706
5447,13,85,0.065600,5707
5448,6,41,0.065567,5707
5449,10,111,0.065534,5707
5450,5,39,0.065502,5707
5451,6,54,0.065469,5707
5452,10,71,0.065436,5708
5453,6,47,0.065403,5708
5454,6,53,0.065371,5710
5455,11,118,0.065338,5710
5456,4,38,0.065305,5710
5457,6,43,0.065273,5710
5458,7,52,0.065240,5710
5459,7,63,0.065207,5710
5460,2,7,0.065175,5710
5461,4,25,0.065142,5710
5462,11,98,0.065110,5711
5463,6,43,0.065077,5711
5464,10,88,0.065045,5713
5465,4,39,0.065012,5713
5466,12,89,0.064979,5713
5467,11,91,0.064947,5713
5468,9,95,0.064915,5713
5469,9,65,0.064882,5713
5470,4,20,0.064850,5713
5471,9,82,0.064817,5714
5472,12,106,0.064785,5716
5473,3,16,0.064752,5716
5474,5,49,0.064720,5717
5475,8,85,0.064688,5717
5476,18,162,0.064655,5717
5477,8,58,0.064623,5718
5478,1,13,0.064591,5718
5479,9,82,0.064558,5719
5480,7,45,0.064526,5719
5481,8,56,0.064494,5721
5482,8,94,0.064462,5721
5483,9,66,0.064429,5722
5484,9,101,0.064397,5724
5485,11,78,0.064365,5725
5486,6,46,0.064333,5726
5487,6,59,0.064301,5727
5488,4,23,0.064268,5728
5489,6,50,0.064236,5729
5490,7,34,0.064204,5731
5491,8,61,0.064172,5731
5492,2,15,0.064140,5731
5493,8,63,0.064108,5731
5494,4,34,0.064076,5731
5495,9,97,0.064044,5732
5496,8,60,0.064012,5732
5497,9,72,0.063980,5732
5498,7,66,0.063948,5733
5499,4,39,0.063916,5734
5500,11,84,0.063884,5736
5501,8,58,0.063852,5736
5502,9,68,0.063820,5736
5503,7,61,0.063788,5736
5504,12,82,0.063756,5736
5505,4,52,0.063724,5736
5506,5,36,0.063692,5736
5507,10,67,0.063661,5737
5508,6,59,0.063629,5738
5509,10,58,0.063597,5739
5510,11,87,0.063565,5741
5511,12,100,0.063533,5742
5512,4,33,0.063502,5742
5513,8,79,0.063470,5743
5514,12,94,0.063438,5743
5515,13,72,0.063406,5744
5516,9,82,0.063375,5745
5517,10,44,0.063343,5746
5518,12,100,0.063311,5747
5519,7,58,0.063280,5748
5520,9,60,0.063248,5749
5521,7,73,0.063216,5750
5522,7,38,0.063185,5750
5523,8,51,0.063153,5750
5524,10,79,0.063122,5753
5525,4,36,0.063090,5753
5526,9,73,0.063059,5754
5527,6,78,0.063027,5755
5528,14,132,0.062996,5756
5529,2,29,0.062964,5756
5530,9,102,0.062933,5758
5531,10,72,0.062901,5759
5532,10,55,0.062870,5759
5533,11,108,0.062838,5760
5534,3,24,0.062807,5760
5535,7,67,0.062775,5761
5536,10,60,0.062744,5762
5537,8,48,0.062713,5762
5538,6,49,0.062681,5762
5539,7,59,0.062650,5763
5540,10,100,0.062619,5765
5541,4,26,0.062587,5765
5542,10,64,0.062556,5767
5543,6,44,0.062525,5767
5544,10,82,0.062493,5768
5545,12,91,0.062462,5769
5546,3,21,0.062431,5769
5547,6,49,0.062400,5770
5548,12,137,0.062369,5776
5549,6,37,0.062337,5777
5550,14,114,0.062306,5780
5551,4,40,0.062275,5780
5552,2,13,0.062244,5780
5553,4,44,0.062213,5780
5554,12,81,0.062182,5780
5555,11,94,0.062151,5781
5556,4,31,0.062120,5783
5557,1,10,0.062088,5783
5558,2,13,0.062057,5783
5559,12,97,0.062026,5783
5560,3,33,0.061995,5785
5561,6,42,0.061964,5787
5562,6,41,0.061933,5789
5563,2,10,0.061902,5789
5564,13,95,0.061871,5791
5565,13,92,0.061841,5792
5566,7,58,0.061810,5792
5567,11,74,0.061779,5792
5568,8,67,0.061748,5792
5569,9,84,0.061717,5793
5570,3,26,0.061686,5793
5571,9,71,0.061655,5794
5572,2,22,0.061624,5794
5573,5,36,0.061594,5796
5574,13,107,0.061563,5798
5575,12,113,0.061532,5799
5576,5,40,0.061501,5799
5577,13,148,0.061471,5802
5578,5,41,0.061440,5802
5579,12,101,0.061409,5803
5580,9,64,0.061378,5804
5581,7,48,0.061348,5805
5582,6,43,0.061317,5806
5583,4,22,0.061286,5806
5584,9,63,0.061256,5807
5585,4,38,0.061225,5808
5586,15,129,0.061194,5809
5587,5,49,0.061164,5809
5588,8,76,0.061133,5811
5589,6,56,0.061103,5812
5590,2,16,0.061072,5812
5591,7,43,0.061042,5813
5592,3,25,0.061011,5813
5593,4,29,0.060981,5813
5594,8,53,0.060950,5814
5595,4,32,0.060920,5814
5596,13,130,0.060889,5815
5597,12,96,0.060859,5815
5598,3,19,0.060828,5815
5599,3,26,0.060798,5816
5600,1,11,0.060767,5816
5601,7,49,0.060737,5816
5602,8,71,0.060707,5816
5603,1,21,0.060676,5816
5604,4,11,0.060646,5817
5605,2,23,0.060616,5818
5606,2,9,0.060585,5818
5607,5,52,0.060555,5818
5608,5,47,0.060525,5819
5609,5,33,0.060495,5820
5610,3,21,0.060464,5820
5611,12,89,0.060434,5820
5612,4,29,0.060404,5820
5613,9,54,0.060374,5820
5614,9,71,0.060344,5821
5615,15,126,0.060313,5822
5616,6,38,0.060283,5822
5617,4,47,0.060253,5823
5618,16,143,0.060223,5825
5619,12,88,0.060193,5827
5620,7,51,0.060163,5827
5621,6,56,0.060133,5827
5622,4,12,0.060103,5828
5623,4,23,0.060073,5828
5624,8,73,0.060042,5828
5625,3,33,0.060012,5828
5626,7,62,0.059982,5829
5627,6,43,0.059952,5829
5628,4,25,0.059922,5829
5629,7,44,0.059893,5831
5630,13,124,0.059863,5833
5631,6,42,0.059833,5835
5632,10,91,0.059803,5835
5633,7,52,0.059773,5837
5634,2,26,0.059743,5837
5635,6,63,0.059713,5837
5636,6,54,0.059683,5837
5637,3,30,0.059653,5837
5638,2,29,0.059624,5837
5639,11,74,0.059594,5837
5640,11,94,0.059564,5840
5641,6,58,0.059534,5841
5642,6,50,0.059504,5842
5643,11,102,0.059475,5844
5644,2,14,0.059445,5844
5645,12,85,0.059415,5845
5646,15,105,0.059385,5846
5647,9,79,0.059356,5848
5648,16,152,0.059326,5852
5649,6,45,0.059296,5852
5650,6,38,0.059267,5854
5651,15,131,0.059237,5855
5652,9,87,0.059208,5856
5653,10,86,0.059178,5857
5654,4,31,0.059148,5857
5655,7,64,0.059119,5857
5656,7,65,0.059089,5857
5657,10,98,0.059060,5861
5658,4,42,0.059030,5861
5659,12,73,0.059001,5862
5660,13,100,0.058971,5864
5661,8,39,0.058942,5864
5662,6,25,0.058912,5864
5663,4,33,0.058883,5865
5664,8,62,0.058853,5865
5665,13,127,0.058824,5867
5666,11,73,0.058794,5868
5667,12,76,0.058765,5869
5668,9,45,0.058736,5869
5669,11,88,0.058706,5870
5670,10,66,0.058677,5871
5671,10,70,0.058648,5872
5672,6,51,0.058618,5873
5673,5,37,0.058589,5873
5674,8,55,0.058560,5874
5675,7,73,0.058530,5874
5676,15,138,0.058501,5875
5677,8,46,0.058472,5875
5678,4,34,0.058443,5875
5679,9,104,0.058413,5876
5680,4,26,0.058384,5877
5681,7,58,0.058355,5877
5682,5,40,0.058326,5877
5683,8,67,0.058297,5880
5684,11,81,0.058268,5883
5685,5,50,0.058238,5883
5686,12,101,0.058209,5884
5687,11,117,0.058180,5886
5688,14,126,0.058151,5886
5689,13,103,0.058122,5889
5690,10,74,0.058093,5890
5691,8,63,0.058064,5891
5692,2,22,0.058035,5891
5693,5,42,0.058006,5891
5694,1,14,0.057977,5891
5695,7,48,0.057948,5894
5696,9,91,0.057919,5894
5697,6,45,0.057890,5894
5698,10,75,0.057861,5894
5699,5,53,0.057832,5894
5700,8,69,0.057803,5895
5701,8,82,0.057774,5896
5702,7,61,0.057745,5896
5703,4,25,0.057716,5896
5704,7,58,0.057688,5897
5705,6,31,0.057659,5898
5706,18,141,0.057630,5901
5707,5,46,0.057601,5901
5708,13,119,0.057572,5904
5709,8,71,0.057544,5905
5710,6,51,0.057515,5905
5711,3,22,0.057486,5905
5712,8,68,0.057457,5905
5713,7,64,0.057429,5905
5714,19,172,0.057400,5906
5715,17,132,0.057371,5909
5716,5,31,0.057342,5909
5717,5,43,0.057314,5909
5718,8,44,0.057285,5910
5719,10,91,0.057256,5911
5720,0,6,0.057228,5911
5721,2,11,0.057199,5911
5722,0,8,0.057171,5911
5723,4,39,0.057142,5912
5724,8,75,0.057113,5915
5725,8,69,0.057085,5915
5726,4,22,0.057056,5915
5727,9,80,0.057028,5915
5728,12,102,0.056999,5916
5729,4,36,0.056971,5916
5730,4,38,0.056942,5916
5731,11,87,0.056914,5917
5732,8,51,0.056885,5917
5733,15,139,0.056857,5917
5734,4,48,0.056829,5917
5735,9,71,0.056800,5918
5736,10,77,0.056772,5918
5737,6,49,0.056743,5919
5738,12,102,0.056715,5921
5739,21,185,0.056687,5923
5740,10,109,0.056658,5924
5741,6,59,0.056630,5924
5742,5,48,0.056602,5924
5743,6,45,0.056573,5924
5744,5,56,0.056545,5924
5745,10,82,0.056517,5925
5746,2,16,0.056488,5925
5747,12,126,0.056460,5926
5748,4,39,0.056432,5927
5749,3,22,0.056404,5927
5750,10,82,0.056376,5928
5751,5,50,0.056347,5929
5752,11,89,0.056319,5930
5753,8,85,0.056291,5930
5754,4,27,0.056263,5930
5755,11,86,0.056235,5932
5756,8,68,0.056207,5933
5757,14,108,0.056179,5933
5758,6,54,0.056150,5933
5759,13,84,0.056122,5934
5760,11,103,0.056094,5934
5761,8,75,0.056066,5934
5762,1,12,0.056038,5934
5763,2,26,0.056010,5934
5764,12,99,0.055982,5934
5765,6,51,0.055954,5934
5766,7,50,0.055926,5934
5767,3,21,0.055898,5934
5768,8,54,0.055870,5935
5769,8,65,0.055842,5936
5770,11,77,0.055815,5937
5771,7,53,0.055787,5938
5772,5,40,0.055759,5939
5773,9,65,0.055731,5940
5774,15,107,0.055703,5941
5775,1,13,0.055675,5941
5776,2,16,0.055647,5941
5777,14,129,0.055619,5943
5778,12,93,0.055592,5944
5779,3,19,0.055564,5944
5780,14,100,0.055536,5945
5781,6,43,0.055508,5946
5782,12,95,0.055481,5946
5783,5,31,0.055453,5947
5784,2,8,0.055425,5947
5785,10,94,0.055397,5949
5786,12,57,0.055370,5950
5787,13,109,0.055342,5954
5788,8,63,0.055314,5957
5789,14,109,0.055287,5958
5790,13,130,0.055259,5961
5791,7,69,0.055231,5962
5792,3,24,0.055204,5962
5793,8,65,0.055176,5963
5794,8,83,0.055149,5964
5795,6,58,0.055121,5964
5796,9,82,0.055093,5965
5797,10,78,0.055066,5967
5798,9,73,0.055038,5968
5799,13,143,0.055011,5973
5800,8,58,0.054983,5973
5801,16,153,0.054956,5976
5802,5,45,0.054928,5976
5803,1,8,0.054901,5976
5804,9,95,0.054873,5976
5805,7,66,0.054846,5976
5806,15,105,0.054819,5977
5807,12,97,0.054791,5978
5808,9,64,0.054764,5979
5809,10,109,0.054736,5980
5810,8,70,0.054709,5980
5811,1,7,0.054682,5980
5812,10,52,0.054654,5980
5813,6,61,0.054627,5981
5814,10,70,0.054600,5981
5815,3,18,0.054572,5981
5816,17,121,0.054545,5985
5817,11,82,0.054518,5987
5818,12,88,0.054491,5987
5819,5,28,0.054463,5988
5820,6,47,0.054436,5989
5821,2,20,0.054409,5989
5822,6,54,0.054382,5989
5823,9,66,0.054354,5990
5824,3,44,0.054327,5990
5825,14,108,0.054300,5991
5826,3,28,0.054273,5991
5827,9,66,0.054246,5991
5828,12,107,0.054219,5992
5829,5,48,0.054192,5994
5830,6,39,0.054165,5994
5831,8,45,0.054137,5995
5832,5,26,0.054110,5995
5833,8,65,0.054083,5996
5834,9,84,0.054056,5997
5835,6,68,0.054029,5998
5836,6,34,0.054002,5998
5837,10,62,0.053975,5998
5838,7,48,0.053948,5999
5839,7,74,0.053921,6000
5840,6,62,0.053894,6001
5841,2,12,0.053867,6001
5842,9,69,0.053840,6001
5843,21,172,0.053814,6003
5844,6,40,0.053787,6004
5845,11,103,0.053760,6005
5846,5,49,0.053733,6005
5847,7,73,0.053706,6005
5848,6,52,0.053679,6006
5849,4,27,0.053652,6007
5850,4,56,0.053625,6008
5851,8,50,0.053599,6009
5852,6,51,0.053572,6009
5853,6,38,0.053545,6010
5854,15,131,0.053518,6011
5855,5,27,0.053492,6011
5856,8,66,0.053465,6011
5857,11,66,0.053438,6011
5858,4,38,0.053411,6011
5859,13,121,0.053385,6013
5860,9,59,0.053358,6013
5861,14,121,0.053331,6015
5862,11,89,0.053305,6017
5863,9,54,0.053278,6019
5864,8,71,0.053251,6019
5865,10,49,0.053225,6020
5866,9,94,0.053198,6020
5867,13,101,0.053171,6020
5868,15,126,0.053145,6020
5869,2,16,0.053118,6020
5870,8,59,0.053092,6021
5871,2,8,0.053065,6021
5872,6,56,0.053039,6024
5873,11,110,0.053012,6025
5874,5,35,0.052986,6026
5875,17,147,0.052959,6029
5876,7,50,0.052933,6030
5877,5,42,0.052906,6030
5878,4,34,0.052880,6030
5879,11,95,0.052853,6030
5880,6,61,0.052827,6031
5881,8,76,0.052800,6031
5882,9,84,0.052774,6034
5883,4,23,0.052748,6034
5884,13,83,0.052721,6035
5885,8,84,0.052695,6036
5886,4,25,0.052669,6036
5887,6,47,0.052642,6036
5888,1,11,0.052616,6036
5889,0,7,0.052590,6036
5890,4,33,0.052563,6037
5891,4,38,0.052537,6037
5892,5,43,0.052511,6038
5893,7,52,0.052485,6040
5894,7,61,0.052458,6040
5895,16,116,0.052432,6043
5896,10,81,0.052406,6044
5897,11,88,0.052380,6045
5898,10,91,0.052353,6045
5899,11,60,0.052327,6045
5900,2,17,0.052301,6045
5901,4,30,0.052275,6045
5902,16,131,0.052249,6046
5903,9,58,0.052223,6047
5904,13,86,0.052197,6048
5905,9,74,0.052170,6049
5906,11,86,0.052144,6050
5907,7,43,0.052118,6051
5908,10,95,0.052092,6052
5909,4,38,0.052066,6052
5910,9,67,0.052040,6053
5911,5,63,0.052014,6053
5912,4,30,0.051988,6053
5913,7,48,0.051962,6053
5914,14,92,0.051936,6054
5915,7,54,0.051910,6056
5916,3,27,0.051884,6056
5917,6,41,0.051858,6057
5918,9,66,0.051832,6058
5919,9,96,0.051806,6058
5920,17,132,0.051781,6060
5921,6,42,0.051755,6061
5922,13,84,0.051729,6062
5923,12,98,0.051703,6063
5924,0,7,0.051677,6063
5925,1,7,0.051651,6063
5926,7,67,0.051625,6064
5927,5,42,0.051600,6065
5928,11,70,0.051574,6066
5929,8,70,0.051548,6067
5930,10,70,0.051522,6068
5931,10,104,0.051496,6068
5932,6,36,0.051471,6068
5933,11,82,0.051445,6069
5934,13,100,0.051419,6071
5935,5,23,0.051394,6072
5936,9,62,0.051368,6072
5937,10,78,0.051342,6072
5938,10,103,0.051317,6072
5939,7,61,0.051291,6072
5940,8,58,0.051265,6073
5941,11,79,0.051240,6075
5942,10,85,0.051214,6077
5943,10,82,0.051188,6077
5944,9,69,0.051163,6078
5945,4,46,0.051137,6078
5946,3,12,0.051112,6078
5947,8,66,0.051086,6078
5948,7,66,0.051061,6078
5949,1,8,0.051035,6078
5950,6,70,0.051009,6078
5951,14,106,0.050984,6079
5952,12,83,0.050958,6082
5953,7,47,0.050933,6082
5954,7,54,0.050908,6082
5955,10,75,0.050882,6083
5956,8,50,0.050857,6086
5957,9,71,0.050831,6087
5958,11,93,0.050806,6089
5959,12,115,0.050780,6089
5960,11,66,0.050755,6090
5961,15,152,0.050730,6091
5962,1,13,0.050704,6091
5963,9,57,0.050679,6092
5964,7,81,0.050654,6092
5965,16,132,0.050628,6093
5966,3,22,0.050603,6093
5967,7,63,0.050578,6094
5968,14,123,0.050552,6095
5969,11,94,0.050527,6096
5970,4,27,0.050502,6096
5971,6,45,0.050477,6097
5972,10,97,0.050451,6098
5973,12,72,0.050426,6098
5974,9,73,0.050401,6099
5975,3,21,0.050376,6099
5976,12,92,0.050350,6100
5977,14,89,0.050325,6100
5978,12,91,0.050300,6101
5979,10,71,0.050275,6102
5980,1,21,0.050250,6102
5981,10,106,0.050225,6102
5982,8,41,0.050200,6103
5983,14,128,0.050175,6105
5984,7,69,0.050149,6107
5985,8,72,0.050124,6110
5986,4,28,0.050099,6110
5987,7,63,0.050074,6111
5988,8,43,0.050049,6112
5989,14,102,0.050024,6113
5990,4,30,0.049999,6114
5991,17,132,0.049974,6119
5992,8,71,0.049949,6119
5993,11,81,0.049924,6120
5994,3,27,0.049899,6120
5995,13,105,0.049874,6121
5996,3,25,0.049849,6121
5997,13,116,0.049824,6121
5998,3,23,0.049800,6121
5999,16,134,0.049775,6121
6000,2,11,0.049750,6121
6001,14,111,0.049725,6121
6002,5,44,0.049700,6121
6003,10,58,0.049675,6122
6004,17,117,0.049650,6122
6005,3,16,0.049625,6122
6006,11,86,0.049601,6124
6007,7,54,0.049576,6124
6008,12,107,0.049551,6125
6009,7,70,0.049526,6126
6010,10,82,0.049502,6127
6011,9,82,0.049477,6128
6012,4,34,0.049452,6128
6013,7,66,0.049427,6128
6014,12,125,0.049403,6130
6015,5,40,0.049378,6131
6016,7,61,0.049353,6132
6017,4,30,0.049329,6132
6018,6,38,0.049304,6132
6019,9,48,0.049279,6132
6020,4,56,0.049255,6132
6021,15,108,0.049230,6133
6022,10,67,0.049205,6134
6023,7,74,0.049181,6134
6024,6,58,0.049156,6134
6025,6,44,0.049132,6135
6026,9,59,0.049107,6136
6027,4,50,0.049082,6136
6028,1,15,0.049058,6136
6029,12,95,0.049033,6137
6030,8,70,0.049009,6138
6031,5,35,0.048984,6139
6032,3,20,0.048960,6139
6033,14,113,0.048935,6140
6034,1,11,0.048911,6140
6035,21,185,0.048886,6141
6036,8,52,0.048862,6142
6037,11,73,0.048838,6143
6038,10,73,0.048813,6145
6039,3,23,0.048789,6145
6040,7,52,0.048764,6146
6041,9,80,0.048740,6148
6042,6,59,0.048716,6149
6043,8,49,0.048691,6150
6044,7,49,0.048667,6151
6045,1,11,0.048643,6151
6046,7,58,0.048618,6151
6047,9,75,0.048594,6151
6048,11,79,0.048570,6152
6049,8,71,0.048545,6153
6050,6,37,0.048521,6154
6051,15,129,0.048497,6155
6052,5,55,0.048473,6156
6053,9,73,0.048448,6158
6054,12,82,0.048424,6158
6055,12,73,0.048400,6160
6056,1,9,0.048376,6160
6057,7,69,0.048352,6160
6058,2,25,0.048327,6160
6059,7,44,0.048303,6160
6060,10,78,0.048279,6161
6061,15,86,0.048255,6163
6062,13,116,0.048231,6164
6063,7,60,0.048207,6165
6064,3,20,0.048183,6165
6065,10,71,0.048158,6166
6066,15,112,0.048134,6166
6067,1,9,0.048110,6166
6068,7,70,0.048086,6167
6069,4,34,0.048062,6167
6070,2,34,0.048038,6167
6071,12,102,0.048014,6170
6072,18,141,0.047990,6171
6073,5,45,0.047966,6171
6074,8,62,0.047942,6171
6075,11,76,0.047918,6172
6076,1,18,0.047894,6172
6077,1,20,0.047870,6173
6078,6,47,0.047846,6173
6079,4,29,0.047822,6173
6080,8,60,0.047799,6174
6081,7,43,0.047775,6174
6082,12,98,0.047751,6175
6083,5,36,0.047727,6175
6084,12,119,0.047703,6176
6085,1,13,0.047679,6176
6086,8,50,0.047655,6177
6087,14,87,0.047631,6178
6088,13,104,0.047608,6178
6089,7,59,0.047584,6179
6090,2,21,0.047560,6179
6091,8,62,0.047536,6180
6092,13,121,0.047513,6181
6093,6,53,0.047489,6181
6094,8,59,0.047465,6182
6095,7,48,0.047441,6182
6096,11,91,0.047418,6182
6097,5,38,0.047394,6182
6098,14,94,0.047370,6184
6099,6,54,0.047346,6185
6100,6,53,0.047323,6186
6101,15,123,0.047299,6188
6102,12,111,0.047276,6189
6103,21,191,0.047252,6191
6104,19,120,0.047228,6195
6105,12,94,0.047205,6196
6106,12,84,0.047181,6197
6107,11,86,0.047157,6198
6108,4,24,0.047134,6198
6109,8,54,0.047110,6199
6110,4,19,0.047087,6200
6111,2,13,0.047063,6200
6112,10,80,0.047040,6201
6113,13,90,0.047016,6203
6114,4,37,0.046993,6204
6115,4,22,0.046969,6204
6116,5,37,0.046946,6205
6117,5,55,0.046922,6205
6118,8,74,0.046899,6205
6119,16,115,0.046875,6205
6120,5,35,0.046852,6205
6121,10,94,0.046828,6206
6122,11,71,0.046805,6207
6123,3,25,0.046782,6207
6124,8,68,0.046758,6207
6125,5,29,0.046735,6208
6126,13,113,0.046711,6210
6127,5,53,0.046688,6210
6128,10,58,0.046665,6211
6129,17,140,0.046641,6212
6130,7,49,0.046618,6213
6131,2,25,0.046595,6213
6132,10,74,0.046571,6213
6133,13,107,0.046548,6213
6134,18,114,0.046525,6215
6135,7,50,0.046502,6215
6136,2,18,0.046478,6215
6137,9,107,0.046455,6217
6138,5,49,0.046432,6217
6139,17,120,0.046409,6220
6140,8,67,0.046386,6220
6141,10,75,0.046362,6221
6142,8,46,0.046339,6221
6143,4,40,0.046316,6222
6144,7,47,0.046293,6224
6145,6,47,0.046270,6224
6146,6,49,0.046247,6224
6147,7,61,0.046223,6225
6148,11,76,0.046200,6226
6149,14,84,0.046177,6228
6150,5,56,0.046154,6232
6151,4,33,0.046131,6232
6152,7,73,0.046108,6232
6153,10,104,0.046085,6234
6154,9,78,0.046062,6235
6155,1,12,0.046039,6235
6156,14,140,0.046016,6236
6157,15,108,0.045993,6237
6158,6,46,0.045970,6238
6159,8,82,0.045947,6238
6160,6,61,0.045924,6239
6161,6,28,0.045901,6239
6162,11,89,0.045878,6240
6163,13,102,0.045855,6240
6164,13,117,0.045832,6240
6165,10,68,0.045809,6240
6166,8,72,0.045786,6241
6167,9,85,0.045763,6242
6168,11,80,0.045740,6243
6169,3,14,0.045718,6244
6170,9,92,0.045695,6245
6171,9,47,0.045672,6246
6172,11,72,0.045649,6247
6173,12,90,0.045626,6247
6174,12,95,0.045603,6248
6175,15,145,0.045581,6248
6176,6,56,0.045558,6248
6177,4,30,0.045535,6248
6178,7,42,0.045512,6249
6179,10,68,0.045490,6249
6180,11,83,0.045467,6249
6181,9,63,0.045444,6249
6182,12,105,0.045421,6251
6183,15,107,0.045399,6252
6184,1,12,0.045376,6252
6185,3,23,0.045353,6252
6186,6,49,0.045331,6252
6187,7,55,0.045308,6252
6188,11,74,0.045285,6252
6189,8,68,0.045263,6253
6190,2,19,0.045240,6253
6191,19,178,0.045217,6253
6192,10,82,0.045195,6254
6193,9,58,0.045172,6254
6194,2,16,0.045150,6254
6195,4,36,0.045127,6254
6196,8,45,0.045104,6254
6197,6,42,0.045082,6255
6198,8,60,0.045059,6255
6199,6,33,0.045037,6256
6200,0,7,0.045014,6256
6201,2,17,0.044992,6256
6202,19,168,0.044969,6257
6203,6,45,0.044947,6258
6204,17,147,0.044924,6260
6205,8,67,0.044902,6261
6206,15,114,0.044879,6262
6207,10,76,0.044857,6264
6208,0,6,0.044835,6264
6209,6,51,0.044812,6264
6210,7,48,0.044790,6264
6211,14,112,0.044767,6265
6212,4,30,0.044745,6265
6213,5,46,0.044723,6265
6214,11,67,0.044700,6266
6215,3,21,0.044678,6266
6216,15,111,0.044656,6267
6217,11,92,0.044633,6269
6218,10,68,0.044611,6269
6219,8,56,0.044589,6271
6220,8,75,0.044566,6272
6221,6,43,0.044544,6272
6222,6,47,0.044522,6273
6223,6,67,0.044499,6274
6224,11,75,0.044477,6275
6225,17,146,0.044455,6276
6226,0,8,0.044433,6276
6227,4,25,0.044411,6276
6228,3,30,0.044388,6276
6229,7,56,0.044366,6277
6230,6,50,0.044344,6279
6231,10,86,0.044322,6281
6232,17,199,0.044300,6282
6233,8,85,0.044277,6282
6234,17,151,0.044255,6283
6235,5,30,0.044233,6284
6236,11,86,0.044211,6285
6237,10,57,0.044189,6285
6238,8,71,0.044167,6287
6239,7,70,0.044145,6287
6240,15,107,0.044123,6287
6241,5,36,0.044101,6287
6242,18,153,0.044079,6289
6243,15,132,0.044057,6290
6244,4,30,0.044035,6290
6245,8,56,0.044013,6291
6246,11,108,0.043991,6295
6247,6,27,0.043969,6295
6248,2,27,0.043947,6295
6249,12,92,0.043925,6296
6250,8,87,0.043903,6297
6251,16,136,0.043881,6298
6252,6,42,0.043859,6298
6253,2,10,0.043837,6298
6254,6,58,0.043815,6299
6255,11,78,0.043793,6300
6256,9,55,0.043771,6301
6257,9,83,0.043749,6301
6258,3,25,0.043727,6301
6259,6,30,0.043705,6302
6260,17,122,0.043684,6303
6261,16,115,0.043662,6303
6262,5,38,0.043640,6304
6263,14,120,0.043618,6305
6264,5,58,0.043596,6306
6265,7,52,0.043574,6307
6266,7,54,0.043553,6307
6267,8,56,0.043531,6308
6268,6,54,0.043509,6308
6269,3,25,0.043487,6308
6270,14,124,0.043466,6309
6271,8,53,0.043444,6309
6272,13,111,0.043422,6311
6273,7,65,0.043400,6311
6274,8,58,0.043379,6312
6275,4,37,0.043357,6312
6276,6,44,0.043335,6312
6277,11,92,0.043314,6315
6278,3,17,0.043292,6315
6279,3,31,0.043270,6315
6280,11,83,0.043249,6316
6281,8,84,0.043227,6317
6282,6,60,0.043206,6317
6283,6,58,0.043184,6318
6284,11,77,0.043162,6319
6285,13,87,0.043141,6321
6286,4,36,0.043119,6322
6287,12,97,0.043098,6324
6288,12,91,0.043076,6324
6289,7,70,0.043055,6325
6290,17,145,0.043033,6327
6291,14,133,0.043012,6328
6292,14,125,0.042990,6330
6293,3,23,0.042969,6330
6294,13,110,0.042947,6331
6295,11,87,0.042926,6332
6296,9,69,0.042904,6332
6297,9,78,0.042883,6332
6298,6,59,0.042861,6332
6299,15,85,0.042840,6332
6300,12,83,0.042818,6334
6301,2,15,0.042797,6334
6302,13,73,0.042776,6336
6303,10,95,0.042754,6336
6304,14,110,0.042733,6337
6305,11,61,0.042711,6337
6306,4,30,0.042690,6337
6307,4,48,0.042669,6341
6308,8,65,0.042647,6342
6309,5,49,0.042626,6343
6310,9,52,0.042605,6344
6311,8,51,0.042583,6344
6312,15,131,0.042562,6346
6313,12,100,0.042541,6348
6314,1,8,0.042520,6348
6315,6,41,0.042498,6349
6316,4,32,0.042477,6349
6317,17,144,0.042456,6351
6318,14,98,0.042435,6353
6319,14,100,0.042413,6354
6320,8,76,0.042392,6354
6321,5,36,0.042371,6354
6322,19,176,0.042350,6358
6323,4,38,0.042329,6358
6324,12,90,0.042308,6359
6325,16,136,0.042286,6360
6326,7,66,0.042265,6361
6327,6,44,0.042244,6361
6328,5,30,0.042223,6362
6329,6,48,0.042202,6364
6330,11,66,0.042181,6365
6331,9,60,0.042160,6366
6332,10,71,0.042139,6368
6333,13,126,0.042118,6368
6334,8,71,0.042096,6370
6335,10,80,0.042075,6370
6336,8,69,0.042054,6370
6337,12,103,0.042033,6370
6338,7,68,0.042012,6370
6339,1,12,0.041991,6370
6340,7,67,0.041970,6371
6341,10,88,0.041949,6371
6342,15,126,0.041928,6371
6343,10,87,0.041907,6371
6344,9,101,0.041886,6371
6345,2,21,0.041865,6371
6346,8,65,0.041845,6372
6347,11,103,0.041824,6372
6348,11,92,0.041803,6372
6349,4,38,0.041782,6372
6350,2,21,0.041761,6372
6351,14,109,0.041740,6373
6352,6,26,0.041719,6374
6353,9,82,0.041698,6374
6354,7,60,0.041677,6375
6355,0,6,0.041657,6375
6356,10,75,0.041636,6376
6357,15,111,0.041615,6376
6358,13,92,0.041594,6377
6359,16,147,0.041573,6379
6360,13,83,0.041553,6380
6361,3,31,0.041532,6380
6362,14,76,0.041511,6380
6363,3,22,0.041490,6380
6364,11,78,0.041470,6383
6365,4,27,0.041449,6383
6366,5,39,0.041428,6383
6367,16,183,0.041407,6387
6368,18,128,0.041387,6389
6369,6,53,0.041366,6390
6370,14,128,0.041345,6391
6371,6,44,0.041325,6392
6372,15,120,0.041304,6393
6373,7,80,0.041283,6393
6374,7,48,0.041263,6394
6375,7,51,0.041242,6394
6376,16,137,0.041221,6396
6377,12,111,0.041201,6397
6378,17,148,0.041180,6398
6379,17,134,0.041160,6401
6380,11,82,0.041139,6401
6381,8,83,0.041118,6402
6382,3,26,0.041098,6402
6383,11,71,0.041077,6404
6384,9,90,0.041057,6404
6385,10,71,0.041036,6404
6386,12,99,0.041016,6405
6387,3,34,0.040995,6405
6388,15,137,0.040975,6407
6389,8,55,0.040954,6408
6390,8,72,0.040934,6409
6391,10,88,0.040913,6410
6392,11,78,0.040893,6411
6393,15,123,0.040872,6412
6394,15,122,0.040852,6412
6395,13,110,0.040832,6412
6396,11,80,0.040811,6412
6397,4,27,0.040791,6413
6398,8,63,0.040770,6414
6399,9,71,0.040750,6415
6400,1,14,0.040730,6415
6401,13,119,0.040709,6417
6402,17,100,0.040689,6418
6403,11,87,0.040669,6420
6404,12,84,0.040648,6420
6405,6,52,0.040628,6421
6406,6,38,0.040608,6421
6407,12,95,0.040587,6422
6408,6,62,0.040567,6422
6409,6,46,0.040547,6423
6410,8,58,0.040526,6425
6411,3,25,0.040506,6425
6412,6,47,0.040486,6426
6413,9,60,0.040466,6427
6414,20,181,0.040445,6428
6415,7,65,0.040425,6428
6416,9,56,0.040405,6429
6417,9,59,0.040385,6430
6418,13,108,0.040365,6431
6419,7,43,0.040344,6431
6420,8,61,0.040324,6431
6421,9,70,0.040304,6432
6422,8,64,0.040284,6432
6423,2,10,0.040264,6432
6424,16,129,0.040244,6433
6425,17,138,0.040224,6435
6426,11,70,0.040203,6436
6427,10,87,0.040183,6437
6428,13,108,0.040163,6437
6429,5,66,0.040143,6437
6430,10,80,0.040123,6437
6431,15,118,0.040103,6439
6432,8,53,0.040083,6439
6433,4,41,0.040063,6439
6434,9,69,0.040043,6439
6435,3,36,0.040023,6439
6436,11,87,0.040003,6441
6437,3,17,0.039983,6441
6438,10,86,0.039963,6441
6439,7,47,0.039943,6441
6440,20,144,0.039923,6442
6441,10,75,0.039903,6442
6442,7,70,0.039883,6442
6443,14,94,0.039863,6443
6444,4,42,0.039843,6443
6445,6,44,0.039823,6444
6446,7,58,0.039803,6445
6447,7,65,0.039783,6447
6448,11,72,0.039763,6448
6449,7,60,0.039744,6449
6450,21,160,0.039724,6449
6451,10,60,0.039704,6449
6452,11,69,0.039684,6451
6453,9,56,0.039664,6453
6454,9,58,0.039644,6454
6455,12,109,0.039625,6454
6456,9,82,0.039605,6455
6457,11,84,0.039585,6455
6458,6,55,0.039565,6457
6459,14,92,0.039545,6458
6460,20,170,0.039526,6463
6461,8,66,0.039506,6463
6462,4,30,0.039486,6463
6463,7,58,0.039466,6463
6464,9,53,0.039447,6464
6465,8,56,0.039427,6464
6466,11,54,0.039407,6465
6467,10,110,0.039387,6466
6468,7,26,0.039368,6468
6469,12,103,0.039348,6468
6470,12,110,0.039328,6469
6471,7,42,0.039309,6470
6472,12,96,0.039289,6471
6473,2,20,0.039269,6471
6474,10,106,0.039250,6471
6475,14,96,0.039230,6475
6476,12,93,0.039211,6476
6477,13,102,0.039191,6476
6478,4,44,0.039171,6477
6479,24,228,0.039152,6478
6480,6,46,0.039132,6478
6481,9,66,0.039113,6478
6482,15,123,0.039093,6478
6483,14,105,0.039074,6478
6484,2,10,0.039054,6478
6485,10,75,0.039034,6479
6486,5,47,0.039015,6479
6487,10,100,0.038995,6480
6488,6,58,0.038976,6480
6489,4,23,0.038956,6480
6490,16,123,0.038937,6481
6491,8,47,0.038917,6483
6492,11,75,0.038898,6483
6493,6,37,0.038879,6483
6494,6,50,0.038859,6484
6495,16,145,0.038840,6484
6496,9,84,0.038820,6485
6497,6,59,0.038801,6486
6498,8,59,0.038781,6487
6499,3,15,0.038762,6487
6500,2,9,0.038743,6487
6501,6,64,0.038723,6488
6502,15,129,0.038704,6489
6503,7,84,0.038685,6489
6504,4,40,0.038665,6489
6505,12,96,0.038646,6489
6506,4,32,0.038627,6489
6507,7,56,0.038607,6490
6508,13,90,0.038588,6490
6509,9,78,0.038569,6491
6510,1,15,0.038549,6491
6511,14,124,0.038530,6491
6512,10,79,0.038511,6491
6513,8,49,0.038492,6493
6514,21,160,0.038472,6494
6515,6,42,0.038453,6495
6516,3,30,0.038434,6495
6517,10,73,0.038415,6496
6518,12,85,0.038395,6497
6519,20,175,0.038376,6497
6520,4,34,0.038357,6497
6521,7,66,0.038338,6498
6522,8,58,0.038319,6498
6523,10,82,0.038300,6498
6524,10,79,0.038280,6499
6525,12,98,0.038261,6500
6526,7,67,0.038242,6500
6527,18,158,0.038223,6501
6528,11,105,0.038204,6504
6529,12,107,0.038185,6505
6530,11,69,0.038166,6505
6531,10,63,0.038147,6506
6532,2,20,0.038128,6506
6533,14,107,0.038109,6508
6534,1,10,0.038089,6509
6535,10,74,0.038070,6509
6536,5,45,0.038051,6509
6537,12,116,0.038032,6509
6538,11,101,0.038013,6510
6539,12,105,0.037994,6511
6540,8,82,0.037975,6512
6541,13,110,0.037956,6514
6542,12,106,0.037937,6517
6543,12,101,0.037918,6518
6544,13,97,0.037899,6519
6545,9,74,0.037881,6520
6546,19,137,0.037862,6522
6547,6,45,0.037843,6522
6548,8,58,0.037824,6523
6549,9,63,0.037805,6524
6550,14,144,0.037786,6525
6551,6,32,0.037767,6526
6552,3,27,0.037748,6526
6553,7,64,0.037729,6527
6554,9,65,0.037710,6528
6555,14,130,0.037692,6529
6556,11,82,0.037673,6531
6557,9,74,0.037654,6533
6558,9,60,0.037635,6534
6559,14,126,0.037616,6535
6560,17,137,0.037597,6536
6561,7,57,0.037579,6537
6562,16,126,0.037560,6538
6563,10,71,0.037541,6540
6564,9,61,0.037522,6541
6565,2,24,0.037504,6541
6566,13,97,0.037485,6542
6567,10,79,0.037466,6542
6568,11,75,0.037447,6543
6569,9,66,0.037429,6543
6570,8,89,0.037410,6543
6571,15,124,0.037391,6544
6572,8,69,0.037372,6546
6573,11,62,0.037354,6546
6574,12,85,0.037335,6547
6575,14,121,0.037316,6550
6576,8,76,0.037298,6551
6577,13,109,0.037279,6551
6578,5,32,0.037260,6551
6579,16,103,0.037242,6553
6580,2,22,0.037223,6553
6581,14,114,0.037205,6555
6582,12,108,0.037186,6557
6583,3,27,0.037167,6557
6584,15,135,0.037149,6558
6585,8,59,0.037130,6558
6586,8,54,0.037112,6560
6587,4,45,0.037093,6560
6588,8,51,0.037075,6560
6589,3,28,0.037056,6560
6590,7,47,0.037038,6560
6591,17,113,0.037019,6561
6592,6,37,0.037000,6561
6593,7,44,0.036982,6561
6594,6,45,0.036963,6562
6595,4,30,0.036945,6562
6596,19,142,0.036927,6564
6597,6,44,0.036908,6565
6598,9,60,0.036890,6565
6599,3,35,0.036871,6565
6600,12,96,0.036853,6565
6601,12,92,0.036834,6566
6602,3,28,0.036816,6566
6603,12,123,0.036797,6568
6604,8,72,0.036779,6569
6605,13,103,0.036761,6570
6606,7,59,0.036742,6570
6607,6,48,0.036724,6570
6608,13,108,0.036706,6571
6609,5,33,0.036687,6571
6610,11,86,0.036669,6573
6611,18,167,0.036651,6574
6612,15,101,0.036632,6574
6613,8,70,0.036614,6574
6614,7,57,0.036596,6574
6615,5,24,0.036577,6575
6616,11,81,0.036559,6576
6617,4,40,0.036541,6577
6618,6,59,0.036522,6577
6619,10,81,0.036504,6578
6620,10,75,0.036486,6579
6621,10,84,0.036468,6579
6622,14,94,0.036449,6580
6623,8,63,0.036431,6580
6624,17,139,0.036413,6582
6625,13,101,0.036395,6584
6626,10,91,0.036377,6585
6627,6,43,0.036358,6587
6628,13,96,0.036340,6588
6629,9,79,0.036322,6588
6630,14,97,0.036304,6588
6631,16,148,0.036286,6589
6632,21,178,0.036268,6591
6633,15,110,0.036250,6592
6634,6,45,0.036231,6593
6635,0,7,0.036213,6593
6636,10,77,0.036195,6594
6637,9,73,0.036177,6594
6638,6,55,0.036159,6596
6639,5,43,0.036141,6596
6640,16,126,0.036123,6599
6641,4,31,0.036105,6599
6642,3,13,0.036087,6599
6643,12,107,0.036069,6600
6644,8,45,0.036051,6600
6645,10,78,0.036033,6600
6646,15,136,0.036015,6602
6647,4,44,0.035997,6602
6648,5,38,0.035979,6602
6649,11,74,0.035961,6602
6650,11,89,0.035943,6603
6651,16,128,0.035925,6604
6652,19,175,0.035907,6604
6653,18,131,0.035889,6604
6654,10,70,0.035871,6605
6655,12,104,0.035853,6606
6656,6,52,0.035835,6606
6657,11,69,0.035817,6608
6658,6,45,0.035799,6609
6659,11,101,0.035781,6609
6660,14,108,0.035763,6610
6661,8,59,0.035745,6611
6662,7,54,0.035728,6611
6663,3,14,0.035710,6611
6664,8,64,0.035692,6612
6665,5,43,0.035674,6612
6666,5,42,0.035656,6612
6667,16,124,0.035638,6613
6668,6,40,0.035621,6614
6669,9,59,0.035603,6615
6670,1,13,0.035585,6615
6671,9,62,0.035567,6615
6672,13,122,0.035549,6616
6673,8,72,0.035532,6616
6674,3,25,0.035514,6616
6675,9,58,0.035496,6618
6676,9,76,0.035478,6619
6677,15,119,0.035461,6620
6678,7,61,0.035443,6620
6679,11,93,0.035425,6620
6680,6,47,0.035407,6621
6681,7,33,0.035390,6621
6682,9,73,0.035372,6621
6683,6,30,0.035354,6622
6684,4,37,0.035337,6622
6685,18,142,0.035319,6623
6686,10,83,0.035301,6623
6687,11,102,0.035284,6624
6688,2,12,0.035266,6624
6689,4,31,0.035248,6624
6690,5,34,0.035231,6624
6691,4,25,0.035213,6625
6692,6,44,0.035196,6627
6693,5,62,0.035178,6629
6694,12,116,0.035160,6630
6695,13,108,0.035143,6631
6696,11,93,0.035125,6631
6697,22,180,0.035108,6633
6698,2,14,0.035090,6633
6699,9,55,0.035073,6633
6700,10,78,0.035055,6634
6701,7,63,0.035037,6634
6702,4,34,0.035020,6635
6703,6,43,0.035002,6635
6704,4,26,0.034985,6635
6705,12,104,0.034967,6637
6706,11,82,0.034950,6637
6707,6,44,0.034932,6638
6708,15,128,0.034915,6639
6709,12,98,0.034898,6640
6710,7,55,0.034880,6640
6711,10,89,0.034863,6641
6712,6,54,0.034845,6641
6713,8,55,0.034828,6642
6714,12,89,0.034810,6643
6715,10,73,0.034793,6644
6716,10,79,0.034776,6644
6717,13,107,0.034758,6644
6718,11,101,0.034741,6645
6719,11,90,0.034723,6645
6720,15,127,0.034706,6646
6721,8,63,0.034689,6647
6722,10,43,0.034671,6647
6723,10,70,0.034654,6648
6724,9,56,0.034637,6649
6725,10,68,0.034619,6650
6726,10,93,0.034602,6651
6727,6,55,0.034585,6651
6728,8,54,0.034568,6651
6729,11,79,0.034550,6651
6730,10,78,0.034533,6653
6731,16,130,0.034516,6654
6732,10,68,0.034498,6657
6733,8,62,0.034481,6658
6734,14,99,0.034464,6658
6735,4,35,0.034447,6658
6736,1,9,0.034429,6658
6737,1,6,0.034412,6658
6738,10,101,0.034395,6659
6739,16,126,0.034378,6660
6740,7,74,0.034361,6660
6741,8,55,0.034343,6660
6742,9,67,0.034326,6660
6743,11,103,0.034309,6660
6744,0,5,0.034292,6660
6745,8,50,0.034275,6660
6746,9,98,0.034258,6661
6747,4,27,0.034241,6661
6748,13,120,0.034223,6663
6749,10,86,0.034206,6663
6750,7,68,0.034189,6664
6751,8,61,0.034172,6664
6752,8,57,0.034155,6665
6753,6,47,0.034138,6666
6754,15,135,0.034121,6666
6755,14,98,0.034104,6666
6756,6,38,0.034087,6667
6757,9,67,0.034070,6667
6758,9,78,0.034053,6667
6759,8,62,0.034036,6669
6760,9,67,0.034019,6671
6761,6,45,0.034002,6672
6762,6,40,0.033985,6673
6763,4,31,0.033968,6673
6764,16,108,0.033951,6674
6765,9,65,0.033934,6675
6766,7,69,0.033917,6675
6767,3,33,0.033900,6675
6768,7,47,0.033883,6676
6769,5,32,0.033866,6676
6770,13,97,0.033849,6679
6771,12,114,0.033832,6680
6772,13,100,0.033815,6680
6773,3,27,0.033798,6680
6774,1,10,0.033781,6680
6775,20,140,0.033764,6681
6776,3,18,0.033748,6681
6777,5,33,0.033731,6681
6778,8,54,0.033714,6681
6779,12,115,0.033697,6685
6780,4,26,0.033680,6685
6781,2,9,0.033663,6685
6782,5,39,0.033646,6685
6783,11,70,0.033630,6687
6784,12,98,0.033613,6687
6785,4,38,0.033596,6688
6786,8,71,0.033579,6688
6787,12,93,0.033562,6688
6788,8,68,0.033546,6688
6789,13,122,0.033529,6689
6790,6,61,0.033512,6689
6791,8,62,0.033495,6689
6792,16,108,0.033479,6690
6793,10,88,0.033462,6690
6794,11,74,0.033445,6690
6795,16,137,0.033428,6691
6796,15,134,0.033412,6692
6797,12,98,0.033395,6693
6798,14,101,0.033378,6694
6799,14,105,0.033362,6695
6800,8,56,0.033345,6696
6801,8,62,0.033328,6697
6802,13,105,0.033312,6698
6803,3,28,0.033295,6698
6804,8,66,0.033278,6700
6805,9,74,0.033262,6700
6806,13,82,0.033245,6701
6807,13,93,0.033228,6703
6808,6,37,0.033212,6704
6809,11,71,0.033195,6705
6810,2,20,0.033179,6705
6811,6,37,0.033162,6705
6812,10,73,0.033145,6705
6813,12,121,0.033129,6706
6814,3,33,0.033112,6706
6815,12,105,0.033096,6707
6816,6,64,0.033079,6707
6817,6,59,0.033063,6708
6818,7,59,0.033046,6708
6819,6,39,0.033030,6710
6820,8,76,0.033013,6710
6821,3,19,0.032997,6711
6822,4,26,0.032980,6711
6823,15,104,0.032964,6714
6824,15,131,0.032947,6715
6825,8,53,0.032931,6716
6826,2,10,0.032914,6716
6827,19,175,0.032898,6716
6828,23,180,0.032881,6716
6829,7,64,0.032865,6716
6830,9,70,0.032848,6716
6831,8,57,0.032832,6716
6832,7,55,0.032816,6717
6833,12,85,0.032799,6718
6834,14,88,0.032783,6719
6835,15,160,0.032766,6721
6836,6,49,0.032750,6721
6837,18,141,0.032734,6723
6838,6,63,0.032717,6724
6839,17,140,0.032701,6725
6840,16,127,0.032684,6726
6841,17,164,0.032668,6727
6842,14,111,0.032652,6728
6843,16,118,0.032635,6730
6844,6,40,0.032619,6730
6845,1,13,0.032603,6730
6846,3,37,0.032587,6730
6847,9,72,0.032570,6730
6848,7,67,0.032554,6730
6849,12,116,0.032538,6730
6850,13,112,0.032521,6731
6851,8,56,0.032505,6732
6852,17,143,0.032489,6734
6853,10,71,0.032473,6736
6854,3,20,0.032456,6736
6855,9,59,0.032440,6738
6856,9,56,0.032424,6738
6857,9,78,0.032408,6739
6858,11,73,0.032392,6739
6859,11,102,0.032375,6740
6860,8,49,0.032359,6740
6861,7,60,0.032343,6741
6862,8,53,0.032327,6741
6863,9,65,0.032311,6742
6864,16,109,0.032295,6743
6865,16,136,0.032278,6744
6866,8,74,0.032262,6745
6867,16,108,0.032246,6747
6868,9,75,0.032230,6747
6869,5,35,0.032214,6747
6870,4,25,0.032198,6747
6871,5,33,0.032182,6747
6872,14,99,0.032166,6749
6873,8,61,0.032149,6750
6874,14,118,0.032133,6751
6875,17,162,0.032117,6753
6876,11,92,0.032101,6753
6877,20,172,0.032085,6754
6878,13,103,0.032069,6756
6879,8,60,0.032053,6756
6880,6,52,0.032037,6757
6881,13,137,0.032021,6758
6882,6,37,0.032005,6759
6883,7,50,0.031989,6761
6884,21,203,0.031973,6762
6885,8,65,0.031957,6762
6886,14,90,0.031941,6763
6887,4,27,0.031925,6763
6888,2,24,0.031909,6763
6889,13,83,0.031893,6765
6890,12,106,0.031877,6765
6891,15,121,0.031861,6766
6892,11,66,0.031845,6766
6893,12,74,0.031829,6767
6894,5,48,0.031814,6767
6895,8,48,0.031798,6767
6896,8,67,0.031782,6768
6897,11,68,0.031766,6769
6898,2,16,0.031750,6770
6899,5,55,0.031734,6770
6900,12,93,0.031718,6771
6901,9,90,0.031702,6771
6902,10,82,0.031687,6771
6903,8,76,0.031671,6772
6904,9,60,0.031655,6774
6905,5,30,0.031639,6774
6906,10,89,0.031623,6775
6907,10,51,0.031607,6775
6908,6,49,0.031592,6775
6909,13,107,0.031576,6776
6910,21,177,0.031560,6777
6911,12,88,0.031544,6778
6912,7,63,0.031528,6778
6913,9,99,0.031513,6778
6914,16,118,0.031497,6781
6915,10,74,0.031481,6782
6916,13,101,0.031465,6784
6917,12,101,0.031450,6784
6918,8,59,0.031434,6785
6919,4,23,0.031418,6785
6920,4,37,0.031403,6785
6921,9,59,0.031387,6786
6922,12,112,0.031371,6786
6923,3,29,0.031355,6787
6924,6,41,0.031340,6787
6925,5,37,0.031324,6787
6926,8,65,0.031308,6788
6927,15,134,0.031293,6789
6928,2,10,0.031277,6789
6929,7,63,0.031262,6789
6930,0,5,0.031246,6789
6931,14,85,0.031230,6790
6932,15,107,0.031215,6792
6933,6,73,0.031199,6792
6934,15,131,0.031183,6794
6935,1,8,0.031168,6794
6936,11,96,0.031152,6795
6937,13,97,0.031137,6797
6938,4,24,0.031121,6797
6939,7,64,0.031106,6798
6940,6,51,0.031090,6798
6941,7,61,0.031074,6799
6942,10,78,0.031059,6800
6943,5,57,0.031043,6800
6944,8,57,0.031028,6800
6945,15,98,0.031012,6800
6946,11,82,0.030997,6800
6947,20,178,0.030981,6802
6948,18,171,0.030966,6804
6949,3,32,0.030950,6804
6950,6,40,0.030935,6804
6951,6,37,0.030919,6805
6952,8,75,0.030904,6806
6953,14,132,0.030889,6808
6954,9,60,0.030873,6810
6955,11,97,0.030858,6813
6956,16,127,0.030842,6814
6957,13,100,0.030827,6815
6958,8,79,0.030811,6815
6959,4,36,0.030796,6815
6960,6,56,0.030781,6816
6961,2,11,0.030765,6816
6962,10,91,0.030750,6816
6963,13,116,0.030734,6817
6964,7,53,0.030719,6817
6965,9,88,0.030704,6822
6966,4,33,0.030688,6822
6967,12,83,0.030673,6823
6968,9,96,0.030658,6823
6969,14,82,0.030642,6823
6970,10,79,0.030627,6824
6971,5,64,0.030612,6825
6972,6,38,0.030596,6825
6973,8,57,0.030581,6826
6974,6,46,0.030566,6826
6975,6,43,0.030551,6827
6976,13,82,0.030535,6829
6977,4,32,0.030520,6829
6978,4,41,0.030505,6829
6979,5,48,0.030490,6830
6980,13,90,0.030474,6831
6981,3,25,0.030459,6831
6982,17,139,0.030444,6833
6983,11,87,0.030429,6833
6984,3,22,0.030413,6833
6985,2,26,0.030398,6833
6986,7,63,0.030383,6833
6987,14,135,0.030368,6834
6988,11,80,0.030353,6835
6989,14,121,0.030337,6837
6990,10,75,0.030322,6839
6991,16,124,0.030307,6840
6992,8,67,0.030292,6840
6993,2,14,0.030277,6841
6994,7,57,0.030262,6841
6995,7,48,0.030247,6841
6996,0,5,0.030231,6841
6997,4,40,0.030216,6841
6998,12,96,0.030201,6842
6999,13,98,0.030186,6842
7000,13,109,0.030171,6843
7001,9,54,0.030156,6844
7002,6,47,0.030141,6844
7003,13,101,0.030126,6844
7004,6,46,0.030111,6844
7005,14,98,0.030096,6844
7006,7,52,0.030081,6844
7007,3,25,0.030066,6844
7008,10,81,0.030050,6845
7009,5,41,0.030035,6845
7010,8,66,0.030020,6845
7011,9,80,0.030005,6848
7012,7,60,0.029990,6849
7013,1,14,0.029975,6849
7014,8,58,0.029960,6849
7015,16,98,0.029945,6850
7016,11,94,0.029930,6851
7017,17,121,0.029916,6852
7018,6,55,0.029901,6852
7019,6,30,0.029886,6853
7020,11,66,0.029871,6854
7021,8,76,0.029856,6856
7022,8,65,0.029841,6857
7023,12,111,0.029826,6857
7024,17,95,0.029811,6858
7025,4,30,0.029796,6858
7026,8,82,0.029781,6858
7027,7,65,0.029766,6858
7028,9,65,0.029751,6859
7029,9,67,0.029737,6860
7030,14,125,0.029722,6861
7031,14,110,0.029707,6862
7032,13,102,0.029692,6863
7033,11,93,0.029677,6864
7034,10,71,0.029662,6865
7035,8,58,0.029647,6865
7036,14,104,0.029633,6866
7037,13,91,0.029618,6867
7038,7,48,0.029603,6868
7039,2,19,0.029588,6868
7040,6,57,0.029573,6868
7041,8,52,0.029559,6869
7042,3,27,0.029544,6869
7043,8,78,0.029529,6869
7044,8,73,0.029514,6870
7045,4,31,0.029500,6870
7046,4,37,0.029485,6870
7047,6,53,0.029470,6870
7048,13,104,0.029455,6871
7049,20,178,0.029441,6874
7050,14,109,0.029426,6877
7051,15,132,0.029411,6878
7052,13,102,0.029396,6879
7053,15,109,0.029382,6880
7054,16,122,0.029367,6881
7055,7,59,0.029352,6882
7056,6,59,0.029338,6884
7057,10,71,0.029323,6884
7058,16,139,0.029308,6885
7059,9,63,0.029294,6886
7060,9,75,0.029279,6886
7061,13,92,0.029264,6886
7062,9,89,0.029250,6886
7063,9,71,0.029235,6886
7064,19,185,0.029221,6886
7065,11,100,0.029206,6887
7066,14,113,0.029191,6889
7067,6,31,0.029177,6890
7068,9,81,0.029162,6891
7069,11,74,0.029148,6892
7070,11,76,0.029133,6892
7071,9,78,0.029118,6892
7072,8,64,0.029104,6892
7073,2,17,0.029089,6892
7074,11,66,0.029075,6893
7075,6,31,0.029060,6894
7076,11,102,0.029046,6895
7077,19,179,0.029031,6895
7078,7,44,0.029017,6896
7079,16,126,0.029002,6899
7080,12,108,0.028988,6900
7081,14,85,0.028973,6901
7082,15,126,0.028959,6902
7083,17,169,0.028944,6903
7084,6,52,0.028930,6903
7085,11,102,0.028915,6903
7086,12,99,0.028901,6903
7087,10,64,0.028886,6903
7088,6,48,0.028872,6904
7089,11,92,0.028857,6904
7090,13,97,0.028843,6905
7091,9,62,0.028829,6906
7092,5,40,0.028814,6906
7093,16,128,0.028800,6909
7094,14,144,0.028785,6910
7095,14,82,0.028771,6912
7096,21,132,0.028757,6912
7097,5,39,0.028742,6912
7098,14,94,0.028728,6913
7099,9,72,0.028714,6914
7100,12,111,0.028699,6914
7101,15,120,0.028685,6915
7102,18,130,0.028670,6916
7103,16,158,0.028656,6920
7104,7,74,0.028642,6920
7105,9,68,0.028627,6920
7106,8,63,0.028613,6920
7107,12,75,0.028599,6921
7108,10,101,0.028585,6922
7109,5,32,0.028570,6922
7110,3,11,0.028556,6922
7111,6,50,0.028542,6925
7112,12,83,0.028527,6926
7113,16,131,0.028513,6926
7114,14,117,0.028499,6928
7115,1,11,0.028485,6928
7116,14,94,0.028470,6929
7117,7,70,0.028456,6930
7118,19,137,0.028442,6931
7119,6,44,0.028428,6931
7120,16,149,0.028414,6931
7121,6,43,0.028399,6931
7122,6,44,0.028385,6931
7123,9,64,0.028371,6931
7124,9,64,0.028357,6932
7125,9,66,0.028343,6932
7126,6,51,0.028328,6933
7127,12,107,0.028314,6933
7128,13,83,0.028300,6934
7129,14,114,0.028286,6934
7130,18,144,0.028272,6935
7131,15,116,0.028258,6939
7132,12,109,0.028244,6939
7133,7,57,0.028229,6940
7134,16,157,0.028215,6941
7135,8,63,0.028201,6942
7136,10,80,0.028187,6943
7137,5,38,0.028173,6943
7138,7,50,0.028159,6944
7139,14,107,0.028145,6946
7140,15,117,0.028131,6947
7141,8,59,0.028117,6948
7142,10,85,0.028103,6949
7143,15,110,0.028089,6950
7144,8,67,0.028075,6951
7145,12,102,0.028060,6952
7146,4,50,0.028046,6952
7147,11,82,0.028032,6952
7148,7,42,0.028018,6952
7149,11,78,0.028004,6953
7150,8,69,0.027990,6953
7151,7,59,0.027976,6953
7152,12,97,0.027962,6954
7153,13,118,0.027948,6954
7154,13,99,0.027934,6955
7155,5,47,0.027920,6955
7156,11,96,0.027907,6956
7157,17,124,0.027893,6957
7158,8,71,0.027879,6957
7159,12,88,0.027865,6958
7160,9,73,0.027851,6959
7161,10,82,0.027837,6959
7162,22,209,0.027823,6960
7163,21,164,0.027809,6961
7164,11,83,0.027795,6961
7165,8,54,0.027781,6962
7166,11,66,0.027767,6962
7167,5,64,0.027753,6962
7168,19,141,0.027740,6964
7169,12,90,0.027726,6965
7170,2,10,0.027712,6965
7171,16,128,0.027698,6966
7172,18,135,0.027684,6966
7173,8,61,0.027670,6967
7174,6,67,0.027656,6967
7175,10,83,0.027643,6967
7176,13,80,0.027629,6968
7177,9,63,0.027615,6969
7178,11,73,0.027601,6971
7179,5,33,0.027587,6972
7180,12,92,0.027574,6973
7181,5,44,0.027560,6973
7182,18,160,0.027546,6974
7183,13,107,0.027532,6975
7184,18,142,0.027518,6976
7185,11,74,0.027505,6977
7186,12,111,0.027491,6978
7187,12,99,0.027477,6978
7188,16,164,0.027463,6984
7189,13,92,0.027450,6986
7190,13,120,0.027436,6986
7191,7,67,0.027422,6986
7192,17,120,0.027409,6987
7193,12,77,0.027395,6988
7194,7,58,0.027381,6988
7195,6,47,0.027367,6991
7196,1,14,0.027354,6991
7197,18,172,0.027340,6991
7198,7,46,0.027326,6992
7199,10,83,0.027313,6995
7200,15,114,0.027299,6996
7201,10,72,0.027285,6997
7202,8,44,0.027272,6998
7203,12,99,0.027258,6999
7204,6,80,0.027245,6999
7205,1,7,0.027231,6999
7206,16,135,0.027217,7000
7207,7,60,0.027204,7002
7208,4,24,0.027190,7003
7209,15,121,0.027177,7008
7210,10,89,0.027163,7011
7211,6,35,0.027149,7012
7212,10,104,0.027136,7012
7213,8,65,0.027122,7013
7214,17,129,0.027109,7014
7215,10,83,0.027095,7015
7216,17,153,0.027082,7016
7217,7,68,0.027068,7017
7218,10,77,0.027054,7018
7219,14,93,0.027041,7019
7220,11,99,0.027027,7020
7221,11,99,0.027014,7021
7222,4,38,0.027000,7022
7223,11,115,0.026987,7022
7224,13,108,0.026973,7023
7225,2,22,0.026960,7023
7226,17,138,0.026946,7023
7227,12,97,0.026933,7023
7228,10,78,0.026920,7023
7229,13,97,0.026906,7024
7230,11,77,0.026893,7024
7231,14,109,0.026879,7026
7232,4,38,0.026866,7026
7233,13,111,0.026852,7027
7234,4,24,0.026839,7027
7235,9,47,0.026825,7027
7236,17,122,0.026812,7027
7237,13,84,0.026799,7028
7238,9,57,0.026785,7028
7239,6,56,0.026772,7028
7240,9,78,0.026758,7029
7241,8,67,0.026745,7030
7242,18,134,0.026732,7033
7243,6,56,0.026718,7034
7244,12,96,0.026705,7034
7245,15,116,0.026692,7034
7246,22,170,0.026678,7035
7247,9,71,0.026665,7037
7248,14,115,0.026652,7039
7249,16,133,0.026638,7040
7250,21,147,0.026625,7043
7251,13,106,0.026612,7043
7252,16,138,0.026598,7043
7253,7,52,0.026585,7044
7254,11,83,0.026572,7045
7255,12,79,0.026558,7046
7256,2,27,0.026545,7046
7257,7,60,0.026532,7047
7258,1,17,0.026519,7047
7259,16,128,0.026505,7048
7260,13,118,0.026492,7048
7261,8,66,0.026479,7051
7262,17,155,0.026466,7052
7263,8,70,0.026452,7052
7264,9,71,0.026439,7052
7265,17,126,0.026426,7053
7266,1,10,0.026413,7053
7267,5,30,0.026400,7053
7268,6,63,0.026386,7053
7269,17,140,0.026373,7054
7270,2,15,0.026360,7054
7271,18,142,0.026347,7055
7272,10,85,0.026334,7055
7273,7,43,0.026320,7055
7274,17,114,0.026307,7057
7275,15,113,0.026294,7058
7276,10,65,0.026281,7059
7277,18,114,0.026268,7060
7278,20,206,0.026255,7061
7279,9,51,0.026242,7063
7280,7,39,0.026228,7063
7281,1,17,0.026215,7063
7282,7,48,0.026202,7064
7283,8,71,0.026189,7066
7284,12,74,0.026176,7068
7285,10,57,0.026163,7069
7286,13,92,0.026150,7070
7287,10,87,0.026137,7071
7288,15,125,0.026124,7072
7289,15,146,0.026111,7072
7290,16,113,0.026098,7073
7291,23,169,0.026085,7077
7292,12,83,0.026072,7079
7293,16,109,0.026058,7080
7294,5,30,0.026045,7081
7295,5,43,0.026032,7081
7296,5,32,0.026019,7082
7297,12,105,0.026006,7083
7298,17,128,0.025993,7083
7299,16,119,0.025980,7084
7300,19,147,0.025967,7085
7301,12,118,0.025954,7086
7302,12,88,0.025941,7087
7303,10,101,0.025928,7089
7304,6,38,0.025916,7090
7305,19,165,0.025903,7091
7306,13,99,0.025890,7092
7307,11,66,0.025877,7092
7308,9,75,0.025864,7093
7309,12,79,0.025851,7094
7310,14,93,0.025838,7094
7311,1,7,0.025825,7094
7312,10,80,0.025812,7094
7313,11,84,0.025799,7094
7314,6,42,0.025786,7094
7315,9,60,0.025773,7095
7316,17,155,0.025760,7097
7317,8,48,0.025748,7097
7318,10,69,0.025735,7097
7319,12,95,0.025722,7098
7320,1,11,0.025709,7098
7321,16,116,0.025696,7098
7322,4,43,0.025683,7099
7323,8,59,0.025670,7099
7324,4,34,0.025658,7099
7325,16,119,0.025645,7100
7326,8,73,0.025632,7100
7327,9,110,0.025619,7100
7328,11,99,0.025606,7101
7329,14,131,0.025594,7101
7330,6,34,0.025581,7102
7331,13,71,0.025568,7103
7332,9,66,0.025555,7104
7333,13,96,0.025542,7105
7334,11,110,0.025530,7105
7335,11,66,0.025517,7106
7336,18,172,0.025504,7110
7337,4,18,0.025491,7110
7338,10,61,0.025479,7111
7339,13,110,0.025466,7112
7340,18,113,0.025453,7113
7341,7,43,0.025440,7114
7342,13,125,0.025428,7114
7343,11,103,0.025415,7115
7344,9,71,0.025402,7116
7345,5,36,0.025390,7117
7346,15,130,0.025377,7119
7347,11,94,0.025364,7120
7348,11,75,0.025351,7121
7349,8,61,0.025339,7123
7350,17,103,0.025326,7124
7351,17,159,0.025313,7124
7352,8,54,0.025301,7124
7353,1,10,0.025288,7124
7354,13,107,0.025276,7125
7355,3,32,0.025263,7125
7356,14,144,0.025250,7128
7357,6,44,0.025238,7129
7358,12,112,0.025225,7130
7359,14,124,0.025212,7135
7360,19,165,0.025200,7137
7361,12,67,0.025187,7138
7362,1,6,0.025175,7138
7363,10,65,0.025162,7140
7364,3,27,0.025149,7140
7365,17,133,0.025137,7141
7366,11,110,0.025124,7142
7367,19,142,0.025112,7142
7368,13,107,0.025099,7143
7369,9,72,0.025087,7143
7370,9,60,0.025074,7143
7371,0,6,0.025062,7143
7372,16,124,0.025049,7145
7373,13,82,0.025036,7146
7374,12,99,0.025024,7147
7375,12,98,0.025011,7148
7376,9,56,0.024999,7150
7377,13,118,0.024986,7151
7378,10,66,0.024974,7152
7379,12,103,0.024961,7154
7380,14,116,0.024949,7155
7381,1,14,0.024936,7155
7382,10,71,0.024924,7155
7383,11,73,0.024912,7156
7384,16,112,0.024899,7156
7385,9,89,0.024887,7157
7386,14,94,0.024874,7158
7387,1,16,0.024862,7158
7388,7,43,0.024849,7158
7389,17,160,0.024837,7159
7390,23,214,0.024825,7160
7391,14,127,0.024812,7161
7392,12,89,0.024800,7162
7393,8,60,0.024787,7163
7394,6,60,0.024775,7163
7395,16,106,0.024763,7164
7396,8,73,0.024750,7165
7397,9,70,0.024738,7165
7398,14,128,0.024725,7166
7399,10,62,0.024713,7167
7400,20,134,0.024701,7167
7401,12,112,0.024688,7169
7402,4,33,0.024676,7169
7403,16,122,0.024664,7170
7404,9,83,0.024651,7171
7405,10,78,0.024639,7171
7406,9,72,0.024627,7173
7407,6,46,0.024614,7173
7408,11,97,0.024602,7174
7409,15,127,0.024590,7175
7410,1,9,0.024577,7175
7411,11,77,0.024565,7175
7412,4,26,0.024553,7175
7413,13,109,0.024541,7176
7414,18,116,0.024528,7177
7415,10,90,0.024516,7178
7416,4,31,0.024504,7179
7417,11,109,0.024492,7179
7418,15,113,0.024479,7179
7419,13,102,0.024467,7180
7420,10,86,0.024455,7181
7421,17,113,0.024443,7182
7422,4,29,0.024430,7182
7423,16,136,0.024418,7182
7424,12,88,0.024406,7183
7425,21,151,0.024394,7183
7426,6,54,0.024382,7183
7427,14,113,0.024369,7183
7428,8,66,0.024357,7184
7429,7,50,0.024345,7185
7430,18,153,0.024333,7188
7431,10,66,0.024321,7189
7432,19,167,0.024308,7190
7433,12,118,0.024296,7191
7434,5,33,0.024284,7191
7435,10,96,0.024272,7192
7436,1,22,0.024260,7192
7437,12,98,0.024248,7192
7438,4,34,0.024236,7192
7439,7,64,0.024224,7194
7440,14,82,0.024211,7195
7441,4,18,0.024199,7195
7442,18,152,0.024187,7196
7443,7,69,0.024175,7197
7444,13,94,0.024163,7200
7445,5,46,0.024151,7200
7446,12,88,0.024139,7200
7447,4,33,0.024127,7200
7448,12,112,0.024115,7202
7449,11,79,0.024103,7202
7450,11,64,0.024091,7202
7451,13,128,0.024079,7202
7452,13,111,0.024067,7203
7453,9,71,0.024055,7203
7454,11,70,0.024043,7204
7455,12,103,0.024030,7206
7456,6,45,0.024018,7206
7457,10,69,0.024006,7207
7458,9,71,0.023994,7207
7459,15,109,0.023982,7207
7460,7,60,0.023970,7208
7461,18,158,0.023958,7211
7462,12,95,0.023947,7212
7463,7,59,0.023935,7212
7464,9,71,0.023923,7212
7465,4,23,0.023911,7212
7466,8,51,0.023899,7213
7467,9,76,0.023887,7214
7468,17,109,0.023875,7214
7469,4,38,0.023863,7214
7470,15,98,0.023851,7216
7471,5,42,0.023839,7216
7472,4,20,0.023827,7216
7473,8,50,0.023815,7216
7474,12,89,0.023803,7216
7475,1,6,0.023791,7216
7476,14,115,0.023779,7218
7477,5,50,0.023768,7218
7478,13,107,0.023756,7219
7479,9,48,0.023744,7221
7480,7,57,0.023732,7222
7481,5,41,0.023720,7222
7482,14,123,0.023708,7223
7483,14,116,0.023696,7223
7484,13,84,0.023684,7224
7485,12,82,0.023673,7225
7486,10,57,0.023661,7226
7487,9,92,0.023649,7227
7488,2,12,0.023637,7227
7489,14,126,0.023625,7228
7490,16,127,0.023614,7229
7491,7,39,0.023602,7230
7492,15,108,0.023590,7230
7493,7,42,0.023578,7230
7494,12,94,0.023566,7231
7495,12,101,0.023555,7231
7496,17,138,0.023543,7231
7497,0,5,0.023531,7231
7498,15,139,0.023519,7231
7499,9,50,0.023507,7231
7500,12,129,0.023496,7231
7501,9,65,0.023484,7231
7502,8,76,0.023472,7231
7503,11,96,0.023460,7232
7504,15,145,0.023449,7233
7505,13,92,0.023437,7233
7506,12,117,0.023425,7236
7507,16,133,0.023414,7239
7508,19,165,0.023402,7239
7509,6,56,0.023390,7240
7510,11,104,0.023378,7241
7511,4,18,0.023367,7241
7512,3,27,0.023355,7241
7513,11,106,0.023343,7241
7514,10,78,0.023332,7242
7515,14,100,0.023320,7243
7516,10,81,0.023308,7243
7517,10,81,0.023297,7244
7518,11,97,0.023285,7244
7519,13,72,0.023273,7245
7520,12,101,0.023262,7246
7521,18,146,0.023250,7248
7522,8,70,0.023239,7248
7523,8,99,0.023227,7248
7524,16,162,0.023215,7249
7525,5,20,0.023204,7250
7526,13,104,0.023192,7251
7527,16,152,0.023181,7252
7528,19,169,0.023169,7253
7529,16,152,0.023157,7254
7530,4,22,0.023146,7255
7531,6,34,0.023134,7255
7532,4,26,0.023123,7255
7533,12,98,0.023111,7257
7534,14,101,0.023100,7257
7535,20,186,0.023088,7259
7536,16,133,0.023076,7259
7537,5,62,0.023065,7259
7538,7,54,0.023053,7259
7539,11,83,0.023042,7259
7540,10,72,0.023030,7259
7541,5,37,0.023019,7259
7542,12,94,0.023007,7260
7543,9,93,0.022996,7261
7544,16,115,0.022984,7262
7545,15,116,0.022973,7263
7546,16,148,0.022961,7264
7547,4,35,0.022950,7264
7548,5,31,0.022938,7264
7549,8,63,0.022927,7264
7550,12,105,0.022915,7266
7551,16,115,0.022904,7266
7552,7,63,0.022893,7266
7553,13,111,0.022881,7267
7554,11,84,0.022870,7272
7555,6,59,0.022858,7272
7556,7,64,0.022847,7273
7557,11,102,0.022835,7274
7558,11,71,0.022824,7274
7559,10,58,0.022813,7274
7560,8,77,0.022801,7275
7561,16,131,0.022790,7275
7562,10,77,0.022778,7276
7563,18,110,0.022767,7277
7564,3,32,0.022756,7277
7565,10,78,0.022744,7277
7566,8,63,0.022733,7277
7567,9,95,0.022721,7278
7568,9,72,0.022710,7278
7569,15,112,0.022699,7280
7570,10,63,0.022687,7281
7571,6,44,0.022676,7281
7572,6,36,0.022665,7281
7573,8,55,0.022653,7282
7574,10,71,0.022642,7282
7575,17,155,0.022631,7283
7576,17,146,0.022619,7283
7577,9,75,0.022608,7284
7578,11,89,0.022597,7284
7579,4,26,0.022585,7286
7580,10,71,0.022574,7287
7581,4,40,0.022563,7288
7582,8,55,0.022552,7289
7583,19,127,0.022540,7290
7584,14,77,0.022529,7291
7585,10,77,0.022518,7291
7586,11,94,0.022507,7292
7587,14,86,0.022495,7292
7588,18,135,0.022484,7293
7589,13,85,0.022473,7294
7590,10,57,0.022462,7294
7591,15,134,0.022450,7297
7592,4,42,0.022439,7297
7593,8,68,0.022428,7298
7594,9,66,0.022417,7298
7595,12,100,0.022405,7300
7596,6,38,0.022394,7300
7597,10,76,0.022383,7300
7598,5,31,0.022372,7300
7599,8,57,0.022361,7300
7600,2,22,0.022350,7300
7601,6,38,0.022338,7301
7602,14,118,0.022327,7303
7603,12,76,0.022316,7304
7604,6,45,0.022305,7305
7605,24,166,0.022294,7305
7606,9,71,0.022283,7305
7607,17,114,0.022271,7306
7608,14,108,0.022260,7307
7609,9,73,0.022249,7309
7610,15,111,0.022238,7310
7611,14,104,0.022227,7310
7612,17,132,0.022216,7311
7613,1,7,0.022205,7311
7614,8,73,0.022194,7311
7615,3,18,0.022182,7311
7616,7,56,0.022171,7312
7617,13,105,0.022160,7313
7618,8,63,0.022149,7314
7619,23,174,0.022138,7315
7620,8,54,0.022127,7315
7621,10,78,0.022116,7316
7622,6,52,0.022105,7317
7623,14,94,0.022094,7318
7624,6,42,0.022083,7319
7625,17,137,0.022072,7319
7626,24,163,0.022061,7320
7627,20,179,0.022050,7320
7628,4,31,0.022039,7320
7629,11,89,0.022028,7320
7630,21,213,0.022017,7321
7631,17,143,0.022006,7322
7632,6,40,0.021995,7322
7633,18,143,0.021984,7325
7634,11,79,0.021973,7325
7635,19,169,0.021962,7326
7636,2,25,0.021951,7326
7637,17,131,0.021940,7326
7638,8,79,0.021929,7326
7639,9,86,0.021918,7326
7640,11,64,0.021907,7327
7641,17,156,0.021896,7332
7642,5,54,0.021885,7332
7643,11,77,0.021874,7333
7644,10,82,0.021863,7334
7645,7,56,0.021852,7335
7646,20,160,0.021841,7336
7647,19,125,0.021830,7339
7648,2,19,0.021819,7339
7649,2,16,0.021808,7339
7650,16,99,0.021798,7339
7651,15,125,0.021787,7340
7652,7,48,0.021776,7340
7653,5,40,0.021765,7340
7654,9,81,0.021754,7343
7655,16,123,0.021743,7343
7656,9,82,0.021732,7346
7657,7,60,0.021721,7347
7658,15,114,0.021711,7348
7659,19,183,0.021700,7348
7660,11,72,0.021689,7349
7661,7,52,0.021678,7350
7662,6,45,0.021667,7350
7663,16,143,0.021656,7353
7664,6,47,0.021645,7353
7665,13,82,0.021635,7353
7666,12,82,0.021624,7354
7667,9,73,0.021613,7356
7668,11,84,0.021602,7357
7669,17,131,0.021591,7357
7670,15,118,0.021581,7357
7671,13,105,0.021570,7357
7672,14,89,0.021559,7359
7673,10,70,0.021548,7359
7674,10,111,0.021538,7361
7675,10,93,0.021527,7363
7676,10,72,0.021516,7363
7677,9,75,0.021505,7363
7678,13,89,0.021494,7364
7679,20,150,0.021484,7364
7680,9,74,0.021473,7365
7681,11,84,0.021462,7365
7682,19,139,0.021452,7366
7683,15,122,0.021441,7367
7684,9,83,0.021430,7368
7685,17,148,0.021419,7369
7686,11,77,0.021409,7370
7687,13,116,0.021398,7372
7688,16,141,0.021387,7372
7689,11,95,0.021377,7373
7690,14,108,0.021366,7375
7691,14,88,0.021355,7376
7692,11,92,0.021344,7377
7693,13,93,0.021334,7378
7694,16,124,0.021323,7378
7695,9,68,0.021312,7378
7696,15,111,0.021302,7379
7697,8,46,0.021291,7379
7698,11,93,0.021281,7380
7699,15,131,0.021270,7381
7700,12,95,0.021259,7382
7701,24,239,0.021249,7387
7702,11,87,0.021238,7387
7703,2,29,0.021227,7387
7704,13,108,0.021217,7387
7705,11,93,0.021206,7387
7706,8,55,0.021196,7387
7707,5,31,0.021185,7387
7708,14,101,0.021174,7389
7709,6,46,0.021164,7389
7710,11,91,0.021153,7389
7711,7,50,0.021143,7390
7712,18,139,0.021132,7391
7713,16,134,0.021121,7392
7714,12,80,0.021111,7392
7715,11,128,0.021100,7392
7716,9,78,0.021090,7393
7717,9,55,0.021079,7393
7718,17,109,0.021069,7395
7719,19,180,0.021058,7395
7720,10,81,0.021048,7396
7721,6,50,0.021037,7397
7722,15,106,0.021027,7399
7723,8,50,0.021016,7399
7724,4,20,0.021006,7399
7725,3,42,0.020995,7399
7726,3,24,0.020985,7399
7727,22,138,0.020974,7400
7728,5,43,0.020964,7400
7729,13,98,0.020953,7401
7730,16,111,0.020943,7403
7731,12,84,0.020932,7404
7732,5,31,0.020922,7405
7733,15,110,0.020911,7406
7734,6,35,0.020901,7406
7735,2,16,0.020890,7406
7736,10,52,0.020880,7406
7737,7,56,0.020869,7407
7738,6,40,0.020859,7407
7739,11,86,0.020849,7408
7740,13,111,0.020838,7408
7741,14,93,0.020828,7408
7742,9,62,0.020817,7408
7743,15,123,0.020807,7408
7744,6,39,0.020797,7408
7745,11,90,0.020786,7409
7746,1,9,0.020776,7409
7747,8,63,0.020765,7409
7748,17,145,0.020755,7410
7749,16,99,0.020745,7410
7750,13,118,0.020734,7410
7751,6,25,0.020724,7410
7752,9,77,0.020714,7410
7753,4,26,0.020703,7410
7754,11,72,0.020693,7412
7755,22,180,0.020682,7413
7756,16,128,0.020672,7413
7757,14,121,0.020662,7415
7758,16,138,0.020651,7416
7759,7,48,0.020641,7416
7760,13,91,0.020631,7417
7761,10,84,0.020620,7418
7762,9,73,0.020610,7419
7763,9,49,0.020600,7420
7764,10,84,0.020590,7422
7765,11,83,0.020579,7422
7766,15,129,0.020569,7424
7767,6,36,0.020559,7424
7768,19,142,0.020548,7425
7769,7,67,0.020538,7425
7770,8,64,0.020528,7425
7771,12,73,0.020518,7426
7772,15,97,0.020507,7428
7773,16,148,0.020497,7429
7774,17,112,0.020487,7430
7775,5,42,0.020477,7430
7776,22,203,0.020466,7432
7777,5,34,0.020456,7432
7778,19,168,0.020446,7433
7779,10,86,0.020436,7435
7780,14,89,0.020425,7436
7781,10,84,0.020415,7437
7782,10,61,0.020405,7438
7783,15,118,0.020395,7438
7784,5,33,0.020385,7438
7785,11,82,0.020374,7439
7786,13,96,0.020364,7440
7787,4,28,0.020354,7440
7788,13,107,0.020344,7442
7789,14,92,0.020334,7443
7790,7,40,0.020324,7443
7791,13,107,0.020313,7444
7792,10,91,0.020303,7445
7793,21,166,0.020293,7445
7794,12,80,0.020283,7445
7795,12,97,0.020273,7446
7796,8,69,0.020263,7447
7797,13,82,0.020253,7447
7798,6,51,0.020242,7447
7799,17,193,0.020232,7447
7800,15,91,0.020222,7447
7801,10,87,0.020212,7448
7802,15,135,0.020202,7448
7803,19,135,0.020192,7449
7804,8,47,0.020182,7450
7805,18,142,0.020172,7452
7806,8,60,0.020162,7452
7807,6,50,0.020152,7453
7808,11,93,0.020141,7453
7809,12,101,0.020131,7454
7810,1,7,0.020121,7454
7811,5,28,0.020111,7455
7812,15,123,0.020101,7456
7813,12,80,0.020091,7456
7814,9,74,0.020081,7457
7815,11,81,0.020071,7457
7816,9,59,0.020061,7457
7817,11,81,0.020051,7458
7818,25,197,0.020041,7461
7819,14,94,0.020031,7462
7820,13,98,0.020021,7463
7821,11,94,0.020011,7464
7822,13,126,0.020001,7464
7823,10,78,0.019991,7464
7824,2,8,0.019981,7464
7825,17,159,0.019971,7465
7826,12,104,0.019961,7465
7827,11,76,0.019951,7465
7828,10,86,0.019941,7465
7829,14,129,0.019931,7465
7830,18,145,0.019921,7465
7831,4,24,0.019911,7465
7832,10,86,0.019901,7466
7833,9,89,0.019891,7466
7834,10,54,0.019881,7467
7835,4,29,0.019871,7468
7836,8,37,0.019861,7469
7837,18,151,0.019851,7470
7838,19,153,0.019841,7470
7839,9,68,0.019832,7471
7840,12,98,0.019822,7472
7841,16,141,0.019812,7473
7842,9,88,0.019802,7474
7843,14,106,0.019792,7475
7844,12,97,0.019782,7475
7845,8,66,0.019772,7476
7846,8,78,0.019762,7477
7847,14,86,0.019752,7477
7848,10,86,0.019743,7478
7849,11,72,0.019733,7479
7850,21,161,0.019723,7481
7851,3,23,0.019713,7481
7852,17,132,0.019703,7483
7853,12,86,0.019693,7484
7854,12,85,0.019683,7484
7855,12,98,0.019674,7485
7856,18,115,0.019664,7486
7857,14,102,0.019654,7487
7858,14,109,0.019644,7487
7859,13,91,0.019634,7488
7860,10,53,0.019624,7490
7861,8,67,0.019615,7490
7862,7,42,0.019605,7490
7863,12,100,0.019595,7491
7864,10,57,0.019585,7491
7865,15,95,0.019575,7492
7866,13,120,0.019566,7493
7867,17,110,0.019556,7494
7868,8,65,0.019546,7495
7869,17,154,0.019536,7496
7870,15,109,0.019526,7496
7871,9,79,0.019517,7496
7872,16,98,0.019507,7497
7873,16,111,0.019497,7498
7874,5,36,0.019487,7499
7875,11,75,0.019478,7500
7876,9,64,0.019468,7500
7877,10,76,0.019458,7502
7878,10,64,0.019449,7503
7879,6,39,0.019439,7505
7880,12,97,0.019429,7506
7881,9,62,0.019419,7506
7882,3,19,0.019410,7506
7883,19,141,0.019400,7507
7884,2,17,0.019390,7507
7885,12,85,0.019381,7508
7886,14,85,0.019371,7509
7887,12,100,0.019361,7512
7888,6,37,0.019351,7513
7889,14,103,0.019342,7515
7890,14,104,0.019332,7516
7891,15,119,0.019322,7517
7892,16,106,0.019313,7518
7893,18,134,0.019303,7519
7894,10,75,0.019293,7520
7895,9,68,0.019284,7520
7896,24,180,0.019274,7520
7897,15,131,0.019265,7520
7898,11,96,0.019255,7521
7899,15,101,0.019245,7522
7900,14,116,0.019236,7523
7901,8,79,0.019226,7523
7902,12,84,0.019216,7523
7903,14,116,0.019207,7524
7904,9,85,0.019197,7524
7905,11,92,0.019188,7525
7906,13,105,0.019178,7525
7907,4,26,0.019168,7526
7908,13,83,0.019159,7527
7909,15,132,0.019149,7527
7910,9,74,0.019140,7527
7911,1,6,0.019130,7527
7912,16,118,0.019121,7527
7913,11,110,0.019111,7528
7914,15,129,0.019101,7529
7915,7,64,0.019092,7529
7916,16,124,0.019082,7529
7917,9,51,0.019073,7530
7918,16,125,0.019063,7531
7919,9,57,0.019054,7531
7920,18,142,0.019044,7532
7921,9,84,0.019035,7532
7922,17,142,0.019025,7533
7923,4,29,0.019016,7533
7924,3,20,0.019006,7533
7925,4,36,0.018997,7534
7926,15,113,0.018987,7535
7927,9,71,0.018978,7535
7928,3,33,0.018968,7535
7929,15,138,0.018959,7535
7930,10,60,0.018949,7536
7931,11,87,0.018940,7537
7932,9,62,0.018930,7538
7933,12,101,0.018921,7538
7934,14,109,0.018911,7539
7935,3,29,0.018902,7539
7936,21,176,0.018892,7540
7937,7,64,0.018883,7541
7938,13,95,0.018874,7544
7939,7,69,0.018864,7545
7940,14,106,0.018855,7545
7941,13,125,0.018845,7545
7942,11,74,0.018836,7546
7943,8,68,0.018826,7546
7944,22,189,0.018817,7548
7945,1,6,0.018808,7548
7946,16,126,0.018798,7548
7947,10,76,0.018789,7549
7948,7,50,0.018779,7550
7949,17,104,0.018770,7552
7950,8,77,0.018761,7552
7951,19,175,0.018751,7552
7952,11,84,0.018742,7552
7953,13,109,0.018733,7553
7954,10,72,0.018723,7553
7955,17,148,0.018714,7554
7956,6,41,0.018704,7554
7957,20,168,0.018695,7556
7958,10,97,0.018686,7556
7959,14,111,0.018676,7558
7960,2,16,0.018667,7558
7961,11,76,0.018658,7559
7962,8,65,0.018648,7562
7963,7,31,0.018639,7563
7964,11,103,0.018630,7563
7965,6,34,0.018620,7564
7966,8,57,0.018611,7564
7967,11,87,0.018602,7564
7968,13,91,0.018593,7565
7969,18,134,0.018583,7567
7970,17,151,0.018574,7568
7971,9,44,0.018565,7569
7972,14,108,0.018555,7569
7973,10,88,0.018546,7569
7974,6,37,0.018537,7569
7975,21,162,0.018528,7572
7976,10,78,0.018518,7572
7977,14,140,0.018509,7576
7978,12,102,0.018500,7578
7979,14,104,0.018491,7579
7980,10,86,0.018481,7579
7981,16,145,0.018472,7580
7982,1,19,0.018463,7580
7983,23,188,0.018454,7581
7984,15,107,0.018444,7582
7985,6,35,0.018435,7582
7986,13,94,0.018426,7582
7987,8,50,0.018417,7583
7988,11,84,0.018407,7583
7989,6,55,0.018398,7584
7990,18,140,0.018389,7586
7991,2,31,0.018380,7586
7992,14,113,0.018371,7586
7993,11,112,0.018361,7587
7994,7,55,0.018352,7587
7995,18,155,0.018343,7588
7996,5,33,0.018334,7589
7997,10,81,0.018325,7591
7998,19,188,0.018316,7593
7999,5,61,0.018306,7595
8000,5,43,0.018297,7595
8001,6,45,0.018288,7596
8002,8,57,0.018279,7598
8003,14,93,0.018270,7599
8004,8,60,0.018261,7599
8005,15,100,0.018252,7600
8006,5,44,0.018243,7600
8007,9,71,0.018233,7601
8008,10,87,0.018224,7602
8009,17,155,0.018215,7603
8010,15,113,0.018206,7604
8011,14,104,0.018197,7605
8012,14,116,0.018188,7605
8013,13,103,0.018179,7606
8014,13,92,0.018170,7607
8015,23,169,0.018161,7608
8016,18,143,0.018151,7609
8017,6,49,0.018142,7610
8018,14,109,0.018133,7611
8019,13,103,0.018124,7612
8020,16,109,0.018115,7612
8021,17,116,0.018106,7613
8022,11,88,0.018097,7614
8023,13,100,0.018088,7614
8024,5,22,0.018079,7615
8025,9,81,0.018070,7615
8026,8,72,0.018061,7615
8027,10,90,0.018052,7615
8028,17,110,0.018043,7615
8029,9,48,0.018034,7616
8030,7,63,0.018025,7616
8031,15,105,0.018016,7617
8032,20,148,0.018007,7618
8033,6,61,0.017998,7618
8034,16,136,0.017989,7618
8035,15,128,0.017980,7618
8036,13,91,0.017971,7618
8037,10,79,0.017962,7619
8038,5,39,0.017953,7619
8039,2,21,0.017944,7619
8040,9,70,0.017935,7620
8041,8,69,0.017926,7620
8042,15,114,0.017917,7621
8043,12,112,0.017908,7622
8044,12,111,0.017899,7622
8045,18,139,0.017890,7626
8046,12,71,0.017881,7626
8047,9,54,0.017872,7627
8048,8,64,0.017863,7628
8049,20,152,0.017854,7632
8050,15,114,0.017845,7632
8051,13,105,0.017837,7632
8052,15,114,0.017828,7633
8053,19,160,0.017819,7634
8054,20,149,0.017810,7635
8055,6,48,0.017801,7636
8056,13,113,0.017792,7636
8057,10,71,0.017783,7636
8058,8,69,0.017774,7636
8059,17,121,0.017765,7636
8060,3,31,0.017756,7636
8061,7,63,0.017748,7636
8062,17,163,0.017739,7637
8063,10,82,0.017730,7637
8064,7,62,0.017721,7638
8065,14,107,0.017712,7639
8066,8,68,0.017703,7639
8067,12,91,0.017694,7639
8068,10,69,0.017686,7639
8069,10,100,0.017677,7640
8070,11,89,0.017668,7642
8071,13,101,0.017659,7644
8072,5,36,0.017650,7645
8073,8,65,0.017641,7646
8074,7,54,0.017633,7646
8075,10,75,0.017624,7646
8076,11,72,0.017615,7647
8077,9,68,0.017606,7648
8078,19,182,0.017597,7649
8079,14,88,0.017588,7650
8080,13,86,0.017580,7650
8081,10,75,0.017571,7650
8082,4,45,0.017562,7651
8083,19,137,0.017553,7652
8084,5,45,0.017545,7652
8085,20,181,0.017536,7653
8086,12,85,0.017527,7654
8087,9,66,0.017518,7654
8088,9,61,0.017510,7654
8089,9,79,0.017501,7655
8090,12,83,0.017492,7656
8091,13,96,0.017483,7657
8092,14,126,0.017475,7658
8093,7,40,0.017466,7658
8094,7,55,0.017457,7659
8095,11,80,0.017448,7659
8096,11,106,0.017440,7659
8097,15,125,0.017431,7662
8098,13,114,0.017422,7663
8099,6,36,0.017413,7664
8100,10,67,0.017405,7664
8101,9,79,0.017396,7664
8102,12,100,0.017387,7664
8103,21,144,0.017379,7664
8104,15,126,0.017370,7664
8105,9,67,0.017361,7664
8106,8,59,0.017353,7664
8107,17,116,0.017344,7665
8108,13,90,0.017335,7666
8109,14,132,0.017327,7667
8110,7,43,0.017318,7667
8111,9,86,0.017309,7667
8112,13,99,0.017301,7667
8113,18,173,0.017292,7667
8114,7,47,0.017283,7667
8115,20,171,0.017275,7669
8116,8,51,0.017266,7669
8117,5,46,0.017257,7669
8118,18,139,0.017249,7670
8119,17,153,0.017240,7670
8120,6,37,0.017232,7670
8121,19,151,0.017223,7671
8122,14,95,0.017214,7672
8123,14,122,0.017206,7674
8124,11,76,0.017197,7675
8125,17,159,0.017188,7675
8126,12,68,0.017180,7675
8127,22,181,0.017171,7677
8128,18,162,0.017163,7677
8129,13,122,0.017154,7678
8130,14,109,0.017146,7678
8131,12,89,0.017137,7678
8132,13,125,0.017128,7679
8133,16,127,0.017120,7681
8134,15,102,0.017111,7683
8135,18,141,0.017103,7683
8136,3,26,0.017094,7683
8137,7,56,0.017086,7684
8138,15,82,0.017077,7685
8139,4,32,0.017069,7685
8140,16,151,0.017060,7685
8141,8,53,0.017051,7685
8142,16,144,0.017043,7686
8143,10,84,0.017034,7686
8144,14,96,0.017026,7686
8145,9,71,0.017017,7687
8146,10,82,0.017009,7688
8147,14,152,0.017000,7688
8148,10,77,0.016992,7688
8149,9,49,0.016983,7688
8150,16,137,0.016975,7688
8151,19,189,0.016966,7689
8152,11,110,0.016958,7689
8153,14,90,0.016949,7690
8154,21,169,0.016941,7691
8155,1,8,0.016933,7691
8156,11,93,0.016924,7692
8157,14,109,0.016916,7693
8158,12,99,0.016907,7693
8159,14,121,0.016899,7693
8160,18,150,0.016890,7693
8161,9,75,0.016882,7693
8162,6,37,0.016873,7693
8163,9,67,0.016865,7693
8164,15,116,0.016856,7693
8165,4,24,0.016848,7693
8166,7,51,0.016840,7693
8167,15,144,0.016831,7693
8168,8,56,0.016823,7693
8169,19,171,0.016814,7694
8170,11,82,0.016806,7694
8171,8,51,0.016798,7694
8172,6,51,0.016789,7694
8173,14,110,0.016781,7694
8174,8,60,0.016772,7695
8175,15,111,0.016764,7695
8176,10,89,0.016756,7696
8177,18,133,0.016747,7698
8178,9,73,0.016739,7699
8179,16,114,0.016730,7700
8180,8,72,0.016722,7700
8181,7,50,0.016714,7700
8182,4,30,0.016705,7701
8183,15,123,0.016697,7701
8184,9,78,0.016689,7702
8185,7,41,0.016680,7702
8186,1,14,0.016672,7703
8187,22,131,0.016664,7704
8188,15,103,0.016655,7705
8189,13,89,0.016647,7706
8190,12,98,0.016639,7707
8191,15,144,0.016630,7707
8192,13,112,0.016622,7708
8193,18,141,0.016614,7709
8194,22,189,0.016605,7712
8195,8,67,0.016597,7713
8196,19,141,0.016589,7715
8197,15,118,0.016581,7716
8198,10,79,0.016572,7717
8199,15,122,0.016564,7717
8200,8,56,0.016556,7718
8201,7,56,0.016547,7718
8202,13,88,0.016539,7718
8203,6,56,0.016531,7719
8204,9,61,0.016523,7720
8205,12,95,0.016514,7722
8206,20,181,0.016506,7722
8207,10,108,0.016498,7723
8208,0,5,0.016490,7723
8209,11,100,0.016481,7725
8210,7,52,0.016473,7725
8211,16,151,0.016465,7725
8212,8,60,0.016457,7726
8213,17,119,0.016448,7726
8214,8,52,0.016440,7727
8215,9,71,0.016432,7727
8216,11,81,0.016424,7728
8217,11,86,0.016416,7730
8218,9,63,0.016407,7730
8219,18,160,0.016399,7730
8220,9,73,0.016391,7731
8221,15,112,0.016383,7731
8222,16,115,0.016375,7732
8223,8,45,0.016366,7732
8224,17,121,0.016358,7733
8225,13,91,0.016350,7733
8226,11,78,0.016342,7733
8227,21,168,0.016334,7737
8228,11,87,0.016325,7737
8229,7,59,0.016317,7737
8230,5,45,0.016309,7737
8231,13,122,0.016301,7740
8232,17,137,0.016293,7743
8233,3,34,0.016285,7743
8234,9,61,0.016277,7743
8235,3,26,0.016268,7743
8236,12,74,0.016260,7744
8237,7,48,0.016252,7745
8238,18,96,0.016244,7746
8239,3,21,0.016236,7746
8240,12,81,0.016228,7746
8241,14,102,0.016220,7746
8242,12,77,0.016212,7747
8243,13,77,0.016203,7748
8244,22,168,0.016195,7750
8245,16,164,0.016187,7750
8246,17,183,0.016179,7752
8247,10,59,0.016171,7753
8248,16,115,0.016163,7753
8249,14,105,0.016155,7753
8250,9,69,0.016147,7753
8251,7,43,0.016139,7754
8252,12,78,0.016131,7755
8253,7,39,0.016123,7756
8254,8,60,0.016115,7756
8255,11,71,0.016107,7757
8256,12,68,0.016098,7757
8257,8,73,0.016090,7757
8258,13,98,0.016082,7759
8259,12,73,0.016074,7760
8260,12,101,0.016066,7762
8261,11,96,0.016058,7764
8262,8,62,0.016050,7764
8263,17,125,0.016042,7765
8264,8,67,0.016034,7765
8265,19,147,0.016026,7766
8266,9,58,0.016018,7766
8267,6,47,0.016010,7766
8268,12,107,0.016002,7767
8269,15,127,0.015994,7768
8270,19,127,0.015986,7770
8271,11,65,0.015978,7771
8272,24,216,0.015970,7773
8273,13,111,0.015962,7775
8274,12,103,0.015954,7776
8275,11,96,0.015946,7776
8276,22,194,0.015938,7777
8277,20,147,0.015930,7777
8278,11,99,0.015922,7778
8279,17,102,0.015914,7779
8280,8,61,0.015906,7779
8281,16,142,0.015898,7780
8282,14,113,0.015890,7780
8283,19,140,0.015883,7781
8284,9,84,0.015875,7782
8285,9,66,0.015867,7783
8286,6,44,0.015859,7783
8287,5,38,0.015851,7783
8288,9,80,0.015843,7783
8289,18,145,0.015835,7784
8290,14,117,0.015827,7785
8291,22,181,0.015819,7786
8292,20,161,0.015811,7786
8293,15,135,0.015803,7787
8294,6,26,0.015795,7787
8295,6,35,0.015787,7787
8296,9,69,0.015780,7788
8297,9,55,0.015772,7789
8298,9,74,0.015764,7789
8299,4,39,0.015756,7789
8300,13,106,0.015748,7790
8301,8,68,0.015740,7790
8302,7,56,0.015732,7791
8303,9,82,0.015724,7791
8304,8,63,0.015717,7792
8305,12,94,0.015709,7794
8306,10,64,0.015701,7794
8307,17,126,0.015693,7795
8308,21,177,0.015685,7796
8309,1,9,0.015677,7796
8310,9,65,0.015670,7797
8311,9,104,0.015662,7798
8312,9,78,0.015654,7798
8313,12,107,0.015646,7799
8314,7,60,0.015638,7799
8315,13,96,0.015630,7801
8316,20,144,0.015623,7802
8317,15,96,0.015615,7802
8318,17,133,0.015607,7802
8319,19,175,0.015599,7803
8320,16,141,0.015591,7804
8321,25,204,0.015584,7805
8322,6,45,0.015576,7806
8323,15,113,0.015568,7806
8324,4,25,0.015560,7806
8325,7,43,0.015552,7807
8326,10,67,0.015545,7807
8327,16,147,0.015537,7808
8328,9,86,0.015529,7808
8329,13,81,0.015521,7808
8330,19,130,0.015514,7809
8331,11,66,0.015506,7809
8332,13,79,0.015498,7810
8333,7,52,0.015490,7810
8334,8,46,0.015483,7811
8335,5,29,0.015475,7811
8336,6,50,0.015467,7811
8337,14,125,0.015459,7812
8338,6,24,0.015452,7813
8339,6,35,0.015444,7813
8340,15,128,0.015436,7814
8341,23,197,0.015428,7816
8342,23,142,0.015421,7816
8343,2,18,0.015413,7816
8344,7,54,0.015405,7816
8345,12,93,0.015398,7817
8346,18,114,0.015390,7817
8347,17,153,0.015382,7818
8348,7,46,0.015375,7819
8349,14,98,0.015367,7821
8350,5,36,0.015359,7821
8351,6,37,0.015351,7821
8352,4,27,0.015344,7822
8353,12,94,0.015336,7823
8354,12,78,0.015328,7824
8355,19,168,0.015321,7827
8356,18,143,0.015313,7827
8357,9,80,0.015305,7828
8358,11,68,0.015298,7829
8359,6,29,0.015290,7830
8360,19,148,0.015283,7831
8361,16,130,0.015275,7831
8362,6,56,0.015267,7832
8363,6,56,0.015260,7832
8364,17,135,0.015252,7833
8365,10,75,0.015244,7833
8366,13,110,0.015237,7834
8367,19,158,0.015229,7835
8368,6,30,0.015222,7835
8369,14,148,0.015214,7836
8370,19,175,0.015206,7837
8371,12,94,0.015199,7837
8372,21,137,0.015191,7837
8373,11,72,0.015183,7838
8374,21,156,0.015176,7839
8375,11,62,0.015168,7840
8376,14,130,0.015161,7842
8377,16,100,0.015153,7843
8378,8,72,0.015146,7843
8379,11,111,0.015138,7843
8380,15,151,0.015130,7843
8381,14,117,0.015123,7845
8382,11,78,0.015115,7847
8383,9,61,0.015108,7848
8384,4,36,0.015100,7849
8385,9,76,0.015093,7849
8386,9,62,0.015085,7850
8387,3,24,0.015078,7850
8388,6,56,0.015070,7851
8389,4,21,0.015062,7852
8390,17,130,0.015055,7852
8391,9,61,0.015047,7853
8392,12,77,0.015040,7854
8393,17,140,0.015032,7855
8394,13,87,0.015025,7857
8395,6,40,0.015017,7857
8396,11,83,0.015010,7858
8397,5,41,0.015002,7858
8398,15,121,0.014995,7858
8399,11,85,0.014987,7860
8400,14,131,0.014980,7862
8401,20,146,0.014972,7862
8402,8,57,0.014965,7863
8403,16,128,0.014957,7863
8404,10,68,0.014950,7864
8405,14,108,0.014942,7866
8406,5,49,0.014935,7866
8407,16,148,0.014927,7867
8408,14,146,0.014920,7867
8409,20,168,0.014913,7868
8410,14,121,0.014905,7868
8411,9,77,0.014898,7869
8412,18,128,0.014890,7870
8413,22,171,0.014883,7870
8414,14,111,0.014875,7871
8415,15,137,0.014868,7872
8416,13,105,0.014860,7873
8417,16,120,0.014853,7873
8418,12,56,0.014846,7874
8419,12,65,0.014838,7875
8420,6,60,0.014831,7875
8421,7,49,0.014823,7875
8422,10,75,0.014816,7875
8423,17,157,0.014809,7876
8424,24,208,0.014801,7877
8425,7,56,0.014794,7879
8426,17,142,0.014786,7879
8427,10,71,0.014779,7880
8428,13,102,0.014772,7880
8429,19,130,0.014764,7880
8430,2,25,0.014757,7880
8431,13,84,0.014749,7882
8432,19,212,0.014742,7883
8433,8,45,0.014735,7883
8434,16,150,0.014727,7884
8435,13,91,0.014720,7885
8436,9,58,0.014713,7886
8437,6,41,0.014705,7887
8438,6,34,0.014698,7888
8439,14,100,0.014690,7890
8440,9,78,0.014683,7891
8441,16,155,0.014676,7892
8442,16,124,0.014668,7893
8443,9,53,0.014661,7894
8444,7,68,0.014654,7895
8445,10,58,0.014646,7895
8446,16,144,0.014639,7896
8447,15,124,0.014632,7897
8448,15,116,0.014625,7898
8449,11,88,0.014617,7899
8450,13,106,0.014610,7899
8451,13,101,0.014603,7901
8452,19,148,0.014595,7902
8453,15,119,0.014588,7902
8454,26,217,0.014581,7904
8455,14,96,0.014573,7905
8456,20,147,0.014566,7907
8457,18,133,0.014559,7907
8458,18,153,0.014552,7908
8459,4,36,0.014544,7908
8460,11,82,0.014537,7909
8461,14,115,0.014530,7912
8462,17,141,0.014522,7912
8463,15,100,0.014515,7913
8464,10,93,0.014508,7914
8465,12,92,0.014501,7914
8466,17,174,0.014493,7915
8467,8,53,0.014486,7916
8468,3,17,0.014479,7916
8469,19,147,0.014472,7916
8470,10,81,0.014464,7917
8471,16,161,0.014457,7918
8472,7,56,0.014450,7918
8473,18,144,0.014443,7919
8474,16,113,0.014436,7919
8475,17,152,0.014428,7919
8476,7,41,0.014421,7919
8477,3,27,0.014414,7919
8478,9,56,0.014407,7920
8479,17,133,0.014400,7921
8480,8,57,0.014392,7922
8481,11,104,0.014385,7924
8482,11,72,0.014378,7924
8483,20,181,0.014371,7924
8484,14,119,0.014364,7925
8485,15,132,0.014356,7926
8486,13,85,0.014349,7926
8487,11,68,0.014342,7927
8488,15,133,0.014335,7928
8489,7,52,0.014328,7930
8490,8,55,0.014321,7931
8491,12,95,0.014313,7932
8492,14,118,0.014306,7932
8493,7,45,0.014299,7932
8494,15,112,0.014292,7933
8495,17,132,0.014285,7934
8496,11,77,0.014278,7934
8497,15,144,0.014270,7936
8498,23,178,0.014263,7936
8499,10,97,0.014256,7938
8500,24,208,0.014249,7943
8501,13,116,0.014242,7943
8502,13,101,0.014235,7944
8503,13,139,0.014228,7944
8504,17,127,0.014221,7946
8505,20,145,0.014213,7948
8506,15,148,0.014206,7949
8507,15,115,0.014199,7950
8508,15,141,0.014192,7950
8509,10,78,0.014185,7951
8510,19,150,0.014178,7952
8511,7,46,0.014171,7952
8512,21,173,0.014164,7954
8513,13,90,0.014157,7955
8514,12,81,0.014150,7955
8515,15,90,0.014143,7955
8516,15,111,0.014136,7956
8517,23,187,0.014128,7958
8518,9,78,0.014121,7958
8519,14,89,0.014114,7959
8520,14,98,0.014107,7959
8521,10,76,0.014100,7959
8522,10,97,0.014093,7960
8523,12,111,0.014086,7961
8524,23,159,0.014079,7962
8525,6,51,0.014072,7963
8526,17,105,0.014065,7963
8527,17,142,0.014058,7964
8528,8,68,0.014051,7964
8529,19,157,0.014044,7964
8530,13,106,0.014037,7965
8531,12,101,0.014030,7965
8532,1,16,0.014023,7965
8533,12,75,0.014016,7966
8534,11,97,0.014009,7966
8535,17,119,0.014002,7966
8536,29,258,0.013995,7968
8537,8,66,0.013988,7968
8538,14,110,0.013981,7969
8539,4,35,0.013974,7969
8540,13,117,0.013967,7969
8541,14,124,0.013960,7969
8542,19,162,0.013953,7970
8543,20,196,0.013946,7973
8544,21,154,0.013939,7973
8545,11,98,0.013932,7975
8546,18,148,0.013925,7976
8547,14,108,0.013918,7977
8548,16,130,0.013911,7977
8549,10,85,0.013904,7978
8550,8,68,0.013897,7979
8551,6,45,0.013890,7979
8552,11,78,0.013883,7979
8553,9,85,0.013876,7979
8554,20,173,0.013869,7979
8555,16,131,0.013862,7980
8556,10,84,0.013856,7980
8557,12,74,0.013849,7981
8558,8,63,0.013842,7982
8559,16,132,0.013835,7982
8560,17,134,0.013828,7982
8561,7,44,0.013821,7983
8562,21,168,0.013814,7983
8563,8,78,0.013807,7984
8564,5,22,0.013800,7985
8565,9,57,0.013793,7985
8566,10,71,0.013786,7986
8567,14,95,0.013780,7987
8568,17,133,0.013773,7988
8569,9,65,0.013766,7988
8570,18,146,0.013759,7989
8571,8,57,0.013752,7989
8572,9,78,0.013745,7989
8573,6,39,0.013738,7989
8574,7,52,0.013731,7989
8575,6,39,0.013725,7989
8576,9,72,0.013718,7989
8577,9,83,0.013711,7989
8578,15,113,0.013704,7991
8579,14,128,0.013697,7992
8580,17,124,0.013690,7992
8581,4,30,0.013683,7993
8582,11,60,0.013677,7993
8583,13,110,0.013670,7993
8584,7,76,0.013663,7993
8585,11,92,0.013656,7993
8586,10,92,0.013649,7993
8587,14,104,0.013642,7993
8588,6,60,0.013636,7994
8589,9,81,0.013629,7996
8590,20,164,0.013622,7998
8591,14,124,0.013615,7999
8592,6,43,0.013608,7999
8593,18,133,0.013602,7999
8594,14,109,0.013595,7999
8595,7,47,0.013588,8000
8596,5,45,0.013581,8000
8597,15,135,0.013574,8000
8598,9,62,0.013568,8000
8599,16,146,0.013561,8002
8600,17,151,0.013554,8003
8601,10,74,0.013547,8003
8602,6,65,0.013540,8003
8603,20,146,0.013534,8003
8604,11,75,0.013527,8003
8605,7,50,0.013520,8004
8606,17,129,0.013513,8004
8607,17,149,0.013507,8006
8608,15,97,0.013500,8008
8609,14,115,0.013493,8009
8610,17,127,0.013486,8010
8611,4,41,0.013480,8010
8612,7,64,0.013473,8010
8613,7,41,0.013466,8010
8614,16,131,0.013459,8011
8615,4,31,0.013453,8011
8616,12,107,0.013446,8012
8617,11,79,0.013439,8012
8618,7,57,0.013433,8012
8619,19,157,0.013426,8014
8620,11,71,0.013419,8015
8621,8,41,0.013412,8015
8622,15,130,0.013406,8016
8623,6,55,0.013399,8016
8624,11,90,0.013392,8016
8625,6,25,0.013386,8017
8626,11,81,0.013379,8017
8627,8,61,0.013372,8017
8628,7,44,0.013365,8017
8629,15,122,0.013359,8019
8630,6,68,0.013352,8019
8631,8,74,0.013345,8021
8632,15,135,0.013339,8022
8633,8,50,0.013332,8023
8634,5,38,0.013325,8023
8635,10,72,0.013319,8024
8636,6,52,0.013312,8025
8637,11,67,0.013305,8025
8638,8,51,0.013299,8025
8639,13,108,0.013292,8025
8640,14,146,0.013286,8026
8641,16,143,0.013279,8026
8642,3,18,0.013272,8026
8643,9,64,0.013266,8026
8644,17,120,0.013259,8027
8645,14,114,0.013252,8027
8646,6,40,0.013246,8027
8647,8,71,0.013239,8027
8648,13,114,0.013232,8029
8649,6,45,0.013226,8029
8650,10,79,0.013219,8030
8651,10,66,0.013213,8031
8652,16,157,0.013206,8031
8653,6,36,0.013199,8031
8654,15,156,0.013193,8031
8655,10,79,0.013186,8032
8656,18,145,0.013180,8032
8657,16,148,0.013173,8032
8658,20,162,0.013166,8032
8659,17,144,0.013160,8032
8660,6,47,0.013153,8032
8661,20,168,0.013147,8033
8662,17,131,0.013140,8034
8663,16,135,0.013134,8037
8664,12,108,0.013127,8038
8665,14,123,0.013120,8040
8666,10,79,0.013114,8040
8667,11,92,0.013107,8041
8668,18,145,0.013101,8041
8669,17,132,0.013094,8041
8670,6,64,0.013088,8041
8671,17,154,0.013081,8042
8672,7,56,0.013075,8042
8673,14,136,0.013068,8043
8674,16,132,0.013062,8043
8675,11,78,0.013055,8043
8676,10,59,0.013048,8045
8677,7,45,0.013042,8046
8678,11,86,0.013035,8047
8679,11,100,0.013029,8048
8680,18,151,0.013022,8048
8681,15,114,0.013016,8050
8682,16,149,0.013009,8051
8683,10,74,0.013003,8051
8684,22,196,0.012996,8052
8685,14,112,0.012990,8052
8686,6,51,0.012983,8052
8687,6,53,0.012977,8052
8688,13,103,0.012970,8053
8689,14,85,0.012964,8054
8690,10,72,0.012957,8055
8691,13,104,0.012951,8055
8692,14,100,0.012944,8055
8693,20,168,0.012938,8055
8694,14,105,0.012932,8056
8695,10,71,0.012925,8057
8696,22,170,0.012919,8058
8697,15,143,0.012912,8060
8698,17,126,0.012906,8060
8699,19,144,0.012899,8061
8700,8,58,0.012893,8062
8701,11,108,0.012886,8064
8702,10,79,0.012880,8065
8703,7,65,0.012873,8065
8704,13,77,0.012867,8067
8705,10,72,0.012861,8067
8706,4,38,0.012854,8067
8707,22,178,0.012848,8068
8708,14,114,0.012841,8068
8709,14,129,0.012835,8069
8710,13,103,0.012828,8070
8711,11,79,0.012822,8070
8712,9,97,0.012816,8070
8713,15,109,0.012809,8072
8714,11,61,0.012803,8072
8715,4,26,0.012796,8072
8716,4,27,0.012790,8072
8717,18,130,0.012784,8073
8718,13,80,0.012777,8074
8719,13,117,0.012771,8075
8720,21,184,0.012764,8075
8721,2,16,0.012758,8075
8722,19,158,0.012752,8075
8723,13,117,0.012745,8075
8724,10,74,0.012739,8076
8725,13,80,0.012733,8077
8726,19,155,0.012726,8077
8727,11,96,0.012720,8078
8728,11,94,0.012713,8080
8729,14,104,0.012707,8081
8730,26,211,0.012701,8082
8731,11,91,0.012694,8082
8732,12,125,0.012688,8082
8733,18,134,0.012682,8083
8734,3,23,0.012675,8083
8735,10,80,0.012669,8083
8736,12,99,0.012663,8083
8737,16,143,0.012656,8084
8738,14,92,0.012650,8085
8739,11,96,0.012644,8086
8740,12,99,0.012637,8087
8741,11,76,0.012631,8089
8742,18,140,0.012625,8090
8743,14,73,0.012618,8090
8744,22,168,0.012612,8093
8745,8,46,0.012606,8094
8746,20,185,0.012600,8094
8747,5,57,0.012593,8094
8748,15,128,0.012587,8094
8749,10,87,0.012581,8094
8750,13,110,0.012574,8094
8751,9,69,0.012568,8095
8752,10,91,0.012562,8095
8753,16,133,0.012556,8095
8754,10,95,0.012549,8095
8755,20,146,0.012543,8098
8756,16,153,0.012537,8098
8757,7,52,0.012530,8098
8758,13,96,0.012524,8100
8759,16,147,0.012518,8101
8760,10,99,0.012512,8102
8761,11,70,0.012505,8103
8762,0,5,0.012499,8103
8763,8,63,0.012493,8105
8764,12,93,0.012487,8106
8765,14,118,0.012480,8109
8766,24,216,0.012474,8110
8767,17,112,0.012468,8114
8768,13,115,0.012462,8116
8769,14,113,0.012455,8118
8770,14,102,0.012449,8121
8771,14,133,0.012443,8121
8772,8,50,0.012437,8122
8773,11,74,0.012431,8122
8774,6,45,0.012424,8122
8775,9,67,0.012418,8123
8776,4,41,0.012412,8124
8777,13,98,0.012406,8125
8778,10,114,0.012400,8125
8779,22,208,0.012393,8126
8780,17,111,0.012387,8127
8781,20,164,0.012381,8129
8782,6,44,0.012375,8130
8783,17,118,0.012369,8131
8784,18,133,0.012362,8133
8785,8,73,0.012356,8133
8786,7,54,0.012350,8133
8787,7,54,0.012344,8134
8788,13,102,0.012338,8135
8789,9,73,0.012331,8135
8790,12,112,0.012325,8135
8791,13,75,0.012319,8135
8792,16,124,0.012313,8135
8793,18,123,0.012307,8136
8794,10,72,0.012301,8136
8795,16,138,0.012295,8136
8796,14,140,0.012288,8137
8797,9,68,0.012282,8138
8798,23,172,0.012276,8139
8799,6,53,0.012270,8140
8800,14,98,0.012264,8141
8801,6,51,0.012258,8141
8802,21,149,0.012252,8143
8803,22,167,0.012245,8144
8804,21,195,0.012239,8145
8805,20,133,0.012233,8145
8806,5,45,0.012227,8145
8807,9,71,0.012221,8145
8808,12,102,0.012215,8145
8809,13,96,0.012209,8145
8810,18,149,0.012203,8146
8811,19,167,0.012197,8147
8812,18,140,0.012190,8148
8813,12,111,0.012184,8149
8814,5,42,0.012178,8149
8815,12,96,0.012172,8149
8816,17,163,0.012166,8149
8817,15,142,0.012160,8150
8818,8,78,0.012154,8150
8819,3,31,0.012148,8150
8820,10,86,0.012142,8151
8821,18,146,0.012136,8151
8822,12,86,0.012130,8152
8823,11,107,0.012124,8153
8824,6,61,0.012118,8153
8825,18,123,0.012111,8153
8826,18,139,0.012105,8155
8827,7,56,0.012099,8155
8828,11,82,0.012093,8155
8829,12,129,0.012087,8155
8830,7,35,0.012081,8155
8831,3,17,0.012075,8155
8832,12,110,0.012069,8155
8833,20,151,0.012063,8156
8834,10,79,0.012057,8156
8835,15,116,0.012051,8158
8836,11,100,0.012045,8159
8837,14,118,0.012039,8159
8838,18,150,0.012033,8159
8839,14,136,0.012027,8159
8840,10,90,0.012021,8159
8841,11,86,0.012015,8159
8842,21,164,0.012009,8161
8843,11,98,0.012003,8162
8844,17,133,0.011997,8164
8845,4,52,0.011991,8164
8846,10,71,0.011985,8165
8847,8,57,0.011979,8165
8848,16,125,0.011973,8165
8849,10,71,0.011967,8165
8850,8,52,0.011961,8165
8851,18,140,0.011955,8166
8852,23,182,0.011949,8168
8853,15,142,0.011943,8168
8854,13,83,0.011937,8169
8855,21,194,0.011931,8170
8856,12,109,0.011925,8172
8857,8,42,0.011919,8174
8858,20,147,0.011913,8175
8859,16,111,0.011907,8176
8860,26,252,0.011901,8177
8861,10,90,0.011895,8178
8862,5,37,0.011889,8178
8863,9,80,0.011883,8179
8864,10,88,0.011878,8179
8865,12,93,0.011872,8180
8866,14,83,0.011866,8181
8867,5,42,0.011860,8181
8868,14,120,0.011854,8182
8869,13,122,0.011848,8182
8870,20,192,0.011842,8183
8871,15,95,0.011836,8184
8872,18,117,0.011830,8185
8873,11,92,0.011824,8185
8874,7,58,0.011818,8186
8875,8,70,0.011812,8186
8876,8,58,0.011806,8186
8877,17,133,0.011801,8188
8878,12,95,0.011795,8190
8879,11,88,0.011789,8190
8880,19,142,0.011783,8192
8881,18,154,0.011777,8192
8882,11,91,0.011771,8192
8883,21,175,0.011765,8193
8884,17,118,0.011759,8194
8885,16,117,0.011753,8195
8886,13,145,0.011748,8198
8887,8,50,0.011742,8199
8888,20,188,0.011736,8200
8889,17,138,0.011730,8201
8890,4,37,0.011724,8201
8891,22,183,0.011718,8203
8892,6,50,0.011712,8204
8893,16,131,0.011706,8206
8894,12,108,0.011701,8208
8895,14,128,0.011695,8208
8896,18,148,0.011689,8208
8897,9,50,0.011683,8209
8898,12,107,0.011677,8212
8899,9,65,0.011671,8212
8900,11,91,0.011666,8212
8901,17,116,0.011660,8214
8902,5,41,0.011654,8214
8903,8,52,0.011648,8215
8904,10,70,0.011642,8215
8905,15,107,0.011636,8216
8906,10,81,0.011631,8216
8907,13,96,0.011625,8216
8908,19,165,0.011619,8216
8909,19,165,0.011613,8218
8910,16,115,0.011607,8219
8911,12,67,0.011602,8219
8912,15,101,0.011596,8220
8913,16,128,0.011590,8222
8914,18,124,0.011584,8222
8915,17,144,0.011578,8223
8916,11,92,0.011573,8224
8917,9,79,0.011567,8224
8918,1,9,0.011561,8224
8919,6,39,0.011555,8225
8920,13,98,0.011549,8226
8921,15,109,0.011544,8226
8922,16,117,0.011538,8226
8923,16,145,0.011532,8227
8924,11,85,0.011526,8228
8925,18,139,0.011521,8229
8926,10,79,0.011515,8230
8927,19,119,0.011509,8230
8928,4,23,0.011503,8230
8929,16,95,0.011498,8230
8930,11,116,0.011492,8232
8931,10,72,0.011486,8233
8932,12,96,0.011480,8233
8933,19,128,0.011475,8233
8934,11,92,0.011469,8235
8935,9,79,0.011463,8236
8936,5,37,0.011457,8236
8937,12,73,0.011452,8237
8938,14,95,0.011446,8238
8939,8,50,0.011440,8238
8940,16,143,0.011435,8241
8941,10,71,0.011429,8241
8942,13,95,0.011423,8242
8943,10,77,0.011417,8242
8944,9,69,0.011412,8243
8945,12,77,0.011406,8243
8946,16,122,0.011400,8243
8947,15,139,0.011395,8244
8948,19,157,0.011389,8246
8949,14,100,0.011383,8246
8950,8,61,0.011377,8246
8951,13,125,0.011372,8247
8952,17,108,0.011366,8247
8953,17,158,0.011360,8247
8954,16,119,0.011355,8249
8955,8,58,0.011349,8251
8956,18,170,0.011343,8252
8957,17,140,0.011338,8252
8958,14,128,0.011332,8253
8959,11,99,0.011326,8253
8960,20,172,0.011321,8253
8961,14,108,0.011315,8253
8962,21,163,0.011309,8254
8963,12,115,0.011304,8254
8964,16,153,0.011298,8255
8965,9,87,0.011292,8255
8966,27,200,0.011287,8255
8967,13,90,0.011281,8256
8968,16,110,0.011276,8257
8969,17,136,0.011270,8257
8970,12,109,0.011264,8258
8971,11,60,0.011259,8258
8972,18,131,0.011253,8260
8973,14,108,0.011247,8260
8974,7,55,0.011242,8261
8975,14,113,0.011236,8261
8976,14,100,0.011230,8261
8977,12,104,0.011225,8262
8978,11,91,0.011219,8262
8979,11,81,0.011214,8262
8980,13,131,0.011208,8262
8981,13,97,0.011202,8264
8982,17,159,0.011197,8264
8983,13,116,0.011191,8265
8984,10,105,0.011186,8267
8985,14,117,0.011180,8268
8986,13,101,0.011174,8268
8987,19,149,0.011169,8271
8988,13,103,0.011163,8271
8989,12,77,0.011158,8272
8990,12,85,0.011152,8272
8991,14,123,0.011147,8272
8992,8,78,0.011141,8273
8993,10,90,0.011135,8275
8994,10,83,0.011130,8276
8995,14,105,0.011124,8276
8996,9,62,0.011119,8278
8997,2,12,0.011113,8278
8998,6,60,0.011108,8278
8999,21,179,0.011102,8279
9000,11,108,0.011097,8279
9001,11,98,0.011091,8279
9002,11,74,0.011085,8280
9003,3,22,0.011080,8280
9004,8,68,0.011074,8281
9005,19,142,0.011069,8282
9006,11,96,0.011063,8284
9007,12,97,0.011058,8286
9008,17,130,0.011052,8287
9009,9,77,0.011047,8288
9010,19,144,0.011041,8289
9011,13,75,0.011036,8289
9012,8,73,0.011030,8289
9013,14,96,0.011025,8289
9014,13,120,0.011019,8289
9015,15,111,0.011014,8289
9016,12,99,0.011008,8291
9017,11,79,0.011003,8292
9018,12,67,0.010997,8292
9019,12,121,0.010992,8292
9020,7,55,0.010986,8293
9021,29,230,0.010981,8294
9022,15,119,0.010975,8294
9023,6,34,0.010970,8294
9024,16,144,0.010964,8294
9025,11,91,0.010959,8295
9026,13,104,0.010953,8296
9027,9,52,0.010948,8296
9028,15,120,0.010942,8297
9029,7,62,0.010937,8299
9030,13,80,0.010931,8300
9031,18,132,0.010926,8301
9032,16,123,0.010920,8302
9033,12,68,0.010915,8305
9034,14,127,0.010909,8306
9035,14,105,0.010904,8307
9036,9,80,0.010899,8307
9037,18,168,0.010893,8308
9038,14,113,0.010888,8309
9039,12,95,0.010882,8310
9040,23,147,0.010877,8310
9041,13,90,0.010871,8312
9042,16,119,0.010866,8312
9043,4,23,0.010860,8312
9044,10,89,0.010855,8313
9045,5,26,0.010850,8313
9046,5,36,0.010844,8313
9047,14,126,0.010839,8313
9048,19,148,0.010833,8313
9049,6,46,0.010828,8314
9050,10,69,0.010822,8315
9051,8,63,0.010817,8315
9052,13,100,0.010812,8316
9053,16,127,0.010806,8316
9054,5,52,0.010801,8316
9055,11,95,0.010795,8316
9056,11,83,0.010790,8319
9057,15,100,0.010785,8320
9058,22,166,0.010779,8321
9059,10,88,0.010774,8321
9060,3,20,0.010768,8321
9061,13,88,0.010763,8321
9062,18,171,0.010758,8322
9063,19,122,0.010752,8323
9064,11,66,0.010747,8324
9065,14,112,0.010742,8325
9066,20,154,0.010736,8325
9067,14,94,0.010731,8325
9068,15,146,0.010725,8327
9069,10,95,0.010720,8327
9070,11,79,0.010715,8328
9071,10,56,0.010709,8329
9072,11,68,0.010704,8332
9073,4,27,0.010699,8332
9074,24,233,0.010693,8333
9075,13,84,0.010688,8334
9076,22,199,0.010683,8335
9077,15,142,0.010677,8336
9078,31,252,0.010672,8338
9079,10,83,0.010667,8339
9080,9,65,0.010661,8340
9081,16,147,0.010656,8341
9082,21,147,0.010651,8342
9083,16,149,0.010645,8343
9084,22,202,0.010640,8344
9085,27,222,0.010635,8344
9086,16,127,0.010629,8345
9087,7,52,0.010624,8345
9088,14,113,0.010619,8346
9089,7,57,0.010613,8346
9090,21,134,0.010608,8346
9091,6,42,0.010603,8346
9092,14,108,0.010598,8346
9093,7,54,0.010592,8347
9094,11,83,0.010587,8347
9095,9,76,0.010582,8348
9096,12,68,0.010576,8350
9097,11,75,0.010571,8351
9098,7,61,0.010566,8351
9099,15,132,0.010560,8354
9100,26,184,0.010555,8356
9101,18,144,0.010550,8356
9102,10,71,0.010545,8357
9103,18,145,0.010539,8357
9104,22,147,0.010534,8357
9105,8,55,0.010529,8358
9106,22,188,0.010524,8358
9107,15,113,0.010518,8358
9108,20,145,0.010513,8359
9109,16,155,0.010508,8361
9110,9,85,0.010503,8362
9111,12,97,0.010497,8363
9112,8,80,0.010492,8363
9113,14,98,0.010487,8365
9114,10,67,0.010482,8366
9115,19,121,0.010476,8366
9116,2,26,0.010471,8366
9117,13,96,0.010466,8367
9118,11,76,0.010461,8368
9119,19,134,0.010455,8369
9120,12,125,0.010450,8370
9121,8,57,0.010445,8371
9122,9,78,0.010440,8371
9123,18,115,0.010434,8371
9124,22,165,0.010429,8371
9125,14,105,0.010424,8372
9126,14,112,0.010419,8374
9127,13,95,0.010414,8375
9128,18,155,0.010408,8376
9129,16,132,0.010403,8376
9130,13,93,0.010398,8377
9131,12,91,0.010393,8377
9132,13,89,0.010388,8378
9133,4,25,0.010382,8379
9134,9,79,0.010377,8380
9135,17,152,0.010372,8380
9136,30,213,0.010367,8380
9137,10,89,0.010362,8381
9138,13,90,0.010356,8382
9139,10,72,0.010351,8383
9140,17,155,0.010346,8383
9141,17,150,0.010341,8384
9142,14,117,0.010336,8387
9143,13,93,0.010331,8387
9144,10,70,0.010325,8388
9145,10,61,0.010320,8389
9146,10,57,0.010315,8390
9147,23,153,0.010310,8391
9148,19,186,0.010305,8391
9149,20,158,0.010300,8392
9150,16,132,0.010295,8392
9151,20,171,0.010289,8393
9152,3,17,0.010284,8393
9153,12,126,0.010279,8393
9154,16,143,0.010274,8393
9155,14,128,0.010269,8393
9156,4,23,0.010264,8393
9157,12,93,0.010259,8394
9158,9,96,0.010253,8394
9159,10,85,0.010248,8395
9160,25,206,0.010243,8396
9161,19,133,0.010238,8397
9162,18,144,0.010233,8398
9163,11,91,0.010228,8398
9164,13,140,0.010223,8398
9165,27,210,0.010218,8398
9166,16,116,0.010212,8398
9167,13,113,0.010207,8400
9168,15,84,0.010202,8401
9169,14,95,0.010197,8402
9170,16,147,0.010192,8402
9171,15,91,0.010187,8402
9172,11,87,0.010182,8402
9173,11,71,0.010177,8403
9174,20,174,0.010172,8404
9175,15,130,0.010167,8404
9176,9,61,0.010162,8404
9177,10,61,0.010156,8404
9178,15,136,0.010151,8404
9179,13,103,0.010146,8405
9180,20,163,0.010141,8405
9181,9,69,0.010136,8405
9182,16,125,0.010131,8406
9183,10,63,0.010126,8406
9184,12,125,0.010121,8407
9185,17,124,0.010116,8407
9186,10,81,0.010111,8408
9187,10,89,0.010106,8409
9188,5,28,0.010101,8410
9189,4,26,0.010096,8411
9190,11,88,0.010091,8411
9191,15,92,0.010086,8412
9192,15,127,0.010081,8413
9193,16,136,0.010075,8414
9194,16,138,0.010070,8415
9195,7,57,0.010065,8416
9196,13,104,0.010060,8417
9197,10,73,0.010055,8417
9198,16,133,0.010050,8417
9199,23,229,0.010045,8419
9200,11,94,0.010040,8419
9201,8,67,0.010035,8419
9202,14,97,0.010030,8419
9203,8,73,0.010025,8419
9204,13,119,0.010020,8420
9205,5,31,0.010015,8420
9206,12,97,0.010010,8420
9207,13,119,0.010005,8420
9208,8,62,0.010000,8421
9209,12,79,0.010000,8421
9210,9,69,0.010000,8421
9211,2,22,0.010000,8421
9212,19,152,0.010000,8421
9213,15,126,0.010000,8422
9214,8,81,0.010000,8422
9215,16,108,0.010000,8423
9216,8,48,0.010000,8423
9217,16,144,0.010000,8423
9218,19,156,0.010000,8423
9219,11,107,0.010000,8423
9220,5,23,0.010000,8424
9221,9,50,0.010000,8425
9222,14,105,0.010000,8426
9223,9,67,0.010000,8426
9224,8,75,0.010000,8427
9225,16,131,0.010000,8427
9226,15,128,0.010000,8427
9227,19,147,0.010000,8428
9228,14,97,0.010000,8429
9229,14,91,0.010000,8429
9230,8,63,0.010000,8430
9231,10,75,0.010000,8430
9232,26,230,0.010000,8431
9233,22,150,0.010000,8434
9234,15,121,0.010000,8435
9235,20,156,0.010000,8436
9236,12,86,0.010000,8438
9237,5,27,0.010000,8439
9238,19,140,0.010000,8439
9239,26,226,0.010000,8440
9240,9,84,0.010000,8440
9241,17,117,0.010000,8440
9242,9,75,0.010000,8441
9243,4,38,0.010000,8441
9244,22,192,0.010000,8443
9245,9,68,0.010000,8444
9246,9,62,0.010000,8444
9247,8,75,0.010000,8444
9248,18,168,0.010000,8445
9249,14,102,0.010000,8446
9250,12,86,0.010000,8447
9251,17,132,0.010000,8448
9252,9,71,0.010000,8449
9253,16,113,0.010000,8451
9254,16,129,0.010000,8452
9255,8,74,0.010000,8452
9256,14,128,0.010000,8453
9257,11,95,0.010000,8453
9258,21,159,0.010000,8454
9259,8,55,0.010000,8455
9260,24,197,0.010000,8456
9261,9,89,0.010000,8457
9262,11,84,0.010000,8458
9263,10,73,0.010000,8458
9264,16,112,0.010000,8460
9265,11,88,0.010000,8461
9266,6,36,0.010000,8461
9267,26,180,0.010000,8462
9268,3,31,0.010000,8462
9269,6,63,0.010000,8462
9270,22,162,0.010000,8463
9271,18,146,0.010000,8464
9272,9,77,0.010000,8465
9273,22,199,0.010000,8466
9274,20,135,0.010000,8467
9275,17,115,0.010000,8467
9276,19,146,0.010000,8467
9277,4,21,0.010000,8468
9278,3,15,0.010000,8468
9279,12,88,0.010000,8469
9280,4,27,0.010000,8469
9281,12,90,0.010000,8470
9282,14,113,0.010000,8473
9283,14,79,0.010000,8474
9284,6,53,0.010000,8475
9285,18,185,0.010000,8475
9286,12,89,0.010000,8475
9287,13,112,0.010000,8475
9288,13,81,0.010000,8476
9289,12,97,0.010000,8476
9290,18,173,0.010000,8477
9291,13,94,0.010000,8477
9292,11,84,0.010000,8477
9293,14,91,0.010000,8478
9294,21,183,0.010000,8479
9295,20,124,0.010000,8479
9296,16,133,0.010000,8480
9297,16,120,0.010000,8480
9298,11,61,0.010000,8482
9299,23,178,0.010000,8483
9300,10,73,0.010000,8483
9301,12,104,0.010000,8484
9302,15,110,0.010000,8485
9303,9,75,0.010000,8486
9304,9,84,0.010000,8487
9305,16,116,0.010000,8488
9306,15,89,0.010000,8489
9307,16,126,0.010000,8490
9308,12,98,0.010000,8492
9309,17,136,0.010000,8492
9310,13,82,0.010000,8493
9311,16,144,0.010000,8494
9312,21,189,0.010000,8494
9313,20,168,0.010000,8494
9314,13,111,0.010000,8494
9315,10,74,0.010000,8494
9316,13,109,0.010000,8495
9317,6,40,0.010000,8495
9318,20,168,0.010000,8496
9319,14,96,0.010000,8497
9320,12,93,0.010000,8498
9321,12,101,0.010000,8499
9322,18,160,0.010000,8500
9323,9,74,0.010000,8501
9324,8,66,0.010000,8501
9325,23,208,0.010000,8502
9326,20,150,0.010000,8502
9327,18,191,0.010000,8504
9328,12,74,0.010000,8504
9329,12,89,0.010000,8504
9330,10,100,0.010000,8505
9331,14,124,0.010000,8505
9332,18,141,0.010000,8506
9333,13,86,0.010000,8507
9334,13,99,0.010000,8509
9335,7,47,0.010000,8510
9336,14,113,0.010000,8510
9337,13,97,0.010000,8510
9338,31,254,0.010000,8510
9339,24,214,0.010000,8511
9340,13,85,0.010000,8511
9341,10,73,0.010000,8511
9342,1,13,0.010000,8511
9343,11,93,0.010000,8512
9344,10,96,0.010000,8512
9345,12,77,0.010000,8513
9346,15,102,0.010000,8516
9347,22,209,0.010000,8518
9348,10,69,0.010000,8518
9349,12,83,0.010000,8519
9350,15,135,0.010000,8521
9351,14,108,0.010000,8522
9352,3,17,0.010000,8522
9353,20,149,0.010000,8523
9354,2,20,0.010000,8523
9355,17,134,0.010000,8524
9356,12,90,0.010000,8524
9357,15,111,0.010000,8525
9358,10,61,0.010000,8526
9359,22,216,0.010000,8527
9360,8,48,0.010000,8527
9361,10,73,0.010000,8528
9362,10,92,0.010000,8528
9363,18,156,0.010000,8528
9364,17,130,0.010000,8529
9365,11,102,0.010000,8530
9366,22,185,0.010000,8531
9367,11,101,0.010000,8532
9368,10,55,0.010000,8532
9369,9,61,0.010000,8533
9370,10,64,0.010000,8533
9371,15,126,0.010000,8533
9372,11,61,0.010000,8533
9373,9,63,0.010000,8534
9374,20,152,0.010000,8534
9375,16,158,0.010000,8536
9376,17,153,0.010000,8537
9377,17,133,0.010000,8538
9378,13,104,0.010000,8539
9379,14,124,0.010000,8539
9380,6,55,0.010000,8540
9381,11,72,0.010000,8541
9382,22,191,0.010000,8542
9383,6,42,0.010000,8543
9384,15,134,0.010000,8544
9385,11,98,0.010000,8546
9386,16,127,0.010000,8547
9387,7,44,0.010000,8548
9388,16,140,0.010000,8550
9389,16,125,0.010000,8550
9390,9,82,0.010000,8550
9391,7,52,0.010000,8550
9392,26,228,0.010000,8550
9393,19,216,0.010000,8553
9394,23,171,0.010000,8554
9395,3,15,0.010000,8554
9396,9,44,0.010000,8555
9397,15,132,0.010000,8556
9398,14,100,0.010000,8556
9399,15,108,0.010000,8557
9400,8,53,0.010000,8558
9401,9,90,0.010000,8558
9402,25,210,0.010000,8558
9403,14,94,0.010000,8558
9404,12,77,0.010000,8559
9405,19,142,0.010000,8560
9406,10,83,0.010000,8560
9407,7,54,0.010000,8561
9408,2,17,0.010000,8561
9409,8,63,0.010000,8562
9410,9,68,0.010000,8563
9411,18,170,0.010000,8564
9412,4,17,0.010000,8565
9413,27,252,0.010000,8565
9414,14,108,0.010000,8566
9415,10,77,0.010000,8566
9416,11,95,0.010000,8567
9417,11,78,0.010000,8567
9418,15,130,0.010000,8567
9419,4,17,0.010000,8568
9420,15,102,0.010000,8569
9421,11,77,0.010000,8570
9422,9,46,0.010000,8570
9423,15,128,0.010000,8571
9424,15,129,0.010000,8571
9425,15,116,0.010000,8572
9426,21,172,0.010000,8573
9427,21,204,0.010000,8573
9428,8,74,0.010000,8573
9429,10,62,0.010000,8574
9430,16,117,0.010000,8575
9431,13,98,0.010000,8576
9432,14,103,0.010000,8577
9433,15,106,0.010000,8577
9434,8,75,0.010000,8577
9435,3,7,0.010000,8577
9436,14,99,0.010000,8577
9437,10,90,0.010000,8577
9438,10,76,0.010000,8577
9439,17,137,0.010000,8577
9440,18,126,0.010000,8577
9441,18,124,0.010000,8578
9442,13,101,0.010000,8579
9443,11,66,0.010000,8579
9444,15,162,0.010000,8580
9445,1,10,0.010000,8580
9446,5,51,0.010000,8580
9447,18,130,0.010000,8581
9448,26,274,0.010000,8581
9449,7,50,0.010000,8582
9450,18,158,0.010000,8582
9451,16,133,0.010000,8582
9452,7,64,0.010000,8583
9453,11,92,0.010000,8583
9454,12,94,0.010000,8585
9455,17,150,0.010000,8586
9456,3,13,0.010000,8586
9457,11,95,0.010000,8586
9458,11,73,0.010000,8587
9459,23,207,0.010000,8588
9460,19,166,0.010000,8589
9461,7,56,0.010000,8590
9462,8,57,0.010000,8591
9463,5,28,0.010000,8591
9464,19,139,0.010000,8591
9465,23,223,0.010000,8592
9466,20,172,0.010000,8594
9467,17,127,0.010000,8594
9468,15,120,0.010000,8595
9469,27,222,0.010000,8596
9470,13,121,0.010000,8597
9471,15,92,0.010000,8598
9472,12,104,0.010000,8599
9473,18,124,0.010000,8600
9474,14,106,0.010000,8600
9475,12,91,0.010000,8601
9476,8,69,0.010000,8602
9477,24,204,0.010000,8603
9478,11,100,0.010000,8603
9479,19,144,0.010000,8604
9480,19,144,0.010000,8605
9481,12,87,0.010000,8606
9482,14,122,0.010000,8606
9483,12,104,0.010000,8606
9484,17,141,0.010000,8607
9485,13,101,0.010000,8607
9486,14,102,0.010000,8607
9487,13,149,0.010000,8608
9488,20,166,0.010000,8609
9489,18,156,0.010000,8611
9490,7,61,0.010000,8611
9491,18,159,0.010000,8611
9492,10,73,0.010000,8612
9493,11,71,0.010000,8613
9494,16,148,0.010000,8616
9495,24,179,0.010000,8617
9496,13,122,0.010000,8617
9497,16,136,0.010000,8618
9498,10,108,0.010000,8618
9499,6,34,0.010000,8619
9500,17,149,0.010000,8621
9501,15,119,0.010000,8623
9502,11,54,0.010000,8623
9503,10,76,0.010000,8624
9504,6,40,0.010000,8624
9505,5,44,0.010000,8624
9506,18,144,0.010000,8625
9507,19,185,0.010000,8627
9508,16,134,0.010000,8628
9509,19,143,0.010000,8629
9510,24,176,0.010000,8629
9511,13,105,0.010000,8630
9512,8,53,0.010000,8631
9513,11,74,0.010000,8632
9514,13,95,0.010000,8633
9515,17,138,0.010000,8634
9516,13,84,0.010000,8634
9517,15,128,0.010000,8635
9518,12,88,0.010000,8636
9519,16,110,0.010000,8636
9520,22,200,0.010000,8636
9521,9,66,0.010000,8636
9522,9,47,0.010000,8637
9523,14,119,0.010000,8638
9524,13,87,0.010000,8639
9525,12,116,0.010000,8641
9526,15,118,0.010000,8642
9527,13,88,0.010000,8643
9528,7,66,0.010000,8643
9529,12,99,0.010000,8643
9530,19,124,0.010000,8644
9531,8,63,0.010000,8645
9532,9,78,0.010000,8645
9533,22,204,0.010000,8648
9534,16,108,0.010000,8650
9535,11,97,0.010000,8650
9536,20,195,0.010000,8651
9537,11,80,0.010000,8651
9538,11,90,0.010000,8651
9539,15,115,0.010000,8652
9540,17,120,0.010000,8652
9541,16,115,0.010000,8653
9542,6,71,0.010000,8653
9543,20,152,0.010000,8654
9544,15,121,0.010000,8656
9545,15,121,0.010000,8658
9546,19,156,0.010000,8658
9547,6,49,0.010000,8658
9548,14,109,0.010000,8659
9549,14,94,0.010000,8659
9550,6,57,0.010000,8659
9551,6,32,0.010000,8659
9552,3,13,0.010000,8659
9553,13,97,0.010000,8659
9554,14,128,0.010000,8660
9555,14,133,0.010000,8661
9556,10,77,0.010000,8661
9557,14,136,0.010000,8661
9558,13,106,0.010000,8664
9559,21,182,0.010000,8665
9560,23,185,0.010000,8666
9561,19,141,0.010000,8668
9562,17,125,0.010000,8668
9563,12,66,0.010000,8669
9564,18,171,0.010000,8670
9565,21,159,0.010000,8671
9566,4,32,0.010000,8671
9567,11,66,0.010000,8672
9568,9,69,0.010000,8673
9569,20,177,0.010000,8675
9570,12,77,0.010000,8675
9571,17,128,0.010000,8676
9572,17,169,0.010000,8678
9573,10,65,0.010000,8681
9574,13,84,0.010000,8681
9575,9,71,0.010000,8681
9576,16,134,0.010000,8683
9577,20,162,0.010000,8684
9578,16,128,0.010000,8685
9579,13,116,0.010000,8686
9580,17,139,0.010000,8686
9581,13,101,0.010000,8688
9582,11,73,0.010000,8689
9583,8,58,0.010000,8689
9584,17,164,0.010000,8691
9585,17,166,0.010000,8692
9586,16,148,0.010000,8693
9587,8,58,0.010000,8693
9588,10,82,0.010000,8694
9589,14,132,0.010000,8695
9590,16,135,0.010000,8697
9591,19,141,0.010000,8700
9592,12,64,0.010000,8701
9593,18,147,0.010000,8702
9594,26,233,0.010000,8703
9595,12,99,0.010000,8703
9596,17,107,0.010000,8703
9597,0,7,0.010000,8703
9598,5,28,0.010000,8703
9599,6,58,0.010000,8703
9600,1,11,0.010000,8703
9601,15,114,0.010000,8704
9602,11,125,0.010000,8704
9603,7,69,0.010000,8704
9604,23,168,0.010000,8705
9605,11,105,0.010000,8705
9606,10,101,0.010000,8706
9607,13,98,0.010000,8706
9608,13,111,0.010000,8707
9609,12,101,0.010000,8707
9610,17,119,0.010000,8708
9611,5,30,0.010000,8708
9612,27,205,0.010000,8708
9613,14,137,0.010000,8709
9614,9,75,0.010000,8709
9615,15,88,0.010000,8709
9616,25,211,0.010000,8709
9617,16,131,0.010000,8710
9618,24,191,0.010000,8711
9619,15,114,0.010000,8711
9620,20,134,0.010000,8712
9621,5,20,0.010000,8712
9622,7,39,0.010000,8712
9623,16,135,0.010000,8713
9624,11,78,0.010000,8714
9625,15,107,0.010000,8714
9626,9,64,0.010000,8716
9627,12,83,0.010000,8717
9628,25,202,0.010000,8718
9629,14,101,0.010000,8720
9630,10,91,0.010000,8721
9631,11,100,0.010000,8721
9632,12,120,0.010000,8722
9633,15,97,0.010000,8723
9634,15,108,0.010000,8724
9635,9,72,0.010000,8725
9636,22,168,0.010000,8725
9637,22,174,0.010000,8726
9638,17,149,0.010000,8727
9639,11,76,0.010000,8728
9640,12,110,0.010000,8728
9641,14,75,0.010000,8729
9642,7,36,0.010000,8729
9643,17,167,0.010000,8730
9644,15,101,0.010000,8730
9645,11,82,0.010000,8730
9646,18,124,0.010000,8733
9647,12,98,0.010000,8733
9648,16,94,0.010000,8733
9649,15,99,0.010000,8734
9650,16,95,0.010000,8734
9651,8,64,0.010000,8734
9652,12,114,0.010000,8734
9653,14,98,0.010000,8735
9654,17,139,0.010000,8736
9655,20,148,0.010000,8736
9656,18,142,0.010000,8736
9657,11,74,0.010000,8737
9658,14,120,0.010000,8738
9659,16,92,0.010000,8738
9660,9,68,0.010000,8739
9661,19,157,0.010000,8740
9662,12,96,0.010000,8740
9663,25,183,0.010000,8741
9664,11,78,0.010000,8742
9665,5,34,0.010000,8743
9666,12,92,0.010000,8743
9667,13,95,0.010000,8744
9668,14,134,0.010000,8745
9669,10,74,0.010000,8745
9670,2,9,0.010000,8746
9671,14,104,0.010000,8748
9672,31,200,0.010000,8748
9673,13,72,0.010000,8748
9674,3,26,0.010000,8748
9675,20,173,0.010000,8748
9676,17,121,0.010000,8749
9677,18,146,0.010000,8750
9678,20,162,0.010000,8752
9679,16,122,0.010000,8752
9680,12,123,0.010000,8754
9681,9,78,0.010000,8754
9682,20,154,0.010000,8754
9683,10,73,0.010000,8755
9684,24,172,0.010000,8755
9685,10,74,0.010000,8755
9686,25,235,0.010000,8756
9687,11,88,0.010000,8756
9688,6,57,0.010000,8757
9689,22,197,0.010000,8758
9690,17,122,0.010000,8759
9691,22,201,0.010000,8759
9692,15,110,0.010000,8760
9693,4,24,0.010000,8760
9694,16,150,0.010000,8760
9695,17,144,0.010000,8762
9696,19,166,0.010000,8762
9697,24,188,0.010000,8763
9698,19,156,0.010000,8764
9699,13,134,0.010000,8764
9700,8,57,0.010000,8764
9701,16,123,0.010000,8765
9702,17,173,0.010000,8766
9703,13,115,0.010000,8767
9704,8,72,0.010000,8767
9705,12,81,0.010000,8767
9706,19,182,0.010000,8768
9707,20,192,0.010000,8769
9708,14,102,0.010000,8770
9709,17,152,0.010000,8770
9710,22,143,0.010000,8770
9711,10,63,0.010000,8770
9712,8,68,0.010000,8770
9713,6,43,0.010000,8770
9714,19,148,0.010000,8771
9715,19,139,0.010000,8773
9716,16,144,0.010000,8773
9717,6,50,0.010000,8774
9718,11,95,0.010000,8774
9719,13,143,0.010000,8774
9720,21,167,0.010000,8777
9721,16,137,0.010000,8778
9722,23,222,0.010000,8780
9723,10,83,0.010000,8780
9724,13,107,0.010000,8780
9725,13,112,0.010000,8780
9726,17,133,0.010000,8780
9727,11,94,0.010000,8781
9728,4,16,0.010000,8782
9729,4,18,0.010000,8782
9730,8,54,0.010000,8782
9731,7,42,0.010000,8784
9732,10,65,0.010000,8784
9733,12,112,0.010000,8784
9734,4,32,0.010000,8784
9735,11,91,0.010000,8785
9736,25,203,0.010000,8787
9737,17,129,0.010000,8788
9738,18,144,0.010000,8789
9739,12,111,0.010000,8789
9740,3,17,0.010000,8789
9741,19,150,0.010000,8790
9742,18,144,0.010000,8791
9743,12,84,0.010000,8792
9744,18,150,0.010000,8792
9745,1,11,0.010000,8792
9746,12,102,0.010000,8793
9747,10,77,0.010000,8793
9748,14,111,0.010000,8794
9749,8,63,0.010000,8795
9750,22,171,0.010000,8795
9751,4,22,0.010000,8795
9752,14,118,0.010000,8796
9753,10,82,0.010000,8796
9754,17,152,0.010000,8796
9755,12,82,0.010000,8796
9756,11,81,0.010000,8796
9757,8,58,0.010000,8797
9758,2,13,0.010000,8797
9759,14,115,0.010000,8798
9760,9,79,0.010000,8798
9761,6,40,0.010000,8799
9762,15,109,0.010000,8800
9763,7,59,0.010000,8800
9764,17,133,0.010000,8800
9765,10,61,0.010000,8800
9766,14,132,0.010000,8800
9767,11,94,0.010000,8801
9768,9,72,0.010000,8801
9769,11,73,0.010000,8802
9770,22,205,0.010000,8803
9771,15,99,0.010000,8804
9772,10,71,0.010000,8805
9773,19,141,0.010000,8807
9774,13,119,0.010000,8807
9775,15,126,0.010000,8807
9776,18,136,0.010000,8809
9777,14,104,0.010000,8809
9778,14,124,0.010000,8809
9779,16,143,0.010000,8810
9780,7,46,0.010000,8810
9781,10,72,0.010000,8811
9782,24,208,0.010000,8811
9783,7,60,0.010000,8811
9784,19,154,0.010000,8812
9785,8,50,0.010000,8812
9786,17,141,0.010000,8812
9787,16,108,0.010000,8812
9788,23,159,0.010000,8813
9789,13,92,0.010000,8814
9790,9,63,0.010000,8814
9791,6,41,0.010000,8814
9792,8,83,0.010000,8814
9793,10,71,0.010000,8814
9794,15,173,0.010000,8815
9795,18,130,0.010000,8815
9796,5,33,0.010000,8815
9797,12,87,0.010000,8816
9798,11,65,0.010000,8816
9799,18,164,0.010000,8816
9800,17,133,0.010000,8818
9801,11,111,0.010000,8818
9802,16,100,0.010000,8819
9803,7,39,0.010000,8819
9804,12,98,0.010000,8820
9805,14,96,0.010000,8821
9806,16,103,0.010000,8822
9807,13,100,0.010000,8823
9808,16,147,0.010000,8823
9809,11,84,0.010000,8823
9810,22,188,0.010000,8823
9811,16,113,0.010000,8824
9812,6,44,0.010000,8825
9813,18,142,0.010000,8825
9814,21,182,0.010000,8826
9815,16,126,0.010000,8826
9816,20,160,0.010000,8826
9817,9,71,0.010000,8826
9818,8,54,0.010000,8826
9819,12,76,0.010000,8827
9820,6,35,0.010000,8828
9821,14,120,0.010000,8829
9822,6,51,0.010000,8829
9823,13,109,0.010000,8830
9824,2,18,0.010000,8830
9825,23,170,0.010000,8831
9826,17,111,0.010000,8832
9827,17,110,0.010000,8834
9828,10,74,0.010000,8835
9829,7,57,0.010000,8835
9830,13,87,0.010000,8835
9831,9,93,0.010000,8836
9832,11,81,0.010000,8836
9833,6,30,0.010000,8837
9834,13,103,0.010000,8837
9835,5,35,0.010000,8837
9836,17,143,0.010000,8837
9837,1,11,0.010000,8837
9838,7,46,0.010000,8837
9839,18,176,0.010000,8837
9840,14,111,0.010000,8839
9841,10,74,0.010000,8839
9842,8,64,0.010000,8839
9843,14,109,0.010000,8839
9844,15,114,0.010000,8839
9845,10,63,0.010000,8839
9846,18,112,0.010000,8840
9847,21,158,0.010000,8841
9848,2,19,0.010000,8841
9849,6,44,0.010000,8841
9850,18,151,0.010000,8841
9851,5,39,0.010000,8841
9852,21,195,0.010000,8841
9853,8,52,0.010000,8842
9854,23,183,0.010000,8842
9855,20,183,0.010000,8843
9856,20,152,0.010000,8844
9857,10,79,0.010000,8845
9858,4,33,0.010000,8845
9859,14,118,0.010000,8846
9860,13,123,0.010000,8846
9861,12,107,0.010000,8848
9862,20,169,0.010000,8848
9863,14,132,0.010000,8849
9864,17,142,0.010000,8850
9865,12,95,0.010000,8850
9866,13,104,0.010000,8852
9867,26,179,0.010000,8853
9868,14,101,0.010000,8853
9869,16,142,0.010000,8855
9870,20,129,0.010000,8855
9871,14,114,0.010000,8855
9872,15,143,0.010000,8856
9873,20,161,0.010000,8857
9874,11,103,0.010000,8857
9875,17,135,0.010000,8857
9876,8,56,0.010000,8858
9877,8,58,0.010000,8860
9878,12,98,0.010000,8863
9879,15,138,0.010000,8864
9880,22,142,0.010000,8865
9881,17,140,0.010000,8867
9882,7,65,0.010000,8867
9883,4,23,0.010000,8868
9884,10,75,0.010000,8869
9885,19,168,0.010000,8869
9886,8,51,0.010000,8869
9887,18,118,0.010000,8870
9888,16,137,0.010000,8870
9889,14,130,0.010000,8870
9890,7,64,0.010000,8870
9891,17,152,0.010000,8871
9892,10,59,0.010000,8872
9893,11,94,0.010000,8872
9894,8,81,0.010000,8873
9895,11,81,0.010000,8873
9896,8,59,0.010000,8874
9897,22,187,0.010000,8875
9898,19,146,0.010000,8876
9899,24,236,0.010000,8876
9900,16,129,0.010000,8876
9901,12,95,0.010000,8877
9902,21,143,0.010000,8878
9903,18,132,0.010000,8879
9904,17,149,0.010000,8880
9905,19,175,0.010000,8880
9906,22,186,0.010000,8880
9907,4,29,0.010000,8880
9908,17,93,0.010000,8880
9909,12,111,0.010000,8880
9910,11,99,0.010000,8881
9911,10,54,0.010000,8882
9912,9,75,0.010000,8882
9913,19,186,0.010000,8882
9914,18,123,0.010000,8883
9915,20,181,0.010000,8884
9916,16,151,0.010000,8885
9917,16,164,0.010000,8885
9918,12,92,0.010000,8885
9919,16,109,0.010000,8885
9920,12,71,0.010000,8886
9921,14,101,0.010000,8886
9922,12,77,0.010000,8887
9923,18,133,0.010000,8888
9924,10,81,0.010000,8889
9925,8,64,0.010000,8891
9926,9,86,0.010000,8891
9927,21,174,0.010000,8892
9928,21,162,0.010000,8892
9929,24,182,0.010000,8894
9930,23,177,0.010000,8894
9931,10,57,0.010000,8896
9932,11,84,0.010000,8896
9933,23,222,0.010000,8896
9934,22,195,0.010000,8897
9935,10,76,0.010000,8898
9936,16,167,0.010000,8899
9937,18,175,0.010000,8900
9938,9,63,0.010000,8900
9939,16,163,0.010000,8900
9940,20,156,0.010000,8902
9941,6,64,0.010000,8903
9942,12,106,0.010000,8904
9943,15,145,0.010000,8904
9944,12,75,0.010000,8904
9945,16,133,0.010000,8906
9946,13,118,0.010000,8907
9947,3,24,0.010000,8907
9948,9,73,0.010000,8910
9949,10,91,0.010000,8910
9950,19,177,0.010000,8911
9951,16,117,0.010000,8912
9952,14,105,0.010000,8913
9953,16,168,0.010000,8913
9954,24,188,0.010000,8913
9955,18,143,0.010000,8914
9956,8,61,0.010000,8915
9957,5,19,0.010000,8915
9958,14,89,0.010000,8916
9959,18,139,0.010000,8917
9960,22,168,0.010000,8918
9961,11,78,0.010000,8918
9962,10,85,0.010000,8918
9963,8,62,0.010000,8918
9964,11,93,0.010000,8919
9965,5,56,0.010000,8919
9966,17,135,0.010000,8919
9967,9,59,0.010000,8920
9968,13,93,0.010000,8920
9969,15,137,0.010000,8922
9970,15,108,0.010000,8923
9971,6,49,0.010000,8923
9972,20,166,0.010000,8923
9973,14,103,0.010000,8924
9974,11,84,0.010000,8924
9975,16,133,0.010000,8924
9976,15,121,0.010000,8925
9977,8,69,0.010000,8925
9978,12,112,0.010000,8925
9979,15,103,0.010000,8925
9980,18,161,0.010000,8926
9981,6,39,0.010000,8926
9982,11,98,0.010000,8927
9983,4,41,0.010000,8927
9984,16,154,0.010000,8927
9985,11,97,0.010000,8928
9986,7,31,0.010000,8929
9987,23,156,0.010000,8932
9988,13,141,0.010000,8932
9989,6,47,0.010000,8933
9990,14,93,0.010000,8933
9991,13,103,0.010000,8934
9992,20,166,0.010000,8934
9993,20,138,0.010000,8934
9994,10,70,0.010000,8935
9995,8,54,0.010000,8935
9996,18,131,0.010000,8935
9997,20,156,0.010000,8935
9998,21,181,0.010000,8937
9999,11,81,0.010000,8938
10000,18,143,0.010000,8940
10001,22,178,0.010000,8941
10002,8,69,0.010000,8941
10003,17,139,0.010000,8942
10004,17,131,0.010000,8943
10005,12,96,0.010000,8943
10006,9,50,0.010000,8944
10007,9,74,0.010000,8944
10008,8,58,0.010000,8946
10009,16,125,0.010000,8947
10010,8,63,0.010000,8947
10011,9,69,0.010000,8949
10012,7,36,0.010000,8949
10013,18,165,0.010000,8949
10014,16,131,0.010000,8949
10015,20,156,0.010000,8951
10016,23,202,0.010000,8951
10017,21,175,0.010000,8953
10018,4,28,0.010000,8953
10019,11,90,0.010000,8953
10020,3,30,0.010000,8954
10021,16,119,0.010000,8954
10022,13,95,0.010000,8956
10023,6,58,0.010000,8956
10024,14,120,0.010000,8956
10025,9,84,0.010000,8956
10026,9,62,0.010000,8957
10027,14,92,0.010000,8958
10028,11,93,0.010000,8959
10029,15,89,0.010000,8960
10030,20,163,0.010000,8960
10031,13,92,0.010000,8961
10032,13,124,0.010000,8962
10033,15,106,0.010000,8963
10034,21,191,0.010000,8963
10035,5,40,0.010000,8963
10036,16,116,0.010000,8963
10037,19,131,0.010000,8963
10038,15,158,0.010000,8964
10039,23,217,0.010000,8965
10040,22,200,0.010000,8965
10041,15,118,0.010000,8965
10042,9,60,0.010000,8966
10043,11,55,0.010000,8966
10044,11,72,0.010000,8967
10045,13,111,0.010000,8967
10046,15,116,0.010000,8967
10047,21,164,0.010000,8968
10048,21,163,0.010000,8970
10049,15,139,0.010000,8971
10050,13,101,0.010000,8972
10051,12,95,0.010000,8973
10052,17,129,0.010000,8975
10053,13,104,0.010000,8976
10054,28,201,0.010000,8978
10055,16,102,0.010000,8980
10056,19,170,0.010000,8980
10057,7,43,0.010000,8981
10058,9,72,0.010000,8981
10059,8,73,0.010000,8982
10060,16,110,0.010000,8982
10061,13,85,0.010000,8983
10062,16,98,0.010000,8984
10063,21,168,0.010000,8984
10064,9,106,0.010000,8984
10065,8,66,0.010000,8985
10066,13,84,0.010000,8985
10067,10,69,0.010000,8986
10068,15,105,0.010000,8987
10069,12,106,0.010000,8987
10070,8,67,0.010000,8988
10071,17,159,0.010000,8988
10072,14,118,0.010000,8989
10073,4,31,0.010000,8989
10074,4,29,0.010000,8989
10075,19,199,0.010000,8990
10076,17,167,0.010000,8990
10077,14,107,0.010000,8990
10078,13,97,0.010000,8991
10079,6,44,0.010000,8991
10080,13,98,0.010000,8992
10081,20,185,0.010000,8993
10082,15,157,0.010000,8994
10083,12,97,0.010000,8994
10084,13,93,0.010000,8994
10085,13,87,0.010000,8995
10086,13,101,0.010000,8997
10087,17,162,0.010000,8998
10088,19,118,0.010000,8998
10089,17,128,0.010000,8998
10090,17,127,0.010000,8998
10091,8,66,0.010000,8998
10092,19,177,0.010000,8999
10093,10,59,0.010000,9000
10094,20,126,0.010000,9002
10095,13,92,0.010000,9002
10096,13,79,0.010000,9002
10097,7,39,0.010000,9003
10098,10,73,0.010000,9004
10099,12,76,0.010000,9004
10100,14,129,0.010000,9005
10101,18,146,0.010000,9005
10102,11,81,0.010000,9008
10103,8,58,0.010000,9009
10104,25,193,0.010000,9009
10105,8,74,0.010000,9009
10106,13,106,0.010000,9010
10107,16,148,0.010000,9011
10108,14,99,0.010000,9013
10109,12,90,0.010000,9013
10110,11,90,0.010000,9013
10111,13,104,0.010000,9013
10112,12,83,0.010000,9015
10113,10,65,0.010000,9015
10114,23,201,0.010000,9015
10115,14,117,0.010000,9015
10116,18,142,0.010000,9016
10117,20,177,0.010000,9017
10118,15,99,0.010000,9019
10119,3,17,0.010000,9019
10120,13,96,0.010000,9019
10121,17,154,0.010000,9019
10122,14,110,0.010000,9020
10123,18,130,0.010000,9022
10124,4,24,0.010000,9022
10125,22,175,0.010000,9023
10126,10,77,0.010000,9024
10127,5,32,0.010000,9024
10128,2,19,0.010000,9024
10129,23,174,0.010000,9024
10130,7,52,0.010000,9025
10131,9,58,0.010000,9026
10132,8,65,0.010000,9026
10133,9,61,0.010000,9028
10134,9,65,0.010000,9029
10135,5,38,0.010000,9030
10136,20,173,0.010000,9030
10137,15,105,0.010000,9030
10138,17,125,0.010000,9032
10139,12,109,0.010000,9032
10140,14,121,0.010000,9032
10141,17,160,0.010000,9032
10142,8,55,0.010000,9032
10143,17,127,0.010000,9032
10144,11,69,0.010000,9034
10145,20,158,0.010000,9034
10146,9,64,0.010000,9036
10147,15,117,0.010000,9036
10148,19,145,0.010000,9037
10149,14,104,0.010000,9038
10150,6,35,0.010000,9039
10151,12,87,0.010000,9040
10152,13,106,0.010000,9040
10153,11,80,0.010000,9041
10154,12,66,0.010000,9042
10155,27,221,0.010000,9043
10156,19,129,0.010000,9044
10157,12,109,0.010000,9045
10158,5,27,0.010000,9045
10159,10,81,0.010000,9045
10160,13,110,0.010000,9046
10161,6,39,0.010000,9047
10162,13,90,0.010000,9048
10163,15,105,0.010000,9048
10164,11,71,0.010000,9049
10165,8,75,0.010000,9050
10166,1,10,0.010000,9050
10167,24,202,0.010000,9051
10168,18,160,0.010000,9051
10169,9,64,0.010000,9052
10170,15,149,0.010000,9053
10171,13,112,0.010000,9054
10172,7,56,0.010000,9055
10173,22,190,0.010000,9056
10174,9,68,0.010000,9056
10175,12,82,0.010000,9056
10176,11,72,0.010000,9057
10177,12,97,0.010000,9057
10178,12,90,0.010000,9059
10179,19,159,0.010000,9061
10180,8,49,0.010000,9062
10181,20,171,0.010000,9063
10182,13,91,0.010000,9063
10183,2,22,0.010000,9064
10184,16,96,0.010000,9064
10185,12,102,0.010000,9064
10186,15,93,0.010000,9064
10187,0,7,0.010000,9064
10188,29,211,0.010000,9065
10189,10,80,0.010000,9066
10190,24,197,0.010000,9067
10191,13,82,0.010000,9068
10192,10,58,0.010000,9069
10193,15,118,0.010000,9069
10194,15,100,0.010000,9069
10195,7,52,0.010000,9070
10196,7,47,0.010000,9070
10197,14,121,0.010000,9071
10198,24,210,0.010000,9072
10199,20,172,0.010000,9072
10200,5,25,0.010000,9072
10201,10,76,0.010000,9073
10202,8,71,0.010000,9073
10203,5,28,0.010000,9073
10204,13,112,0.010000,9074
10205,17,139,0.010000,9076
10206,20,160,0.010000,9077
10207,17,99,0.010000,9078
10208,11,93,0.010000,9078
10209,13,127,0.010000,9079
10210,7,60,0.010000,9079
10211,9,74,0.010000,9079
10212,11,96,0.010000,9079
10213,13,111,0.010000,9079
10214,3,32,0.010000,9079
10215,18,117,0.010000,9080
10216,16,118,0.010000,9080
10217,9,48,0.010000,9081
10218,12,98,0.010000,9082
10219,28,203,0.010000,9082
10220,14,130,0.010000,9082
10221,11,105,0.010000,9082
10222,12,127,0.010000,9082
10223,18,137,0.010000,9083
10224,16,114,0.010000,9085
10225,15,117,0.010000,9085
10226,18,135,0.010000,9086
10227,11,94,0.010000,9087
10228,13,119,0.010000,9087
10229,9,56,0.010000,9087
10230,14,96,0.010000,9087
10231,16,113,0.010000,9087
10232,17,133,0.010000,9088
10233,11,96,0.010000,9088
10234,12,83,0.010000,9089
10235,20,182,0.010000,9090
10236,15,108,0.010000,9090
10237,6,39,0.010000,9091
10238,15,128,0.010000,9091
10239,14,154,0.010000,9091
10240,22,181,0.010000,9095
10241,13,106,0.010000,9096
10242,12,113,0.010000,9096
10243,14,97,0.010000,9096
10244,12,110,0.010000,9097
10245,11,87,0.010000,9098
10246,2,22,0.010000,9098
10247,16,116,0.010000,9098
10248,29,214,0.010000,9098
10249,11,59,0.010000,9098
10250,11,89,0.010000,9098
10251,14,123,0.010000,9099
10252,15,123,0.010000,9099
10253,26,236,0.010000,9099
10254,14,125,0.010000,9100
10255,15,131,0.010000,9101
10256,18,151,0.010000,9102
10257,12,92,0.010000,9102
10258,14,88,0.010000,9102
10259,9,74,0.010000,9103
10260,18,134,0.010000,9103
10261,21,216,0.010000,9105
10262,16,135,0.010000,9105
10263,21,158,0.010000,9105
10264,22,211,0.010000,9106
10265,16,112,0.010000,9106
10266,17,146,0.010000,9107
10267,13,105,0.010000,9108
10268,9,85,0.010000,9108
10269,19,133,0.010000,9110
10270,18,144,0.010000,9110
10271,18,154,0.010000,9112
10272,13,89,0.010000,9113
10273,17,154,0.010000,9114
10274,20,174,0.010000,9115
10275,9,71,0.010000,9116
10276,15,139,0.010000,9117
10277,10,83,0.010000,9118
10278,2,11,0.010000,9119
10279,23,205,0.010000,9119
10280,22,180,0.010000,9119
10281,14,101,0.010000,9120
10282,12,117,0.010000,9120
10283,5,38,0.010000,9120
10284,21,177,0.010000,9120
10285,11,78,0.010000,9120
10286,20,147,0.010000,9121
10287,18,172,0.010000,9122
10288,20,196,0.010000,9122
10289,14,97,0.010000,9122
10290,8,68,0.010000,9122
10291,10,68,0.010000,9122
10292,11,94,0.010000,9122
10293,10,73,0.010000,9123
10294,19,158,0.010000,9126
10295,17,133,0.010000,9127
10296,11,84,0.010000,9127
10297,23,189,0.010000,9127
10298,12,95,0.010000,9128
10299,14,115,0.010000,9130
10300,14,132,0.010000,9130
10301,16,138,0.010000,9131
10302,14,118,0.010000,9132
10303,11,65,0.010000,9132
10304,17,110,0.010000,9133
10305,14,115,0.010000,9134
10306,14,118,0.010000,9134
10307,22,182,0.010000,9134
10308,13,111,0.010000,9135
10309,25,168,0.010000,9136
10310,13,90,0.010000,9137
10311,11,59,0.010000,9138
10312,12,86,0.010000,9139
10313,14,121,0.010000,9139
10314,25,236,0.010000,9139
10315,21,164,0.010000,9139
10316,11,94,0.010000,9140
10317,12,76,0.010000,9140
10318,10,75,0.010000,9141
10319,15,104,0.010000,9141
10320,13,115,0.010000,9141
10321,12,83,0.010000,9142
10322,19,138,0.010000,9143
10323,10,83,0.010000,9144
10324,23,196,0.010000,9144
10325,13,104,0.010000,9144
10326,16,111,0.010000,9144
10327,20,174,0.010000,9145
10328,12,93,0.010000,9145
10329,9,72,0.010000,9146
10330,4,44,0.010000,9146
10331,3,17,0.010000,9147
10332,5,36,0.010000,9147
10333,17,124,0.010000,9149
10334,5,37,0.010000,9150
10335,22,174,0.010000,9150
10336,8,62,0.010000,9150
10337,12,105,0.010000,9150
10338,11,101,0.010000,9151
10339,9,64,0.010000,9151
10340,9,49,0.010000,9152
10341,13,110,0.010000,9152
10342,15,131,0.010000,9152
10343,14,87,0.010000,9152
10344,13,103,0.010000,9153
10345,18,170,0.010000,9154
10346,16,139,0.010000,9154
10347,10,85,0.010000,9154
10348,3,39,0.010000,9154
10349,4,35,0.010000,9154
10350,20,170,0.010000,9155
10351,7,49,0.010000,9155
10352,8,51,0.010000,9155
10353,18,133,0.010000,9155
10354,5,34,0.010000,9155
10355,25,207,0.010000,9155
10356,15,136,0.010000,9156
10357,16,127,0.010000,9156
10358,10,54,0.010000,9156
10359,15,125,0.010000,9156
10360,15,123,0.010000,9157
10361,9,58,0.010000,9158
10362,12,97,0.010000,9158
10363,10,81,0.010000,9158
10364,6,56,0.010000,9158
10365,11,63,0.010000,9158
10366,6,51,0.010000,9158
10367,14,124,0.010000,9160
10368,12,95,0.010000,9160
10369,16,140,0.010000,9160
10370,14,109,0.010000,9161
10371,14,80,0.010000,9162
10372,6,48,0.010000,9162
10373,9,66,0.010000,9163
10374,12,76,0.010000,9164
10375,20,156,0.010000,9164
10376,19,170,0.010000,9167
10377,17,142,0.010000,9168
10378,20,174,0.010000,9168
10379,21,159,0.010000,9169
10380,16,128,0.010000,9170
10381,17,144,0.010000,9170
10382,11,67,0.010000,9170
10383,21,210,0.010000,9170
10384,11,82,0.010000,9170
10385,3,15,0.010000,9170
10386,23,153,0.010000,9170
10387,25,205,0.010000,9172
10388,3,28,0.010000,9172
10389,11,93,0.010000,9172
10390,8,51,0.010000,9173
10391,16,121,0.010000,9173
10392,16,117,0.010000,9173
10393,14,115,0.010000,9174
10394,14,129,0.010000,9174
10395,20,146,0.010000,9174
10396,15,166,0.010000,9174
10397,10,90,0.010000,9175
10398,15,134,0.010000,9175
10399,14,109,0.010000,9176
10400,23,225,0.010000,9177
10401,14,92,0.010000,9177
10402,11,67,0.010000,9177
10403,14,113,0.010000,9179
10404,16,119,0.010000,9180
10405,19,153,0.010000,9181
10406,23,162,0.010000,9182
10407,14,98,0.010000,9183
10408,9,73,0.010000,9183
10409,12,114,0.010000,9184
10410,14,91,0.010000,9185
10411,17,117,0.010000,9185
10412,13,104,0.010000,9185
10413,20,129,0.010000,9185
10414,6,48,0.010000,9185
10415,5,36,0.010000,9185
10416,12,76,0.010000,9185
10417,22,167,0.010000,9185
10418,14,113,0.010000,9186
10419,10,111,0.010000,9187
10420,9,67,0.010000,9187
10421,7,50,0.010000,9188
10422,17,102,0.010000,9189
10423,19,161,0.010000,9190
10424,15,120,0.010000,9190
10425,10,84,0.010000,9190
10426,11,65,0.010000,9191
10427,5,54,0.010000,9191
10428,20,150,0.010000,9192
10429,9,54,0.010000,9192
10430,15,131,0.010000,9194
10431,19,150,0.010000,9194
10432,22,151,0.010000,9195
10433,19,148,0.010000,9195
10434,4,29,0.010000,9195
10435,10,67,0.010000,9195
10436,21,201,0.010000,9195
10437,9,79,0.010000,9196
10438,6,31,0.010000,9196
10439,3,18,0.010000,9196
10440,8,53,0.010000,9197
10441,22,212,0.010000,9197
10442,0,6,0.010000,9197
10443,6,43,0.010000,9197
10444,3,30,0.010000,9197
10445,14,114,0.010000,9198
10446,10,93,0.010000,9199
10447,17,130,0.010000,9200
10448,12,75,0.010000,9200
10449,17,115,0.010000,9200
10450,25,208,0.010000,9200
10451,13,90,0.010000,9201
10452,10,105,0.010000,9201
10453,6,37,0.010000,9201
10454,16,148,0.010000,9201
10455,22,151,0.010000,9203
10456,11,92,0.010000,9204
10457,16,132,0.010000,9205
10458,10,72,0.010000,9205
10459,12,102,0.010000,9207
10460,8,75,0.010000,9207
10461,5,38,0.010000,9207
10462,22,173,0.010000,9208
10463,12,76,0.010000,9208
10464,21,184,0.010000,9211
10465,2,14,0.010000,9211
10466,14,90,0.010000,9211
10467,15,122,0.010000,9211
10468,11,76,0.010000,9212
10469,22,176,0.010000,9213
10470,22,157,0.010000,9214
10471,15,116,0.010000,9216
10472,17,156,0.010000,9217
10473,17,115,0.010000,9218
10474,6,45,0.010000,9219
10475,8,76,0.010000,9220
10476,15,119,0.010000,9220
10477,15,125,0.010000,9220
10478,12,71,0.010000,9221
10479,8,46,0.010000,9221
10480,10,116,0.010000,9222
10481,6,39,0.010000,9223
10482,4,19,0.010000,9223
10483,7,57,0.010000,9223
10484,14,98,0.010000,9223
10485,8,65,0.010000,9224
10486,21,161,0.010000,9227
10487,30,283,0.010000,9228
10488,12,103,0.010000,9228
10489,19,147,0.010000,9228
10490,22,163,0.010000,9228
10491,10,71,0.010000,9229
10492,14,93,0.010000,9230
10493,9,80,0.010000,9230
10494,16,120,0.010000,9231
10495,11,79,0.010000,9231
10496,12,98,0.010000,9231
10497,17,127,0.010000,9231
10498,15,126,0.010000,9232
10499,19,152,0.010000,9234
10500,19,145,0.010000,9235
10501,19,149,0.010000,9235
10502,13,106,0.010000,9235
10503,4,44,0.010000,9235
10504,6,47,0.010000,9235
10505,3,24,0.010000,9235
10506,7,48,0.010000,9235
10507,9,55,0.010000,9235
10508,15,96,0.010000,9235
10509,18,153,0.010000,9235
10510,15,136,0.010000,9235
10511,14,95,0.010000,9235
10512,13,109,0.010000,9236
10513,12,78,0.010000,9236
10514,15,135,0.010000,9237
10515,17,130,0.010000,9238
10516,10,66,0.010000,9238
10517,11,75,0.010000,9239
10518,7,48,0.010000,9239
10519,14,108,0.010000,9240
10520,12,77,0.010000,9241
10521,19,138,0.010000,9241
10522,12,88,0.010000,9242
10523,10,50,0.010000,9243
10524,9,81,0.010000,9243
10525,9,67,0.010000,9243
10526,7,47,0.010000,9243
10527,7,47,0.010000,9244
10528,22,174,0.010000,9244
10529,17,111,0.010000,9244
10530,9,56,0.010000,9244
10531,10,75,0.010000,9244
10532,11,83,0.010000,9244
10533,14,108,0.010000,9244
10534,13,104,0.010000,9244
10535,6,38,0.010000,9244
10536,24,211,0.010000,9244
10537,16,126,0.010000,9245
10538,18,171,0.010000,9245
10539,28,266,0.010000,9245
10540,18,146,0.010000,9247
10541,11,99,0.010000,9247
10542,12,101,0.010000,9247
10543,16,170,0.010000,9248
10544,13,105,0.010000,9249
10545,8,64,0.010000,9250
10546,18,163,0.010000,9251
10547,8,65,0.010000,9251
10548,13,112,0.010000,9252
10549,18,135,0.010000,9252
10550,11,89,0.010000,9253
10551,16,106,0.010000,9254
10552,10,68,0.010000,9255
10553,22,171,0.010000,9256
10554,24,210,0.010000,9256
10555,15,130,0.010000,9256
10556,20,143,0.010000,9256
10557,23,167,0.010000,9257
10558,17,123,0.010000,9259
10559,19,187,0.010000,9259
10560,23,159,0.010000,9260
10561,10,77,0.010000,9261
10562,16,138,0.010000,9262
10563,10,57,0.010000,9262
10564,18,145,0.010000,9263
10565,4,32,0.010000,9263
10566,13,126,0.010000,9264
10567,17,134,0.010000,9266
10568,10,64,0.010000,9266
10569,15,99,0.010000,9268
10570,13,112,0.010000,9268
10571,15,114,0.010000,9269
10572,8,66,0.010000,9269
10573,24,195,0.010000,9271
10574,20,189,0.010000,9272
10575,8,74,0.010000,9273
10576,8,55,0.010000,9274
10577,4,57,0.010000,9274
10578,13,140,0.010000,9275
10579,8,49,0.010000,9275
10580,9,86,0.010000,9275
10581,6,45,0.010000,9275
10582,14,126,0.010000,9276
10583,13,129,0.010000,9276
10584,7,52,0.010000,9276
10585,19,152,0.010000,9277
10586,21,152,0.010000,9277
10587,17,125,0.010000,9278
10588,15,123,0.010000,9279
10589,16,123,0.010000,9280
10590,23,184,0.010000,9280
10591,17,132,0.010000,9281
10592,14,97,0.010000,9282
10593,23,209,0.010000,9283
10594,16,143,0.010000,9284
10595,16,110,0.010000,9284
10596,6,45,0.010000,9284
10597,10,84,0.010000,9284
10598,16,100,0.010000,9285
10599,17,142,0.010000,9286
10600,14,107,0.010000,9288
10601,13,99,0.010000,9289
10602,19,148,0.010000,9289
10603,20,189,0.010000,9290
10604,1,15,0.010000,9290
10605,4,40,0.010000,9290
10606,16,112,0.010000,9290
10607,12,95,0.010000,9290
10608,20,188,0.010000,9291
10609,15,113,0.010000,9292
10610,11,79,0.010000,9293
10611,13,113,0.010000,9294
10612,18,141,0.010000,9294
10613,17,139,0.010000,9294
10614,20,187,0.010000,9295
10615,8,52,0.010000,9295
10616,10,71,0.010000,9296
10617,13,108,0.010000,9297
10618,9,59,0.010000,9298
10619,19,166,0.010000,9299
10620,6,30,0.010000,9299
10621,7,28,0.010000,9299
10622,9,70,0.010000,9301
10623,21,158,0.010000,9301
10624,14,144,0.010000,9301
10625,9,62,0.010000,9301
10626,10,90,0.010000,9301
10627,13,108,0.010000,9301
10628,12,96,0.010000,9303
10629,13,109,0.010000,9303
10630,11,93,0.010000,9303
10631,8,61,0.010000,9303
10632,22,179,0.010000,9303
10633,9,70,0.010000,9303
10634,10,69,0.010000,9304
10635,15,139,0.010000,9304
10636,16,133,0.010000,9304
10637,17,129,0.010000,9304
10638,14,130,0.010000,9304
10639,21,156,0.010000,9305
10640,25,180,0.010000,9305
10641,9,63,0.010000,9305
10642,11,98,0.010000,9306
10643,15,119,0.010000,9306
10644,19,154,0.010000,9306
10645,7,45,0.010000,9306
10646,20,178,0.010000,9306
10647,4,25,0.010000,9306
10648,14,118,0.010000,9306
10649,14,105,0.010000,9306
10650,26,183,0.010000,9307
10651,20,174,0.010000,9308
10652,14,133,0.010000,9310
10653,15,126,0.010000,9310
10654,19,175,0.010000,9310
10655,18,162,0.010000,9310
10656,13,112,0.010000,9310
10657,20,187,0.010000,9312
10658,23,188,0.010000,9312
10659,14,123,0.010000,9312
10660,12,76,0.010000,9312
10661,14,111,0.010000,9313
10662,4,22,0.010000,9313
10663,4,22,0.010000,9313
10664,8,63,0.010000,9313
10665,8,75,0.010000,9313
10666,12,100,0.010000,9315
10667,13,115,0.010000,9315
10668,11,97,0.010000,9315
10669,16,181,0.010000,9315
10670,10,74,0.010000,9315
10671,8,66,0.010000,9315
10672,6,35,0.010000,9315
10673,16,112,0.010000,9315
10674,18,156,0.010000,9315
10675,15,123,0.010000,9316
10676,18,188,0.010000,9318
10677,13,91,0.010000,9318
10678,2,10,0.010000,9318
10679,13,84,0.010000,9318
10680,13,108,0.010000,9319
10681,9,67,0.010000,9319
10682,16,156,0.010000,9321
10683,12,78,0.010000,9322
10684,15,135,0.010000,9322
10685,6,60,0.010000,9322
10686,17,140,0.010000,9322
10687,16,148,0.010000,9322
10688,11,74,0.010000,9323
10689,17,139,0.010000,9324
10690,20,155,0.010000,9324
10691,15,96,0.010000,9324
10692,7,48,0.010000,9325
10693,14,122,0.010000,9325
10694,13,95,0.010000,9326
10695,11,78,0.010000,9327
10696,22,193,0.010000,9327
10697,17,137,0.010000,9327
10698,5,40,0.010000,9327
10699,17,143,0.010000,9328
10700,13,77,0.010000,9329
10701,8,53,0.010000,9330
10702,15,146,0.010000,9331
10703,18,171,0.010000,9331
10704,17,118,0.010000,9332
10705,21,186,0.010000,9332
10706,22,162,0.010000,9332
10707,13,83,0.010000,9332
10708,23,185,0.010000,9332
10709,24,228,0.010000,9332
10710,23,174,0.010000,9333
10711,10,91,0.010000,9334
10712,17,135,0.010000,9334
10713,11,83,0.010000,9335
10714,17,144,0.010000,9336
10715,13,96,0.010000,9337
10716,7,35,0.010000,9337
10717,1,12,0.010000,9337
10718,8,72,0.010000,9338
10719,26,192,0.010000,9339
10720,8,56,0.010000,9340
10721,28,236,0.010000,9340
10722,16,128,0.010000,9340
10723,13,104,0.010000,9340
10724,13,90,0.010000,9340
10725,18,173,0.010000,9340
10726,7,62,0.010000,9340
10727,2,17,0.010000,9340
10728,20,157,0.010000,9341
10729,15,107,0.010000,9343
10730,9,65,0.010000,9344
10731,10,72,0.010000,9344
10732,19,110,0.010000,9344
10733,17,153,0.010000,9344
10734,16,125,0.010000,9346
10735,15,137,0.010000,9350
10736,13,118,0.010000,9350
10737,16,143,0.010000,9351
10738,7,46,0.010000,9351
10739,17,157,0.010000,9352
10740,12,85,0.010000,9352
10741,14,108,0.010000,9352
10742,15,90,0.010000,9353
10743,16,138,0.010000,9353
10744,11,72,0.010000,9353
10745,6,46,0.010000,9353
10746,21,149,0.010000,9354
10747,17,132,0.010000,9355
10748,21,181,0.010000,9356
10749,17,122,0.010000,9357
10750,16,110,0.010000,9357
10751,13,92,0.010000,9357
10752,10,57,0.010000,9357
10753,15,137,0.010000,9357
10754,10,66,0.010000,9357
10755,17,140,0.010000,9357
10756,7,58,0.010000,9357
10757,24,202,0.010000,9358
10758,7,54,0.010000,9358
10759,8,62,0.010000,9358
10760,12,91,0.010000,9359
10761,19,195,0.010000,9359
10762,20,158,0.010000,9360
10763,15,130,0.010000,9361
10764,8,79,0.010000,9361
10765,19,167,0.010000,9362
10766,19,165,0.010000,9363
10767,1,6,0.010000,9363
10768,16,110,0.010000,9363
10769,15,117,0.010000,9364
10770,17,140,0.010000,9364
10771,25,165,0.010000,9365
10772,18,126,0.010000,9367
10773,7,56,0.010000,9367
10774,12,95,0.010000,9367
10775,10,111,0.010000,9367
10776,7,73,0.010000,9368
10777,14,102,0.010000,9369
10778,10,76,0.010000,9369
10779,12,111,0.010000,9370
10780,6,36,0.010000,9371
10781,13,95,0.010000,9371
10782,8,75,0.010000,9371
10783,12,70,0.010000,9371
10784,5,38,0.010000,9371
10785,13,82,0.010000,9372
10786,19,156,0.010000,9372
10787,6,40,0.010000,9372
10788,14,118,0.010000,9372
10789,14,112,0.010000,9372
10790,26,197,0.010000,9372
10791,2,16,0.010000,9372
10792,10,78,0.010000,9372
10793,21,237,0.010000,9372
10794,14,116,0.010000,9372
10795,10,59,0.010000,9373
10796,11,87,0.010000,9373
10797,11,79,0.010000,9373
10798,17,162,0.010000,9374
10799,20,135,0.010000,9375
10800,17,151,0.010000,9375
10801,16,131,0.010000,9375
10802,13,104,0.010000,9376
10803,22,190,0.010000,9377
10804,11,81,0.010000,9377
10805,15,109,0.010000,9378
10806,11,99,0.010000,9378
10807,14,90,0.010000,9378
10808,9,61,0.010000,9378
10809,10,83,0.010000,9378
10810,14,139,0.010000,9378
10811,10,87,0.010000,9379
10812,18,146,0.010000,9379
10813,10,78,0.010000,9379
10814,13,104,0.010000,9379
10815,14,104,0.010000,9381
10816,14,115,0.010000,9381
10817,8,75,0.010000,9381
10818,11,84,0.010000,9381
10819,21,175,0.010000,9382
10820,22,202,0.010000,9383
10821,16,158,0.010000,9383
10822,12,71,0.010000,9384
10823,14,99,0.010000,9385
10824,6,52,0.010000,9386
10825,17,146,0.010000,9386
10826,16,136,0.010000,9386
10827,15,141,0.010000,9387
10828,15,157,0.010000,9387
10829,9,65,0.010000,9388
10830,13,86,0.010000,9388
10831,12,92,0.010000,9389
10832,16,152,0.010000,9389
10833,6,54,0.010000,9389
10834,10,73,0.010000,9391
10835,20,164,0.010000,9392
10836,7,43,0.010000,9392
10837,16,113,0.010000,9393
10838,21,187,0.010000,9393
10839,17,162,0.010000,9395
10840,16,96,0.010000,9395
10841,9,83,0.010000,9396
10842,10,87,0.010000,9396
10843,13,67,0.010000,9396
10844,15,121,0.010000,9396
10845,14,123,0.010000,9396
10846,10,88,0.010000,9396
10847,15,71,0.010000,9396
10848,20,162,0.010000,9397
10849,19,147,0.010000,9398
10850,12,117,0.010000,9401
10851,14,106,0.010000,9401
10852,17,167,0.010000,9404
10853,5,45,0.010000,9404
10854,6,41,0.010000,9404
10855,17,130,0.010000,9405
10856,23,149,0.010000,9406
10857,10,69,0.010000,9406
10858,19,115,0.010000,9407
10859,12,72,0.010000,9408
10860,15,104,0.010000,9409
10861,14,123,0.010000,9409
10862,10,78,0.010000,9409
10863,12,108,0.010000,9411
10864,14,130,0.010000,9411
10865,18,147,0.010000,9411
10866,16,114,0.010000,9411
10867,21,176,0.010000,9413
10868,19,194,0.010000,9413
10869,19,142,0.010000,9413
10870,18,154,0.010000,9414
10871,19,132,0.010000,9414
10872,11,80,0.010000,9415
10873,9,55,0.010000,9415
10874,7,87,0.010000,9415
10875,23,183,0.010000,9415
10876,12,67,0.010000,9415
10877,4,25,0.010000,9416
10878,12,90,0.010000,9416
10879,14,102,0.010000,9416
10880,5,41,0.010000,9416
10881,15,132,0.010000,9416
10882,13,122,0.010000,9416
10883,19,167,0.010000,9418
10884,11,82,0.010000,9418
10885,15,98,0.010000,9419
10886,2,18,0.010000,9419
10887,18,133,0.010000,9419
10888,20,153,0.010000,9421
10889,15,117,0.010000,9421
10890,21,201,0.010000,9421
10891,20,201,0.010000,9424
10892,11,116,0.010000,9425
10893,19,140,0.010000,9426
10894,18,135,0.010000,9427
10895,10,86,0.010000,9428
10896,18,150,0.010000,9428
10897,3,14,0.010000,9428
10898,3,27,0.010000,9428
10899,21,192,0.010000,9428
10900,15,105,0.010000,9428
10901,24,227,0.010000,9429
10902,8,82,0.010000,9429
10903,10,68,0.010000,9429
10904,12,83,0.010000,9430
10905,20,166,0.010000,9431
10906,12,94,0.010000,9431
10907,14,96,0.010000,9432
10908,12,78,0.010000,9433
10909,15,147,0.010000,9433
10910,18,151,0.010000,9434
10911,14,157,0.010000,9434
10912,17,124,0.010000,9435
10913,21,171,0.010000,9435
10914,17,134,0.010000,9436
10915,19,180,0.010000,9436
10916,10,86,0.010000,9437
10917,17,110,0.010000,9437
10918,19,156,0.010000,9438
10919,10,78,0.010000,9439
10920,24,178,0.010000,9439
10921,6,40,0.010000,9439
10922,12,112,0.010000,9440
10923,14,101,0.010000,9442
10924,13,94,0.010000,9443
10925,13,106,0.010000,9443
10926,10,83,0.010000,9443
10927,8,72,0.010000,9443
10928,9,72,0.010000,9443
10929,17,151,0.010000,9443
10930,9,78,0.010000,9443
10931,29,236,0.010000,9443
10932,9,79,0.010000,9443
10933,15,122,0.010000,9444
10934,10,72,0.010000,9444
10935,11,72,0.010000,9446
10936,18,159,0.010000,9446
10937,22,146,0.010000,9446
10938,15,151,0.010000,9446
10939,7,46,0.010000,9447
10940,18,135,0.010000,9447
10941,15,134,0.010000,9447
10942,13,91,0.010000,9447
10943,13,98,0.010000,9447
10944,16,110,0.010000,9448
10945,7,63,0.010000,9448
10946,18,133,0.010000,9448
10947,11,91,0.010000,9448
10948,18,125,0.010000,9449
10949,18,127,0.010000,9450
10950,5,45,0.010000,9451
10951,12,70,0.010000,9451
10952,5,32,0.010000,9452
10953,9,80,0.010000,9452
10954,13,79,0.010000,9452
10955,6,46,0.010000,9452
10956,8,48,0.010000,9452
10957,25,186,0.010000,9453
10958,6,35,0.010000,9453
10959,10,103,0.010000,9453
10960,18,145,0.010000,9454
10961,9,68,0.010000,9454
10962,12,94,0.010000,9454
10963,4,20,0.010000,9454
10964,13,96,0.010000,9454
10965,12,70,0.010000,9454
10966,22,180,0.010000,9455
10967,17,166,0.010000,9456
10968,13,91,0.010000,9456
10969,16,122,0.010000,9457
10970,15,113,0.010000,9457
10971,12,121,0.010000,9457
10972,11,97,0.010000,9457
10973,14,124,0.010000,9458
10974,13,117,0.010000,9459
10975,8,81,0.010000,9459
10976,14,109,0.010000,9463
10977,9,64,0.010000,9463
10978,13,92,0.010000,9463
10979,10,71,0.010000,9463
10980,20,148,0.010000,9465
10981,12,104,0.010000,9465
10982,15,144,0.010000,9465
10983,13,134,0.010000,9466
10984,16,114,0.010000,9468
10985,17,140,0.010000,9470
10986,8,62,0.010000,9471
10987,18,120,0.010000,9472
10988,11,108,0.010000,9474
10989,14,96,0.010000,9475
10990,11,82,0.010000,9476
10991,21,148,0.010000,9477
10992,13,120,0.010000,9479
10993,16,145,0.010000,9479
10994,26,193,0.010000,9480
10995,12,109,0.010000,9480
10996,11,74,0.010000,9480
10997,17,125,0.010000,9480
10998,2,12,0.010000,9480
10999,21,174,0.010000,9480
11000,22,176,0.010000,9481
11001,16,145,0.010000,9484
11002,21,160,0.010000,9485
11003,15,140,0.010000,9485
11004,15,146,0.010000,9485
11005,8,58,0.010000,9485
11006,1,10,0.010000,9485
11007,9,82,0.010000,9485
11008,11,78,0.010000,9485
11009,16,102,0.010000,9486
11010,11,89,0.010000,9486
11011,17,146,0.010000,9486
11012,13,98,0.010000,9486
11013,18,178,0.010000,9486
11014,15,111,0.010000,9487
11015,9,86,0.010000,9487
11016,14,103,0.010000,9487
11017,9,65,0.010000,9487
11018,13,66,0.010000,9488
11019,21,182,0.010000,9489
11020,14,100,0.010000,9490
11021,6,44,0.010000,9491
11022,24,194,0.010000,9492
11023,9,81,0.010000,9492
11024,6,70,0.010000,9492
11025,15,98,0.010000,9493
11026,16,128,0.010000,9493
11027,10,50,0.010000,9493
11028,14,131,0.010000,9495
11029,9,56,0.010000,9496
11030,9,69,0.010000,9497
11031,21,165,0.010000,9497
11032,15,135,0.010000,9498
11033,15,133,0.010000,9498
11034,12,104,0.010000,9498
11035,11,85,0.010000,9499
11036,19,141,0.010000,9499
11037,18,113,0.010000,9499
11038,10,77,0.010000,9499
11039,14,131,0.010000,9500
11040,23,211,0.010000,9501
11041,18,133,0.010000,9501
11042,18,146,0.010000,9502
11043,8,70,0.010000,9502
11044,22,160,0.010000,9502
11045,14,115,0.010000,9503
11046,19,131,0.010000,9504
11047,11,77,0.010000,9505
11048,21,166,0.010000,9505
11049,12,96,0.010000,9505
11050,24,190,0.010000,9506
11051,9,64,0.010000,9507
11052,12,72,0.010000,9507
11053,12,82,0.010000,9507
11054,23,192,0.010000,9508
11055,21,170,0.010000,9508
11056,22,146,0.010000,9509
11057,13,106,0.010000,9510
11058,15,135,0.010000,9510
11059,17,143,0.010000,9510
11060,12,102,0.010000,9510
11061,18,167,0.010000,9510
11062,10,96,0.010000,9510
11063,16,157,0.010000,9510
11064,17,127,0.010000,9511
11065,8,78,0.010000,9511
11066,13,107,0.010000,9511
11067,17,131,0.010000,9511
11068,12,89,0.010000,9512
11069,15,108,0.010000,9513
11070,12,93,0.010000,9513
11071,11,77,0.010000,9514
11072,28,267,0.010000,9514
11073,17,107,0.010000,9514
11074,16,103,0.010000,9515
11075,14,87,0.010000,9515
11076,21,165,0.010000,9515
11077,23,200,0.010000,9515
11078,5,31,0.010000,9516
11079,10,91,0.010000,9516
11080,13,118,0.010000,9516
11081,14,92,0.010000,9517
11082,8,46,0.010000,9517
11083,12,73,0.010000,9518
11084,6,46,0.010000,9518
11085,4,26,0.010000,9518
11086,0,7,0.010000,9518
11087,7,43,0.010000,9518
11088,8,48,0.010000,9518
11089,12,97,0.010000,9518
11090,12,72,0.010000,9518
11091,11,74,0.010000,9518
11092,11,67,0.010000,9519
11093,24,182,0.010000,9519
11094,11,86,0.010000,9520
11095,12,82,0.010000,9521
11096,11,90,0.010000,9522
11097,14,120,0.010000,9522
11098,13,99,0.010000,9523
11099,7,43,0.010000,9523
11100,14,121,0.010000,9523
11101,12,82,0.010000,9524
11102,19,141,0.010000,9524
11103,17,114,0.010000,9525
11104,15,122,0.010000,9525
11105,10,87,0.010000,9525
11106,0,5,0.010000,9525
11107,15,121,0.010000,9526
11108,9,89,0.010000,9527
11109,8,82,0.010000,9527
11110,18,141,0.010000,9528
11111,18,111,0.010000,9529
11112,8,53,0.010000,9529
11113,14,100,0.010000,9529
11114,10,81,0.010000,9529
11115,12,78,0.010000,9530
11116,4,31,0.010000,9530
11117,16,105,0.010000,9530
11118,12,97,0.010000,9532
11119,9,78,0.010000,9532
11120,22,161,0.010000,9533
11121,10,61,0.010000,9533
11122,19,161,0.010000,9533
11123,21,180,0.010000,9534
11124,21,168,0.010000,9535
11125,17,136,0.010000,9535
11126,13,107,0.010000,9535
11127,18,152,0.010000,9535
11128,11,75,0.010000,9535
11129,14,101,0.010000,9535
11130,21,182,0.010000,9537
11131,7,43,0.010000,9537
11132,15,84,0.010000,9537
11133,2,20,0.010000,9537
11134,15,126,0.010000,9537
11135,14,156,0.010000,9537
11136,21,173,0.010000,9541
11137,23,228,0.010000,9542
11138,14,107,0.010000,9543
11139,11,83,0.010000,9543
11140,11,92,0.010000,9544
11141,18,117,0.010000,9546
11142,3,23,0.010000,9546
11143,18,168,0.010000,9547
11144,22,220,0.010000,9548
11145,9,65,0.010000,9548
11146,4,34,0.010000,9549
11147,10,85,0.010000,9550
11148,19,156,0.010000,9552
11149,15,111,0.010000,9552
11150,10,89,0.010000,9552
11151,16,129,0.010000,9552
11152,10,56,0.010000,9552
11153,21,166,0.010000,9553
11154,15,156,0.010000,9554
11155,16,114,0.010000,9555
11156,15,133,0.010000,9555
11157,14,94,0.010000,9556
11158,14,110,0.010000,9556
11159,14,100,0.010000,9557
11160,5,27,0.010000,9557
11161,16,129,0.010000,9558
11162,18,166,0.010000,9558
11163,13,115,0.010000,9558
11164,16,133,0.010000,9558
11165,12,102,0.010000,9559
11166,24,171,0.010000,9560
11167,19,134,0.010000,9561
11168,19,161,0.010000,9561
11169,26,249,0.010000,9561
11170,16,145,0.010000,9562
11171,14,95,0.010000,9562
11172,13,82,0.010000,9563
11173,13,91,0.010000,9565
11174,15,87,0.010000,9566
11175,10,84,0.010000,9567
11176,9,55,0.010000,9567
11177,18,171,0.010000,9568
11178,19,165,0.010000,9569
11179,17,127,0.010000,9569
11180,21,152,0.010000,9572
11181,15,124,0.010000,9573
11182,21,168,0.010000,9573
11183,12,99,0.010000,9573
11184,8,69,0.010000,9573
11185,11,86,0.010000,9574
11186,12,96,0.010000,9574
11187,19,142,0.010000,9574
11188,6,42,0.010000,9574
11189,22,207,0.010000,9575
11190,11,98,0.010000,9575
11191,14,139,0.010000,9575
11192,22,194,0.010000,9575
11193,17,143,0.010000,9575
11194,20,161,0.010000,9576
11195,5,49,0.010000,9576
11196,25,237,0.010000,9577
11197,10,73,0.010000,9578
11198,1,15,0.010000,9578
11199,10,112,0.010000,9578
11200,10,66,0.010000,9578
11201,1,6,0.010000,9578
11202,17,147,0.010000,9579
11203,10,66,0.010000,9580
11204,9,57,0.010000,9580
11205,15,121,0.010000,9581
11206,16,132,0.010000,9582
11207,18,116,0.010000,9582
11208,12,121,0.010000,9583
11209,18,182,0.010000,9583
11210,17,146,0.010000,9586
11211,8,38,0.010000,9587
11212,10,82,0.010000,9587
11213,21,161,0.010000,9588
11214,6,46,0.010000,9588
11215,11,82,0.010000,9588
11216,8,43,0.010000,9588
11217,9,67,0.010000,9589
11218,14,120,0.010000,9589
11219,23,201,0.010000,9590
11220,10,95,0.010000,9590
11221,19,151,0.010000,9590
11222,15,114,0.010000,9592
11223,4,45,0.010000,9592
11224,15,104,0.010000,9592
11225,12,108,0.010000,9592
11226,9,56,0.010000,9592
11227,3,18,0.010000,9592
11228,9,72,0.010000,9592
11229,12,99,0.010000,9592
11230,9,66,0.010000,9592
11231,9,87,0.010000,9592
11232,19,189,0.010000,9593
11233,16,134,0.010000,9594
11234,5,29,0.010000,9594
11235,23,211,0.010000,9597
11236,20,154,0.010000,9598
11237,8,64,0.010000,9598
11238,9,42,0.010000,9598
11239,20,140,0.010000,9598
11240,2,18,0.010000,9598
11241,11,101,0.010000,9599
11242,5,58,0.010000,9599
11243,19,152,0.010000,9601
11244,15,149,0.010000,9601
11245,12,89,0.010000,9601
11246,26,251,0.010000,9602
11247,14,105,0.010000,9603
11248,16,169,0.010000,9603
11249,10,63,0.010000,9603
11250,8,76,0.010000,9603
11251,17,157,0.010000,9604
11252,23,142,0.010000,9604
11253,18,121,0.010000,9604
11254,19,141,0.010000,9606
11255,13,78,0.010000,9607
11256,24,238,0.010000,9609
11257,4,36,0.010000,9609
11258,24,192,0.010000,9610
11259,12,66,0.010000,9611
11260,28,285,0.010000,9611
11261,12,95,0.010000,9611
11262,21,171,0.010000,9611
11263,22,177,0.010000,9611
11264,30,252,0.010000,9611
11265,10,78,0.010000,9613
11266,11,91,0.010000,9614
11267,14,124,0.010000,9614
11268,15,116,0.010000,9614
11269,11,91,0.010000,9615
11270,13,119,0.010000,9615
11271,12,123,0.010000,9615
11272,12,88,0.010000,9616
11273,12,96,0.010000,9617
11274,1,7,0.010000,9617
11275,14,92,0.010000,9617
11276,17,121,0.010000,9617
11277,5,31,0.010000,9617
11278,32,297,0.010000,9617
11279,12,122,0.010000,9617
11280,8,67,0.010000,9618
11281,10,72,0.010000,9619
11282,22,174,0.010000,9619
11283,10,55,0.010000,9619
11284,12,82,0.010000,9620
11285,10,60,0.010000,9620
11286,9,83,0.010000,9620
11287,15,127,0.010000,9620
11288,13,92,0.010000,9622
11289,9,78,0.010000,9623
11290,9,76,0.010000,9623
11291,10,112,0.010000,9623
11292,10,91,0.010000,9624
11293,13,109,0.010000,9624
11294,1,11,0.010000,9624
11295,10,74,0.010000,9624
11296,14,100,0.010000,9624
11297,16,141,0.010000,9624
11298,12,71,0.010000,9625
11299,19,157,0.010000,9628
11300,16,104,0.010000,9628
11301,21,132,0.010000,9629
11302,11,104,0.010000,9629
11303,16,137,0.010000,9630
11304,12,85,0.010000,9630
11305,15,129,0.010000,9630
11306,9,69,0.010000,9631
11307,14,144,0.010000,9632
11308,21,181,0.010000,9634
11309,16,118,0.010000,9634
11310,18,137,0.010000,9635
11311,14,132,0.010000,9636
11312,18,141,0.010000,9636
11313,8,68,0.010000,9636
11314,18,136,0.010000,9638
11315,15,113,0.010000,9638
11316,21,182,0.010000,9638
11317,20,147,0.010000,9638
11318,20,185,0.010000,9638
11319,4,37,0.010000,9638
11320,19,164,0.010000,9639
11321,11,67,0.010000,9639
11322,5,30,0.010000,9639
11323,11,75,0.010000,9640
11324,20,175,0.010000,9641
11325,16,119,0.010000,9642
11326,18,152,0.010000,9643
11327,12,78,0.010000,9643
11328,10,76,0.010000,9643
11329,11,108,0.010000,9643
11330,28,249,0.010000,9644
11331,18,125,0.010000,9645
11332,22,166,0.010000,9646
11333,18,116,0.010000,9646
11334,17,104,0.010000,9646
11335,6,48,0.010000,9646
11336,13,101,0.010000,9646
11337,8,85,0.010000,9646
11338,17,156,0.010000,9647
11339,6,60,0.010000,9648
11340,12,60,0.010000,9648
11341,12,76,0.010000,9648
11342,13,96,0.010000,9648
11343,11,94,0.010000,9648
11344,6,45,0.010000,9648
11345,22,174,0.010000,9649
11346,20,208,0.010000,9649
11347,21,134,0.010000,9649
11348,11,81,0.010000,9650
11349,6,59,0.010000,9651
11350,14,114,0.010000,9651
11351,11,64,0.010000,9652
11352,8,68,0.010000,9653
11353,22,176,0.010000,9653
11354,13,84,0.010000,9654
11355,18,133,0.010000,9655
11356,5,30,0.010000,9655
11357,14,113,0.010000,9655
11358,17,132,0.010000,9656
11359,21,168,0.010000,9657
11360,19,139,0.010000,9658
11361,15,94,0.010000,9660
11362,11,84,0.010000,9660
11363,19,172,0.010000,9663
11364,17,130,0.010000,9664
11365,5,47,0.010000,9664
11366,13,103,0.010000,9664
11367,2,19,0.010000,9664
11368,14,120,0.010000,9664
11369,20,151,0.010000,9666
11370,13,125,0.010000,9666
11371,8,67,0.010000,9667
11372,11,79,0.010000,9667
11373,13,95,0.010000,9668
11374,8,51,0.010000,9668
11375,3,15,0.010000,9668
11376,16,111,0.010000,9669
11377,17,130,0.010000,9669
11378,20,172,0.010000,9669
11379,19,154,0.010000,9669
11380,18,148,0.010000,9669
11381,9,70,0.010000,9669
11382,12,87,0.010000,9669
11383,8,75,0.010000,9670
11384,5,34,0.010000,9670
11385,18,142,0.010000,9671
11386,11,93,0.010000,9671
11387,10,115,0.010000,9672
11388,6,68,0.010000,9672
11389,12,94,0.010000,9673
11390,16,100,0.010000,9675
11391,11,99,0.010000,9675
11392,19,176,0.010000,9676
11393,8,54,0.010000,9677
11394,20,170,0.010000,9678
11395,8,91,0.010000,9678
11396,17,127,0.010000,9679
11397,19,167,0.010000,9680
11398,13,106,0.010000,9681
11399,9,48,0.010000,9681
11400,24,195,0.010000,9681
11401,5,48,0.010000,9681
11402,18,132,0.010000,9681
11403,11,85,0.010000,9681
11404,11,79,0.010000,9681
11405,20,158,0.010000,9682
11406,21,191,0.010000,9682
11407,10,69,0.010000,9682
11408,17,127,0.010000,9682
11409,14,125,0.010000,9682
11410,7,37,0.010000,9682
11411,18,146,0.010000,9683
11412,17,108,0.010000,9684
11413,18,171,0.010000,9685
11414,10,63,0.010000,9685
11415,12,106,0.010000,9685
11416,14,126,0.010000,9685
11417,10,81,0.010000,9687
11418,10,60,0.010000,9687
11419,8,60,0.010000,9687
11420,17,171,0.010000,9687
11421,20,164,0.010000,9687
11422,11,87,0.010000,9688
11423,16,150,0.010000,9689
11424,18,116,0.010000,9690
11425,20,159,0.010000,9690
11426,19,120,0.010000,9690
11427,12,103,0.010000,9691
11428,23,204,0.010000,9691
11429,16,161,0.010000,9692
11430,10,84,0.010000,9692
11431,16,128,0.010000,9692
11432,16,143,0.010000,9693
11433,17,140,0.010000,9694
11434,12,94,0.010000,9695
11435,11,84,0.010000,9695
11436,19,170,0.010000,9696
11437,15,153,0.010000,9696
11438,15,110,0.010000,9696
11439,17,130,0.010000,9696
11440,17,120,0.010000,9696
11441,11,117,0.010000,9696
11442,15,127,0.010000,9696
11443,7,42,0.010000,9697
11444,18,135,0.010000,9697
11445,22,183,0.010000,9699
11446,16,150,0.010000,9701
11447,19,156,0.010000,9701
11448,19,159,0.010000,9701
11449,16,151,0.010000,9702
11450,8,55,0.010000,9702
11451,14,91,0.010000,9702
11452,10,80,0.010000,9702
11453,3,24,0.010000,9702
11454,10,59,0.010000,9702
11455,23,206,0.010000,9704
11456,8,63,0.010000,9705
11457,15,105,0.010000,9705
11458,14,135,0.010000,9705
11459,20,146,0.010000,9705
11460,22,182,0.010000,9705
11461,17,134,0.010000,9705
11462,18,129,0.010000,9705
11463,18,130,0.010000,9706
11464,12,95,0.010000,9707
11465,4,36,0.010000,9707
11466,12,145,0.010000,9707
11467,14,130,0.010000,9708
11468,15,136,0.010000,9709
11469,13,122,0.010000,9709
11470,12,133,0.010000,9709
11471,17,127,0.010000,9710
11472,3,29,0.010000,9710
11473,12,76,0.010000,9710
11474,17,166,0.010000,9711
11475,19,179,0.010000,9711
11476,11,80,0.010000,9712
11477,12,111,0.010000,9712
11478,21,135,0.010000,9712
11479,19,142,0.010000,9713
11480,16,132,0.010000,9714
11481,12,111,0.010000,9715
11482,16,158,0.010000,9715
11483,7,57,0.010000,9717
11484,12,114,0.010000,9718
11485,7,53,0.010000,9718
11486,1,9,0.010000,9718
11487,20,166,0.010000,9718
11488,11,97,0.010000,9720
11489,18,152,0.010000,9721
11490,15,121,0.010000,9721
11491,20,148,0.010000,9721
11492,12,90,0.010000,9721
11493,7,67,0.010000,9721
11494,8,67,0.010000,9723
11495,21,169,0.010000,9723
11496,11,89,0.010000,9724
11497,8,71,0.010000,9724
11498,18,199,0.010000,9724
11499,12,94,0.010000,9724
11500,11,65,0.010000,9724
11501,9,71,0.010000,9725
11502,20,161,0.010000,9726
11503,13,73,0.010000,9727
11504,23,205,0.010000,9728
11505,13,114,0.010000,9728
11506,25,223,0.010000,9732
11507,23,203,0.010000,9732
11508,14,131,0.010000,9732
11509,11,113,0.010000,9732
11510,12,86,0.010000,9732
11511,17,159,0.010000,9732
11512,16,145,0.010000,9732
11513,22,191,0.010000,9733
11514,28,236,0.010000,9734
11515,21,177,0.010000,9734
11516,3,25,0.010000,9734
11517,9,61,0.010000,9737
11518,20,154,0.010000,9737
11519,11,117,0.010000,9737
11520,14,102,0.010000,9738
11521,11,93,0.010000,9738
11522,25,243,0.010000,9739
11523,20,184,0.010000,9740
11524,10,82,0.010000,9740
11525,21,173,0.010000,9740
11526,24,190,0.010000,9741
11527,22,216,0.010000,9741
11528,15,126,0.010000,9743
11529,15,118,0.010000,9743
11530,17,134,0.010000,9745
11531,13,85,0.010000,9745
11532,13,114,0.010000,9745
11533,15,120,0.010000,9746
11534,18,111,0.010000,9747
11535,10,57,0.010000,9747
11536,15,129,0.010000,9747
11537,9,64,0.010000,9748
11538,17,142,0.010000,9748
11539,16,105,0.010000,9748
11540,15,160,0.010000,9748
11541,19,146,0.010000,9749
11542,11,81,0.010000,9752
11543,7,46,0.010000,9752
11544,21,161,0.010000,9753
11545,15,147,0.010000,9753
11546,13,118,0.010000,9753
11547,10,73,0.010000,9754
11548,13,123,0.010000,9755
11549,17,126,0.010000,9755
11550,16,120,0.010000,9757
11551,11,78,0.010000,9758
11552,2,11,0.010000,9758
11553,9,83,0.010000,9758
11554,13,126,0.010000,9758
11555,14,129,0.010000,9759
11556,17,132,0.010000,9759
11557,20,151,0.010000,9760
11558,13,99,0.010000,9761
11559,13,121,0.010000,9761
11560,10,86,0.010000,9763
11561,17,138,0.010000,9763
11562,7,45,0.010000,9764
11563,3,26,0.010000,9764
11564,22,168,0.010000,9765
11565,9,58,0.010000,9766
11566,17,111,0.010000,9766
11567,15,121,0.010000,9766
11568,7,55,0.010000,9766
11569,25,184,0.010000,9766
11570,19,141,0.010000,9767
11571,8,60,0.010000,9767
11572,7,55,0.010000,9767
11573,12,91,0.010000,9767
11574,17,143,0.010000,9769
11575,16,128,0.010000,9770
11576,14,111,0.010000,9770
11577,11,96,0.010000,9770
11578,14,81,0.010000,9770
11579,21,181,0.010000,9770
11580,11,77,0.010000,9771
11581,16,113,0.010000,9771
11582,14,118,0.010000,9772
11583,8,45,0.010000,9772
11584,12,74,0.010000,9772
11585,18,154,0.010000,9773
11586,13,75,0.010000,9774
11587,11,90,0.010000,9775
11588,19,150,0.010000,9775
11589,24,191,0.010000,9776
11590,5,59,0.010000,9776
11591,8,61,0.010000,9777
11592,13,72,0.010000,9777
11593,9,89,0.010000,9777
11594,2,19,0.010000,9777
11595,16,129,0.010000,9778
11596,14,106,0.010000,9779
11597,24,201,0.010000,9780
11598,12,87,0.010000,9780
11599,10,57,0.010000,9780
11600,4,30,0.010000,9780
11601,19,152,0.010000,9780
11602,4,26,0.010000,9780
11603,18,164,0.010000,9782
11604,19,129,0.010000,9783
11605,11,96,0.010000,9784
11606,20,171,0.010000,9786
11607,20,156,0.010000,9786
11608,8,66,0.010000,9786
11609,10,69,0.010000,9786
11610,17,137,0.010000,9786
11611,18,146,0.010000,9787
11612,7,71,0.010000,9787
11613,20,175,0.010000,9788
11614,18,166,0.010000,9789
11615,20,119,0.010000,9790
11616,10,80,0.010000,9791
11617,2,8,0.010000,9791
11618,10,85,0.010000,9792
11619,10,90,0.010000,9792
11620,2,11,0.010000,9792
11621,7,45,0.010000,9792
11622,22,161,0.010000,9793
11623,19,170,0.010000,9794
11624,22,194,0.010000,9794
11625,6,49,0.010000,9794
11626,10,87,0.010000,9794
11627,23,170,0.010000,9794
11628,14,104,0.010000,9794
11629,13,109,0.010000,9794
11630,15,112,0.010000,9794
11631,19,150,0.010000,9795
11632,17,139,0.010000,9797
11633,15,113,0.010000,9797
11634,11,73,0.010000,9797
11635,10,82,0.010000,9797
11636,21,147,0.010000,9797
11637,16,172,0.010000,9798
11638,9,77,0.010000,9798
11639,22,232,0.010000,9800
11640,15,108,0.010000,9802
11641,10,68,0.010000,9803
11642,18,133,0.010000,9805
11643,7,59,0.010000,9806
11644,18,154,0.010000,9806
11645,14,83,0.010000,9806
11646,7,57,0.010000,9806
11647,18,128,0.010000,9806
11648,16,134,0.010000,9806
11649,35,259,0.010000,9806
11650,17,122,0.010000,9807
11651,14,73,0.010000,9807
11652,15,114,0.010000,9807
11653,15,117,0.010000,9808
11654,22,187,0.010000,9809
11655,5,34,0.010000,9809
11656,17,149,0.010000,9810
11657,12,112,0.010000,9810
11658,19,146,0.010000,9810
11659,13,121,0.010000,9810
11660,15,126,0.010000,9810
11661,13,84,0.010000,9810
11662,5,50,0.010000,9810
11663,15,129,0.010000,9811
11664,11,83,0.010000,9811
11665,12,94,0.010000,9812
11666,17,117,0.010000,9813
11667,17,104,0.010000,9813
11668,19,166,0.010000,9814
11669,15,111,0.010000,9815
11670,7,46,0.010000,9816
11671,16,117,0.010000,9817
11672,26,219,0.010000,9817
11673,15,120,0.010000,9817
11674,15,132,0.010000,9817
11675,16,141,0.010000,9818
11676,20,161,0.010000,9820
11677,9,45,0.010000,9821
11678,20,181,0.010000,9821
11679,16,128,0.010000,9821
11680,26,242,0.010000,9821
11681,11,83,0.010000,9822
11682,12,77,0.010000,9822
11683,19,166,0.010000,9823
11684,10,83,0.010000,9824
11685,24,220,0.010000,9824
11686,23,191,0.010000,9824
11687,16,173,0.010000,9824
11688,13,102,0.010000,9824
11689,23,171,0.010000,9826
11690,9,64,0.010000,9826
11691,8,58,0.010000,9827
11692,24,211,0.010000,9829
11693,12,91,0.010000,9829
11694,7,51,0.010000,9829
11695,14,85,0.010000,9831
11696,13,89,0.010000,9831
11697,8,76,0.010000,9831
11698,8,60,0.010000,9831
11699,14,122,0.010000,9831
11700,19,138,0.010000,9832
11701,19,152,0.010000,9833
11702,10,80,0.010000,9834
11703,8,56,0.010000,9834
11704,11,103,0.010000,9834
11705,18,162,0.010000,9835
11706,8,46,0.010000,9835
11707,18,152,0.010000,9836
11708,15,124,0.010000,9836
11709,17,157,0.010000,9836
11710,17,153,0.010000,9837
11711,18,158,0.010000,9838
11712,21,160,0.010000,9838
11713,11,78,0.010000,9838
11714,12,117,0.010000,9838
11715,9,78,0.010000,9839
11716,10,72,0.010000,9839
11717,7,52,0.010000,9839
11718,9,51,0.010000,9839
11719,5,29,0.010000,9839
11720,9,72,0.010000,9840
11721,15,121,0.010000,9841
11722,11,92,0.010000,9841
11723,16,116,0.010000,9841
11724,5,26,0.010000,9841
11725,16,118,0.010000,9841
11726,15,132,0.010000,9841
11727,14,112,0.010000,9842
11728,14,108,0.010000,9843
11729,19,137,0.010000,9843
11730,18,141,0.010000,9843
11731,9,53,0.010000,9843
11732,15,116,0.010000,9844
11733,10,87,0.010000,9844
11734,11,97,0.010000,9844
11735,22,207,0.010000,9844
11736,21,155,0.010000,9844
11737,9,64,0.010000,9844
11738,19,168,0.010000,9844
11739,18,156,0.010000,9844
11740,16,137,0.010000,9845
11741,22,178,0.010000,9846
11742,6,36,0.010000,9846
11743,2,12,0.010000,9846
11744,18,139,0.010000,9846
11745,16,147,0.010000,9846
11746,4,25,0.010000,9846
11747,15,124,0.010000,9847
11748,17,142,0.010000,9848
11749,12,84,0.010000,9848
11750,20,167,0.010000,9849
11751,6,31,0.010000,9849
11752,21,166,0.010000,9849
11753,16,122,0.010000,9849
11754,26,284,0.010000,9850
11755,21,158,0.010000,9850
11756,10,91,0.010000,9850
11757,16,141,0.010000,9851
11758,16,150,0.010000,9851
11759,14,104,0.010000,9851
11760,10,64,0.010000,9851
11761,8,64,0.010000,9851
11762,23,196,0.010000,9853
11763,13,101,0.010000,9853
11764,22,194,0.010000,9853
11765,23,189,0.010000,9854
11766,21,199,0.010000,9855
11767,12,83,0.010000,9856
11768,17,140,0.010000,9856
11769,16,117,0.010000,9858
11770,12,65,0.010000,9859
11771,19,132,0.010000,9859
11772,11,78,0.010000,9859
11773,9,85,0.010000,9859
11774,8,56,0.010000,9859
11775,14,131,0.010000,9860
11776,8,65,0.010000,9862
11777,19,171,0.010000,9862
11778,14,102,0.010000,9862
11779,12,109,0.010000,9863
11780,9,46,0.010000,9863
11781,24,175,0.010000,9863
11782,10,85,0.010000,9863
11783,17,133,0.010000,9864
11784,3,27,0.010000,9864
11785,20,157,0.010000,9865
11786,13,92,0.010000,9865
11787,3,21,0.010000,9865
11788,10,48,0.010000,9866
11789,8,54,0.010000,9866
11790,15,110,0.010000,9866
11791,10,88,0.010000,9866
11792,18,143,0.010000,9866
11793,4,32,0.010000,9866
11794,19,156,0.010000,9866
11795,13,88,0.010000,9868
11796,6,35,0.010000,9869
11797,9,48,0.010000,9869
11798,14,96,0.010000,9871
11799,10,66,0.010000,9871
11800,10,89,0.010000,9871
11801,27,199,0.010000,9872
11802,15,128,0.010000,9872
11803,11,84,0.010000,9872
11804,11,113,0.010000,9872
11805,6,59,0.010000,9872
11806,20,162,0.010000,9874
11807,22,141,0.010000,9875
11808,15,103,0.010000,9875
11809,5,47,0.010000,9875
11810,2,16,0.010000,9875
11811,7,51,0.010000,9875
11812,7,49,0.010000,9876
11813,16,107,0.010000,9878
11814,11,104,0.010000,9878
11815,16,134,0.010000,9878
11816,14,116,0.010000,9878
11817,15,106,0.010000,9879
11818,6,23,0.010000,9880
11819,17,143,0.010000,9880
11820,21,186,0.010000,9881
11821,4,35,0.010000,9881
11822,14,119,0.010000,9881
11823,15,128,0.010000,9883
11824,27,223,0.010000,9885
11825,6,48,0.010000,9885
11826,6,43,0.010000,9886
11827,20,141,0.010000,9888
11828,17,124,0.010000,9891
11829,15,140,0.010000,9892
11830,14,87,0.010000,9893
11831,7,56,0.010000,9894
11832,13,115,0.010000,9894
11833,10,59,0.010000,9894
11834,17,126,0.010000,9894
11835,14,125,0.010000,9894
11836,6,44,0.010000,9894
11837,15,118,0.010000,9894
11838,13,91,0.010000,9895
11839,2,13,0.010000,9895
11840,13,96,0.010000,9895
11841,16,113,0.010000,9896
11842,13,94,0.010000,9899
11843,16,147,0.010000,9899
11844,16,127,0.010000,9900
11845,13,94,0.010000,9900
11846,10,66,0.010000,9900
11847,17,155,0.010000,9901
11848,16,124,0.010000,9901
11849,6,60,0.010000,9901
11850,10,75,0.010000,9901
11851,6,60,0.010000,9902
11852,22,194,0.010000,9902
11853,9,98,0.010000,9902
11854,14,102,0.010000,9903
11855,15,121,0.010000,9904
11856,7,69,0.010000,9904
11857,17,152,0.010000,9904
11858,4,35,0.010000,9905
11859,17,155,0.010000,9905
11860,13,102,0.010000,9905
11861,15,132,0.010000,9906
11862,19,134,0.010000,9908
11863,18,132,0.010000,9908
11864,15,131,0.010000,9909
11865,4,28,0.010000,9909
11866,10,95,0.010000,9909
11867,10,70,0.010000,9910
11868,10,85,0.010000,9910
11869,21,142,0.010000,9910
11870,7,48,0.010000,9910
11871,20,201,0.010000,9911
11872,14,108,0.010000,9911
11873,18,131,0.010000,9912
11874,11,84,0.010000,9913
11875,21,195,0.010000,9914
11876,25,192,0.010000,9914
11877,15,132,0.010000,9915
11878,12,95,0.010000,9916
11879,13,120,0.010000,9916
11880,17,140,0.010000,9916
11881,10,63,0.010000,9916
11882,10,84,0.010000,9917
11883,6,52,0.010000,9917
11884,16,135,0.010000,9918
11885,13,94,0.010000,9918
11886,12,76,0.010000,9919
11887,25,168,0.010000,9920
11888,14,89,0.010000,9920
11889,2,20,0.010000,9920
11890,4,33,0.010000,9920
11891,13,87,0.010000,9921
11892,17,128,0.010000,9921
11893,14,118,0.010000,9923
11894,15,123,0.010000,9923
11895,18,157,0.010000,9923
11896,20,180,0.010000,9923
11897,13,100,0.010000,9924
11898,22,162,0.010000,9925
11899,7,52,0.010000,9925
11900,10,85,0.010000,9925
11901,11,91,0.010000,9925
11902,16,139,0.010000,9925
11903,11,51,0.010000,9925
11904,16,171,0.010000,9925
11905,7,57,0.010000,9925
11906,19,129,0.010000,9925
11907,16,142,0.010000,9925
11908,9,63,0.010000,9926
11909,10,76,0.010000,9926
11910,12,109,0.010000,9926
11911,21,159,0.010000,9927
11912,22,169,0.010000,9927
11913,16,149,0.010000,9928
11914,19,148,0.010000,9929
11915,10,93,0.010000,9930
11916,20,143,0.010000,9930
11917,17,128,0.010000,9930
11918,11,103,0.010000,9931
11919,13,122,0.010000,9931
11920,14,134,0.010000,9931
11921,15,104,0.010000,9932
11922,22,219,0.010000,9932
11923,12,99,0.010000,9932
11924,15,139,0.010000,9932
11925,18,185,0.010000,9932
11926,10,70,0.010000,9932
11927,15,121,0.010000,9932
11928,10,68,0.010000,9933
11929,10,79,0.010000,9933
11930,12,97,0.010000,9933
11931,14,114,0.010000,9933
11932,7,56,0.010000,9933
11933,12,125,0.010000,9933
11934,11,89,0.010000,9934
11935,13,108,0.010000,9934
11936,23,168,0.010000,9934
11937,15,120,0.010000,9934
11938,25,232,0.010000,9934
11939,8,83,0.010000,9934
11940,14,108,0.010000,9934
11941,8,66,0.010000,9934
11942,13,115,0.010000,9935
11943,1,7,0.010000,9935
11944,18,152,0.010000,9935
11945,4,11,0.010000,9935
11946,23,212,0.010000,9936
11947,17,157,0.010000,9937
11948,11,89,0.010000,9938
11949,21,190,0.010000,9938
11950,13,98,0.010000,9938
11951,6,56,0.010000,9938
11952,24,257,0.010000,9938
11953,9,74,0.010000,9940
11954,11,97,0.010000,9941
11955,8,58,0.010000,9941
11956,21,182,0.010000,9941
11957,9,67,0.010000,9941
11958,10,82,0.010000,9941
11959,21,192,0.010000,9941
11960,6,51,0.010000,9941
11961,11,88,0.010000,9942
11962,8,45,0.010000,9944
11963,8,59,0.010000,9944
11964,14,117,0.010000,9944
11965,16,143,0.010000,9944
11966,18,151,0.010000,9945
11967,13,118,0.010000,9946
11968,12,105,0.010000,9946
11969,16,109,0.010000,9946
11970,10,61,0.010000,9946
11971,20,188,0.010000,9947
11972,16,136,0.010000,9947
11973,14,107,0.010000,9947
11974,18,146,0.010000,9948
11975,11,68,0.010000,9948
11976,12,82,0.010000,9948
11977,27,303,0.010000,9948
11978,13,75,0.010000,9949
11979,13,110,0.010000,9949
11980,20,172,0.010000,9950
11981,2,21,0.010000,9950
11982,16,120,0.010000,9950
11983,4,25,0.010000,9951
11984,13,112,0.010000,9951
11985,12,104,0.010000,9952
11986,9,47,0.010000,9952
11987,20,145,0.010000,9952
11988,17,120,0.010000,9952
11989,9,64,0.010000,9952
11990,10,77,0.010000,9952
11991,18,158,0.010000,9953
11992,12,113,0.010000,9954
11993,24,200,0.010000,9955
11994,12,95,0.010000,9955
11995,6,48,0.010000,9955
11996,21,126,0.010000,9956
11997,14,105,0.010000,9956
11998,4,21,0.010000,9956
11999,14,116,0.010000,9956
12000,12,101,0.010000,9956
12001,9,56,0.010000,9957
12002,22,190,0.010000,9957
12003,21,202,0.010000,9959
12004,5,34,0.010000,9959
12005,18,140,0.010000,9960
12006,24,153,0.010000,9960
12007,11,94,0.010000,9961
12008,18,145,0.010000,9962
12009,8,93,0.010000,9962
12010,19,181,0.010000,9964
12011,19,146,0.010000,9968
12012,16,110,0.010000,9968
12013,12,71,0.010000,9968
12014,10,73,0.010000,9968
12015,13,100,0.010000,9969
12016,19,165,0.010000,9969
12017,26,206,0.010000,9969
12018,10,75,0.010000,9969
12019,17,162,0.010000,9970
12020,21,163,0.010000,9971
12021,14,96,0.010000,9971
12022,21,173,0.010000,9971
12023,23,204,0.010000,9972
12024,16,146,0.010000,9972
12025,5,33,0.010000,9972
12026,5,24,0.010000,9972
12027,10,63,0.010000,9972
12028,6,43,0.010000,9972
12029,24,173,0.010000,9973
12030,15,94,0.010000,9974
12031,12,79,0.010000,9974
12032,9,60,0.010000,9974
12033,9,55,0.010000,9974
12034,28,236,0.010000,9974
12035,19,158,0.010000,9975
12036,14,111,0.010000,9975
12037,16,108,0.010000,9975
12038,11,77,0.010000,9975
12039,15,127,0.010000,9975
12040,14,131,0.010000,9975
12041,17,157,0.010000,9975
12042,12,82,0.010000,9975
12043,22,141,0.010000,9975
12044,16,112,0.010000,9975
12045,15,106,0.010000,9975
12046,17,164,0.010000,9975
12047,14,92,0.010000,9975
12048,10,73,0.010000,9975
12049,24,207,0.010000,9977
12050,11,114,0.010000,9977
12051,13,106,0.010000,9978
12052,13,100,0.010000,9978
12053,19,151,0.010000,9978
12054,12,73,0.010000,9978
12055,12,90,0.010000,9979
12056,13,112,0.010000,9980
12057,7,53,0.010000,9980
12058,9,78,0.010000,9981
12059,12,103,0.010000,9981
12060,20,162,0.010000,9981
12061,26,195,0.010000,9982
12062,8,59,0.010000,9982
12063,12,92,0.010000,9983
12064,13,98,0.010000,9984
12065,19,145,0.010000,9985
12066,18,150,0.010000,9986
12067,12,87,0.010000,9986
12068,17,121,0.010000,9986
12069,6,36,0.010000,9986
12070,23,204,0.010000,9987
12071,3,24,0.010000,9987
12072,7,48,0.010000,9987
12073,15,123,0.010000,9987
12074,13,125,0.010000,9987
12075,31,281,0.010000,9987
12076,12,106,0.010000,9988
12077,18,141,0.010000,9988
12078,12,103,0.010000,9989
12079,23,195,0.010000,9990
12080,20,174,0.010000,9991
12081,23,198,0.010000,9991
12082,12,91,0.010000,9991
12083,11,87,0.010000,9991
12084,23,202,0.010000,9991
12085,16,132,0.010000,9991
12086,16,111,0.010000,9991
12087,14,127,0.010000,9991
12088,21,196,0.010000,9991
12089,26,209,0.010000,9991
12090,10,61,0.010000,9991
12091,15,99,0.010000,9992
12092,12,100,0.010000,9993
12093,12,82,0.010000,9994
12094,21,172,0.010000,9994
12095,16,129,0.010000,9994
12096,9,57,0.010000,9995
12097,17,122,0.010000,9995
12098,4,38,0.010000,9995
12099,6,51,0.010000,9996
12100,18,125,0.010000,9996
12101,20,185,0.010000,9996
12102,14,141,0.010000,9996
12103,19,119,0.010000,9997
12104,23,201,0.010000,9997
12105,3,29,0.010000,9997
12106,20,141,0.010000,9998
12107,20,177,0.010000,9998
12108,16,130,0.010000,9998
12109,9,72,0.010000,9998
12110,9,61,0.010000,9998
12111,21,151,0.010000,9998
12112,14,109,0.010000,9998
12113,16,152,0.010000,9998
12114,9,63,0.010000,9998
12115,14,112,0.010000,9998
12116,10,82,0.010000,9998
12117,23,198,0.010000,9999
12118,19,156,0.010000,9999
12119,4,22,0.010000,9999
12120,14,111,0.010000,10000
12121,28,219,0.010000,10000
12122,25,197,0.010000,10000
12123,14,104,0.010000,10002
12124,27,177,0.010000,10003
12125,14,104,0.010000,10003
12126,21,173,0.010000,10004
12127,18,170,0.010000,10005
12128,28,196,0.010000,10006
12129,10,92,0.010000,10006
12130,18,118,0.010000,10007
12131,11,99,0.010000,10007
12132,26,212,0.010000,10008
12133,22,167,0.010000,10009
12134,16,135,0.010000,10009
12135,17,113,0.010000,10009
12136,11,84,0.010000,10009
12137,13,93,0.010000,10010
12138,16,170,0.010000,10011
12139,25,231,0.010000,10011
12140,4,32,0.010000,10011
12141,19,153,0.010000,10012
12142,26,197,0.010000,10012
12143,20,161,0.010000,10012
12144,20,172,0.010000,10013
12145,1,11,0.010000,10013
12146,19,130,0.010000,10013
12147,21,216,0.010000,10014
12148,24,192,0.010000,10015
12149,22,178,0.010000,10015
12150,16,145,0.010000,10015
12151,11,97,0.010000,10015
12152,16,158,0.010000,10015
12153,21,150,0.010000,10015
12154,15,121,0.010000,10015
12155,20,204,0.010000,10015
12156,17,148,0.010000,10015
12157,18,172,0.010000,10016
12158,22,193,0.010000,10016
12159,12,102,0.010000,10017
12160,13,99,0.010000,10017
12161,25,191,0.010000,10018
12162,18,161,0.010000,10018
12163,14,99,0.010000,10019
12164,7,57,0.010000,10019
12165,3,17,0.010000,10019
12166,5,43,0.010000,10019
12167,12,109,0.010000,10019
12168,17,112,0.010000,10020
12169,4,22,0.010000,10020
12170,17,151,0.010000,10020
12171,17,142,0.010000,10020
12172,12,86,0.010000,10020
12173,14,117,0.010000,10021
12174,11,82,0.010000,10022
12175,18,148,0.010000,10023
12176,9,87,0.010000,10023
12177,18,134,0.010000,10023
12178,14,103,0.010000,10024
12179,17,113,0.010000,10024
12180,19,136,0.010000,10024
12181,13,124,0.010000,10024
12182,18,152,0.010000,10024
12183,8,43,0.010000,10024
12184,12,99,0.010000,10025
12185,14,125,0.010000,10026
12186,14,118,0.010000,10026
12187,13,106,0.010000,10026
12188,24,228,0.010000,10026
12189,14,125,0.010000,10026
12190,24,203,0.010000,10027
12191,15,132,0.010000,10027
12192,20,190,0.010000,10028
12193,11,77,0.010000,10029
12194,8,44,0.010000,10029
12195,15,106,0.010000,10030
12196,16,149,0.010000,10030
12197,10,78,0.010000,10030
12198,9,61,0.010000,10030
12199,7,65,0.010000,10030
12200,13,96,0.010000,10030
12201,13,82,0.010000,10030
12202,10,83,0.010000,10030
12203,10,92,0.010000,10031
12204,17,181,0.010000,10032
12205,17,113,0.010000,10033
12206,7,60,0.010000,10033
12207,11,85,0.010000,10034
12208,10,94,0.010000,10034
12209,13,88,0.010000,10035
12210,9,57,0.010000,10035
12211,20,175,0.010000,10036
12212,13,92,0.010000,10037
12213,27,224,0.010000,10037
12214,18,132,0.010000,10037
12215,17,126,0.010000,10037
12216,15,146,0.010000,10037
12217,29,261,0.010000,10037
12218,9,75,0.010000,10037
12219,9,77,0.010000,10038
12220,8,56,0.010000,10038
12221,13,76,0.010000,10038
12222,15,127,0.010000,10039
12223,15,142,0.010000,10039
12224,15,122,0.010000,10039
12225,25,240,0.010000,10039
12226,20,167,0.010000,10040
12227,6,64,0.010000,10040
12228,0,5,0.010000,10040
12229,9,56,0.010000,10040
12230,14,116,0.010000,10040
12231,14,94,0.010000,10040
12232,9,50,0.010000,10041
12233,16,145,0.010000,10043
12234,10,49,0.010000,10044
12235,11,92,0.010000,10044
12236,20,133,0.010000,10044
12237,4,35,0.010000,10044
12238,9,57,0.010000,10044
12239,23,210,0.010000,10045
12240,16,151,0.010000,10045
12241,12,103,0.010000,10046
12242,16,126,0.010000,10046
12243,11,71,0.010000,10046
12244,23,165,0.010000,10046
12245,20,169,0.010000,10047
12246,16,145,0.010000,10047
12247,15,121,0.010000,10047
12248,9,67,0.010000,10048
12249,8,67,0.010000,10049
12250,18,114,0.010000,10050
12251,9,57,0.010000,10050
12252,11,67,0.010000,10051
12253,11,98,0.010000,10051
12254,12,79,0.010000,10053
12255,8,52,0.010000,10054
12256,23,230,0.010000,10055
12257,20,166,0.010000,10055
12258,16,103,0.010000,10056
12259,23,180,0.010000,10056
12260,13,133,0.010000,10056
12261,13,127,0.010000,10056
12262,11,70,0.010000,10057
12263,14,86,0.010000,10057
12264,22,192,0.010000,10057
12265,15,108,0.010000,10058
12266,3,46,0.010000,10058
12267,19,157,0.010000,10059
12268,22,181,0.010000,10060
12269,20,175,0.010000,10060
12270,8,63,0.010000,10060
12271,12,87,0.010000,10061
12272,13,95,0.010000,10062
12273,2,29,0.010000,10062
12274,9,78,0.010000,10062
12275,21,214,0.010000,10063
12276,16,133,0.010000,10063
12277,8,56,0.010000,10064
12278,18,129,0.010000,10064
12279,11,91,0.010000,10065
12280,7,56,0.010000,10065
12281,22,249,0.010000,10065
12282,10,75,0.010000,10065
12283,13,87,0.010000,10065
12284,10,54,0.010000,10065
12285,11,82,0.010000,10066
12286,13,101,0.010000,10066
12287,8,61,0.010000,10066
12288,13,96,0.010000,10066
12289,13,97,0.010000,10066
12290,27,239,0.010000,10067
12291,17,125,0.010000,10067
12292,14,96,0.010000,10068
12293,6,46,0.010000,10068
12294,5,34,0.010000,10068
12295,6,38,0.010000,10069
12296,17,129,0.010000,10071
12297,15,110,0.010000,10072
12298,21,176,0.010000,10072
12299,11,81,0.010000,10073
12300,8,74,0.010000,10073
12301,21,175,0.010000,10074
12302,20,170,0.010000,10075
12303,10,58,0.010000,10075
12304,15,131,0.010000,10075
12305,18,162,0.010000,10076
12306,13,101,0.010000,10076
12307,15,110,0.010000,10078
12308,16,147,0.010000,10079
12309,7,66,0.010000,10079
12310,13,109,0.010000,10079
12311,3,26,0.010000,10079
12312,10,66,0.010000,10080
12313,15,116,0.010000,10080
12314,31,252,0.010000,10081
12315,25,202,0.010000,10083
12316,13,109,0.010000,10085
12317,12,126,0.010000,10085
12318,17,156,0.010000,10085
12319,25,220,0.010000,10087
12320,14,131,0.010000,10087
12321,14,102,0.010000,10088
12322,8,74,0.010000,10088
12323,15,136,0.010000,10089
12324,17,113,0.010000,10089
12325,13,116,0.010000,10090
12326,6,58,0.010000,10090
12327,13,102,0.010000,10091
12328,8,68,0.010000,10092
12329,17,108,0.010000,10092
12330,14,91,0.010000,10093
12331,13,130,0.010000,10093
12332,15,130,0.010000,10094
12333,6,44,0.010000,10094
12334,16,155,0.010000,10094
12335,13,94,0.010000,10094
12336,9,71,0.010000,10094
12337,7,64,0.010000,10095
12338,15,129,0.010000,10096
12339,16,133,0.010000,10096
12340,21,185,0.010000,10096
12341,21,150,0.010000,10097
12342,21,197,0.010000,10098
12343,17,146,0.010000,10098
12344,21,154,0.010000,10098
12345,16,127,0.010000,10098
12346,15,115,0.010000,10099
12347,10,72,0.010000,10100
12348,15,128,0.010000,10100
12349,12,121,0.010000,10100
12350,26,255,0.010000,10100
12351,8,57,0.010000,10101
12352,17,131,0.010000,10102
12353,25,220,0.010000,10102
12354,18,184,0.010000,10102
12355,14,108,0.010000,10104
12356,13,109,0.010000,10104
12357,19,186,0.010000,10105
12358,6,40,0.010000,10105
12359,23,193,0.010000,10106
12360,5,28,0.010000,10106
12361,14,98,0.010000,10106
12362,18,191,0.010000,10106
12363,16,107,0.010000,10107
12364,14,121,0.010000,10108
12365,24,190,0.010000,10109
12366,21,141,0.010000,10109
12367,22,197,0.010000,10109
12368,18,129,0.010000,10112
12369,15,93,0.010000,10112
12370,15,101,0.010000,10113
12371,14,123,0.010000,10114
12372,14,83,0.010000,10114
12373,17,118,0.010000,10114
12374,5,33,0.010000,10114
12375,16,143,0.010000,10114
12376,15,143,0.010000,10114
12377,12,85,0.010000,10114
12378,6,33,0.010000,10115
12379,17,151,0.010000,10115
12380,13,117,0.010000,10116
12381,20,143,0.010000,10116
12382,16,121,0.010000,10116
12383,12,94,0.010000,10116
12384,6,41,0.010000,10116
12385,15,135,0.010000,10117
12386,19,185,0.010000,10117
12387,13,91,0.010000,10117
12388,10,90,0.010000,10117
12389,16,153,0.010000,10117
12390,5,33,0.010000,10117
12391,8,54,0.010000,10117
12392,15,124,0.010000,10117
12393,9,70,0.010000,10118
12394,12,82,0.010000,10118
12395,16,133,0.010000,10118
12396,19,174,0.010000,10118
12397,15,117,0.010000,10118
12398,13,94,0.010000,10119
12399,11,91,0.010000,10120
12400,12,101,0.010000,10121
12401,22,193,0.010000,10121
12402,30,275,0.010000,10123
12403,12,121,0.010000,10124
12404,1,10,0.010000,10124
12405,19,181,0.010000,10124
12406,1,9,0.010000,10124
12407,16,131,0.010000,10126
12408,18,146,0.010000,10127
12409,16,127,0.010000,10129
12410,14,94,0.010000,10130
12411,24,198,0.010000,10133
12412,22,170,0.010000,10133
12413,11,113,0.010000,10133
12414,27,229,0.010000,10133
12415,21,191,0.010000,10134
12416,10,76,0.010000,10135
12417,18,157,0.010000,10136
12418,10,79,0.010000,10137
12419,19,162,0.010000,10138
12420,17,144,0.010000,10138
12421,21,175,0.010000,10139
12422,11,89,0.010000,10140
12423,18,128,0.010000,10141
12424,17,111,0.010000,10142
12425,19,150,0.010000,10143
12426,14,120,0.010000,10144
12427,15,109,0.010000,10144
12428,11,61,0.010000,10144
12429,13,104,0.010000,10145
12430,15,98,0.010000,10145
12431,23,172,0.010000,10146
12432,14,109,0.010000,10146
12433,11,76,0.010000,10147
12434,21,154,0.010000,10147
12435,13,96,0.010000,10148
12436,14,95,0.010000,10148
12437,10,73,0.010000,10148
12438,14,151,0.010000,10148
12439,23,184,0.010000,10149
12440,21,183,0.010000,10149
12441,19,143,0.010000,10149
12442,14,105,0.010000,10149
12443,19,174,0.010000,10149
12444,20,187,0.010000,10149
12445,9,56,0.010000,10149
12446,14,115,0.010000,10150
12447,19,176,0.010000,10150
12448,15,104,0.010000,10150
12449,12,99,0.010000,10150
12450,15,97,0.010000,10150
12451,12,100,0.010000,10150
12452,27,220,0.010000,10150
12453,9,54,0.010000,10150
12454,15,116,0.010000,10150
12455,9,69,0.010000,10150
12456,12,77,0.010000,10150
12457,23,215,0.010000,10151
12458,15,126,0.010000,10151
12459,16,117,0.010000,10152
12460,13,91,0.010000,10152
12461,7,45,0.010000,10152
12462,19,188,0.010000,10152
12463,16,123,0.010000,10153
12464,16,154,0.010000,10155
12465,11,107,0.010000,10156
12466,18,156,0.010000,10156
12467,9,81,0.010000,10156
12468,22,185,0.010000,10157
12469,10,81,0.010000,10157
12470,21,200,0.010000,10158
12471,8,78,0.010000,10158
12472,19,145,0.010000,10158
12473,11,74,0.010000,10158
12474,11,83,0.010000,10159
12475,13,103,0.010000,10161
12476,10,73,0.010000,10163
12477,15,119,0.010000,10163
12478,5,27,0.010000,10163
12479,20,208,0.010000,10163
12480,16,132,0.010000,10163
12481,22,229,0.010000,10164
12482,17,129,0.010000,10165
12483,23,191,0.010000,10165
12484,14,132,0.010000,10165
12485,6,35,0.010000,10166
12486,16,154,0.010000,10167
12487,2,20,0.010000,10167
12488,13,100,0.010000,10168
12489,19,166,0.010000,10168
12490,15,81,0.010000,10168
12491,15,96,0.010000,10168
12492,21,189,0.010000,10168
12493,14,90,0.010000,10168
12494,17,144,0.010000,10169
12495,9,47,0.010000,10169
12496,12,94,0.010000,10169
12497,19,169,0.010000,10169
12498,5,45,0.010000,10169
12499,15,114,0.010000,10171
12500,4,29,0.010000,10171
12501,8,63,0.010000,10172
12502,3,22,0.010000,10172
12503,13,106,0.010000,10172
12504,7,48,0.010000,10172
12505,18,169,0.010000,10172
12506,15,102,0.010000,10173
12507,13,104,0.010000,10173
12508,17,123,0.010000,10174
12509,11,72,0.010000,10174
12510,10,68,0.010000,10174
12511,19,166,0.010000,10175
12512,12,91,0.010000,10175
12513,15,99,0.010000,10177
12514,18,137,0.010000,10177
12515,6,37,0.010000,10177
12516,15,115,0.010000,10177
12517,9,83,0.010000,10177
12518,16,140,0.010000,10177
12519,15,115,0.010000,10177
12520,19,187,0.010000,10178
12521,13,95,0.010000,10178
12522,14,116,0.010000,10178
12523,9,45,0.010000,10178
12524,22,191,0.010000,10178
12525,16,123,0.010000,10178
12526,26,228,0.010000,10178
12527,18,186,0.010000,10178
12528,15,159,0.010000,10178
12529,23,187,0.010000,10181
12530,23,174,0.010000,10182
12531,16,130,0.010000,10182
12532,13,88,0.010000,10183
12533,15,97,0.010000,10183
12534,5,31,0.010000,10184
12535,7,45,0.010000,10184
12536,17,148,0.010000,10184
12537,15,121,0.010000,10184
12538,16,142,0.010000,10184
12539,4,37,0.010000,10184
12540,16,115,0.010000,10184
12541,12,80,0.010000,10185
12542,16,150,0.010000,10186
12543,20,149,0.010000,10186
12544,14,133,0.010000,10186
12545,10,81,0.010000,10186
12546,22,160,0.010000,10186
12547,16,118,0.010000,10186
12548,22,166,0.010000,10186
12549,10,99,0.010000,10187
12550,15,96,0.010000,10187
12551,18,139,0.010000,10187
12552,26,233,0.010000,10187
12553,14,135,0.010000,10187
12554,7,47,0.010000,10188
12555,10,81,0.010000,10188
12556,19,166,0.010000,10189
12557,21,158,0.010000,10190
12558,19,152,0.010000,10191
12559,16,153,0.010000,10191
12560,6,48,0.010000,10191
12561,10,101,0.010000,10191
12562,14,108,0.010000,10191
12563,18,122,0.010000,10191
12564,14,98,0.010000,10191
12565,7,45,0.010000,10191
12566,15,129,0.010000,10192
12567,12,89,0.010000,10193
12568,25,255,0.010000,10194
12569,11,67,0.010000,10194
12570,9,50,0.010000,10194
12571,14,106,0.010000,10194
12572,14,105,0.010000,10194
12573,17,143,0.010000,10194
12574,16,113,0.010000,10194
12575,10,59,0.010000,10194
12576,9,71,0.010000,10195
12577,7,51,0.010000,10195
12578,14,129,0.010000,10195
12579,6,34,0.010000,10196
12580,16,156,0.010000,10196
12581,15,127,0.010000,10197
12582,9,89,0.010000,10198
12583,9,57,0.010000,10198
12584,10,74,0.010000,10198
12585,10,74,0.010000,10199
12586,17,144,0.010000,10199
12587,10,84,0.010000,10199
12588,4,27,0.010000,10199
12589,6,47,0.010000,10199
12590,4,29,0.010000,10200
12591,8,62,0.010000,10200
12592,15,125,0.010000,10200
12593,10,70,0.010000,10200
12594,7,45,0.010000,10200
12595,20,183,0.010000,10200
12596,7,71,0.010000,10200
12597,15,119,0.010000,10200
12598,7,62,0.010000,10200
12599,17,143,0.010000,10201
12600,12,77,0.010000,10201
12601,16,176,0.010000,10203
12602,19,161,0.010000,10204
12603,15,124,0.010000,10205
12604,17,128,0.010000,10206
12605,19,155,0.010000,10207
12606,18,139,0.010000,10208
12607,9,76,0.010000,10208
12608,14,118,0.010000,10208
12609,8,58,0.010000,10208
12610,19,169,0.010000,10208
12611,14,114,0.010000,10209
12612,15,92,0.010000,10209
12613,18,157,0.010000,10209
12614,23,202,0.010000,10209
12615,26,238,0.010000,10211
12616,15,118,0.010000,10213
12617,15,129,0.010000,10213
12618,22,170,0.010000,10214
12619,11,83,0.010000,10215
12620,15,96,0.010000,10215
12621,14,95,0.010000,10215
12622,14,108,0.010000,10215
12623,3,22,0.010000,10215
12624,19,149,0.010000,10216
12625,21,187,0.010000,10216
12626,12,87,0.010000,10217
12627,15,124,0.010000,10219
12628,7,61,0.010000,10219
12629,24,217,0.010000,10219
12630,11,77,0.010000,10220
12631,5,40,0.010000,10220
12632,9,54,0.010000,10220
12633,20,111,0.010000,10221
12634,21,158,0.010000,10221
12635,12,90,0.010000,10221
12636,17,105,0.010000,10221
12637,4,30,0.010000,10221
12638,22,200,0.010000,10221
12639,7,46,0.010000,10221
12640,8,63,0.010000,10221
12641,12,98,0.010000,10222
12642,20,153,0.010000,10223
12643,13,103,0.010000,10223
12644,24,211,0.010000,10223
12645,11,90,0.010000,10223
12646,4,37,0.010000,10223
12647,8,50,0.010000,10223
12648,8,44,0.010000,10223
12649,1,10,0.010000,10223
12650,12,91,0.010000,10224
12651,10,81,0.010000,10224
12652,14,100,0.010000,10224
12653,8,48,0.010000,10226
12654,21,176,0.010000,10228
12655,21,165,0.010000,10229
12656,13,103,0.010000,10229
12657,8,72,0.010000,10229
12658,8,63,0.010000,10229
12659,11,90,0.010000,10230
12660,5,30,0.010000,10230
12661,9,79,0.010000,10230
12662,9,84,0.010000,10230
12663,14,123,0.010000,10230
12664,17,129,0.010000,10230
12665,21,140,0.010000,10230
12666,15,144,0.010000,10230
12667,16,111,0.010000,10230
12668,9,60,0.010000,10230
12669,16,113,0.010000,10230
12670,20,144,0.010000,10231
12671,18,138,0.010000,10232
12672,18,120,0.010000,10232
12673,10,85,0.010000,10233
12674,9,66,0.010000,10233
12675,15,125,0.010000,10234
12676,10,75,0.010000,10235
12677,13,99,0.010000,10236
12678,17,122,0.010000,10236
12679,16,133,0.010000,10237
12680,14,95,0.010000,10237
12681,22,178,0.010000,10237
12682,7,39,0.010000,10237
12683,13,119,0.010000,10237
12684,17,149,0.010000,10237
12685,19,146,0.010000,10237
12686,23,199,0.010000,10237
12687,24,220,0.010000,10237
12688,9,66,0.010000,10238
12689,14,113,0.010000,10239
12690,9,72,0.010000,10240
12691,13,106,0.010000,10241
12692,20,170,0.010000,10243
12693,17,129,0.010000,10244
12694,6,56,0.010000,10244
12695,14,118,0.010000,10244
12696,21,189,0.010000,10244
12697,12,82,0.010000,10244
12698,10,97,0.010000,10245
12699,20,170,0.010000,10245
12700,21,206,0.010000,10245
12701,18,156,0.010000,10245
12702,16,126,0.010000,10246
12703,27,296,0.010000,10246
12704,17,188,0.010000,10249
12705,13,103,0.010000,10249
12706,11,120,0.010000,10249
12707,14,105,0.010000,10250
12708,21,181,0.010000,10252
12709,8,48,0.010000,10252
12710,20,151,0.010000,10252
12711,2,27,0.010000,10252
12712,10,54,0.010000,10252
12713,12,91,0.010000,10253
12714,21,177,0.010000,10253
12715,3,22,0.010000,10253
12716,12,100,0.010000,10253
12717,10,79,0.010000,10253
12718,23,181,0.010000,10253
12719,18,127,0.010000,10253
12720,20,136,0.010000,10253
12721,14,99,0.010000,10253
12722,14,118,0.010000,10253
12723,2,13,0.010000,10253
12724,15,124,0.010000,10253
12725,9,66,0.010000,10254
12726,7,43,0.010000,10254
12727,11,83,0.010000,10254
12728,17,132,0.010000,10254
12729,21,189,0.010000,10255
12730,12,85,0.010000,10255
12731,11,79,0.010000,10256
12732,20,174,0.010000,10258
12733,17,116,0.010000,10259
12734,20,134,0.010000,10259
12735,14,119,0.010000,10260
12736,19,143,0.010000,10261
12737,4,31,0.010000,10261
12738,4,34,0.010000,10261
12739,13,113,0.010000,10261
12740,13,117,0.010000,10261
12741,31,218,0.010000,10263
12742,14,106,0.010000,10263
12743,2,12,0.010000,10263
12744,18,130,0.010000,10264
12745,14,69,0.010000,10264
12746,14,110,0.010000,10264
12747,11,98,0.010000,10264
12748,19,123,0.010000,10266
12749,12,70,0.010000,10267
12750,15,112,0.010000,10267
12751,18,161,0.010000,10268
12752,9,65,0.010000,10269
12753,14,103,0.010000,10269
12754,14,120,0.010000,10269
12755,19,127,0.010000,10269
12756,6,53,0.010000,10269
12757,17,133,0.010000,10270
12758,12,103,0.010000,10271
12759,6,40,0.010000,10271
12760,21,181,0.010000,10272
12761,14,116,0.010000,10272
12762,12,133,0.010000,10272
12763,9,55,0.010000,10272
12764,23,194,0.010000,10272
12765,5,32,0.010000,10272
12766,13,129,0.010000,10273
12767,19,155,0.010000,10273
12768,7,43,0.010000,10273
12769,24,182,0.010000,10274
12770,15,92,0.010000,10274
12771,12,103,0.010000,10274
12772,11,96,0.010000,10274
12773,8,73,0.010000,10275
12774,11,70,0.010000,10275
12775,6,52,0.010000,10275
12776,18,119,0.010000,10276
12777,14,115,0.010000,10277
12778,19,169,0.010000,10277
12779,17,109,0.010000,10278
12780,15,114,0.010000,10278
12781,17,146,0.010000,10278
12782,17,117,0.010000,10278
12783,10,64,0.010000,10278
12784,15,119,0.010000,10278
12785,5,36,0.010000,10278
12786,20,162,0.010000,10279
12787,2,13,0.010000,10279
12788,15,96,0.010000,10280
12789,19,173,0.010000,10280
12790,17,136,0.010000,10281
12791,7,47,0.010000,10282
12792,16,154,0.010000,10283
12793,12,106,0.010000,10283
12794,16,139,0.010000,10284
12795,20,160,0.010000,10285
12796,15,118,0.010000,10285
12797,17,143,0.010000,10285
12798,23,155,0.010000,10286
12799,12,60,0.010000,10287
12800,14,106,0.010000,10288
12801,11,95,0.010000,10288
12802,19,176,0.010000,10288
12803,20,137,0.010000,10288
12804,16,121,0.010000,10289
12805,15,114,0.010000,10289
12806,13,95,0.010000,10289
12807,25,187,0.010000,10291
12808,11,92,0.010000,10291
12809,17,149,0.010000,10293
12810,20,186,0.010000,10293
12811,19,150,0.010000,10293
12812,12,96,0.010000,10293
12813,12,80,0.010000,10294
12814,8,54,0.010000,10294
12815,12,89,0.010000,10294
12816,4,21,0.010000,10294
12817,18,144,0.010000,10296
12818,28,235,0.010000,10297
12819,6,35,0.010000,10297
12820,5,29,0.010000,10298
12821,7,45,0.010000,10299
12822,16,149,0.010000,10299
12823,6,32,0.010000,10300
12824,10,73,0.010000,10301
12825,24,165,0.010000,10301
12826,20,141,0.010000,10302
12827,15,103,0.010000,10303
12828,22,160,0.010000,10303
12829,12,79,0.010000,10303
12830,15,121,0.010000,10303
12831,23,221,0.010000,10303
12832,15,103,0.010000,10303
12833,19,155,0.010000,10303
12834,14,113,0.010000,10303
12835,10,66,0.010000,10303
12836,7,57,0.010000,10303
12837,27,229,0.010000,10303
12838,11,79,0.010000,10304
12839,18,155,0.010000,10304
12840,20,149,0.010000,10304
12841,13,92,0.010000,10304
12842,14,132,0.010000,10305
12843,11,95,0.010000,10306
12844,8,59,0.010000,10307
12845,8,82,0.010000,10307
12846,14,123,0.010000,10307
12847,15,117,0.010000,10307
12848,11,71,0.010000,10307
12849,7,57,0.010000,10307
12850,4,28,0.010000,10307
12851,24,211,0.010000,10307
12852,5,34,0.010000,10307
12853,20,146,0.010000,10307
12854,20,151,0.010000,10308
12855,9,69,0.010000,10308
12856,21,174,0.010000,10308
12857,18,161,0.010000,10308
12858,10,73,0.010000,10308
12859,11,79,0.010000,10308
12860,10,82,0.010000,10308
12861,18,150,0.010000,10308
12862,18,151,0.010000,10309
12863,15,135,0.010000,10309
12864,18,161,0.010000,10310
12865,9,88,0.010000,10310
12866,11,98,0.010000,10312
12867,16,127,0.010000,10313
12868,11,91,0.010000,10313
12869,21,168,0.010000,10313
12870,14,105,0.010000,10314
12871,15,148,0.010000,10314
12872,12,92,0.010000,10315
12873,15,144,0.010000,10315
12874,17,127,0.010000,10315
12875,10,69,0.010000,10315
12876,14,146,0.010000,10316
12877,22,150,0.010000,10317
12878,21,176,0.010000,10317
12879,12,72,0.010000,10318
12880,12,78,0.010000,10318
12881,12,72,0.010000,10318
12882,15,109,0.010000,10318
12883,16,126,0.010000,10318
12884,12,75,0.010000,10318
12885,31,253,0.010000,10318
12886,12,95,0.010000,10319
12887,12,77,0.010000,10319
12888,15,133,0.010000,10319
12889,11,82,0.010000,10321
12890,25,220,0.010000,10321
12891,14,109,0.010000,10321
12892,12,93,0.010000,10322
12893,19,161,0.010000,10323
12894,17,137,0.010000,10324
12895,10,60,0.010000,10324
12896,15,103,0.010000,10324
12897,8,57,0.010000,10324
12898,18,161,0.010000,10324
12899,9,65,0.010000,10324
12900,10,67,0.010000,10325
12901,18,144,0.010000,10326
12902,15,93,0.010000,10327
12903,12,82,0.010000,10327
12904,16,144,0.010000,10328
12905,2,19,0.010000,10328
12906,17,121,0.010000,10328
12907,15,115,0.010000,10329
12908,15,121,0.010000,10329
12909,4,29,0.010000,10329
12910,14,98,0.010000,10329
12911,14,117,0.010000,10329
12912,13,105,0.010000,10329
12913,13,132,0.010000,10329
12914,16,146,0.010000,10329
12915,18,142,0.010000,10329
12916,19,147,0.010000,10330
12917,21,171,0.010000,10330
12918,19,172,0.010000,10330
12919,12,83,0.010000,10330
12920,17,130,0.010000,10331
12921,21,185,0.010000,10332
12922,16,141,0.010000,10332
12923,10,72,0.010000,10332
12924,20,171,0.010000,10332
12925,12,86,0.010000,10333
12926,10,83,0.010000,10335
12927,9,95,0.010000,10335
12928,11,103,0.010000,10335
12929,5,43,0.010000,10335
12930,17,137,0.010000,10335
12931,18,153,0.010000,10335
12932,7,50,0.010000,10335
12933,22,199,0.010000,10335
12934,12,93,0.010000,10336
12935,18,145,0.010000,10336
12936,23,164,0.010000,10337
12937,28,227,0.010000,10338
12938,7,81,0.010000,10339
12939,10,102,0.010000,10339
12940,19,127,0.010000,10340
12941,12,81,0.010000,10340
12942,17,155,0.010000,10340
12943,7,73,0.010000,10340
12944,7,36,0.010000,10340
12945,7,47,0.010000,10341
12946,15,112,0.010000,10341
12947,22,196,0.010000,10341
12948,14,114,0.010000,10342
12949,13,101,0.010000,10342
12950,16,143,0.010000,10342
12951,25,182,0.010000,10342
12952,9,68,0.010000,10343
12953,13,83,0.010000,10344
12954,16,132,0.010000,10345
12955,26,237,0.010000,10346
12956,24,214,0.010000,10346
12957,24,165,0.010000,10347
12958,0,7,0.010000,10347
12959,12,99,0.010000,10347
12960,15,115,0.010000,10347
12961,30,250,0.010000,10350
12962,16,154,0.010000,10350
12963,3,23,0.010000,10350
12964,20,191,0.010000,10350
12965,13,93,0.010000,10350
12966,10,95,0.010000,10350
12967,7,50,0.010000,10350
12968,14,97,0.010000,10350
12969,6,52,0.010000,10350
12970,16,135,0.010000,10351
12971,11,93,0.010000,10351
12972,11,96,0.010000,10351
12973,16,122,0.010000,10352
12974,13,113,0.010000,10352
12975,18,145,0.010000,10353
12976,17,156,0.010000,10353
12977,13,109,0.010000,10353
12978,24,194,0.010000,10353
12979,9,56,0.010000,10353
12980,23,229,0.010000,10353
12981,15,109,0.010000,10353
12982,18,145,0.010000,10354
12983,18,149,0.010000,10354
12984,14,117,0.010000,10355
12985,20,136,0.010000,10355
12986,18,147,0.010000,10355
12987,17,150,0.010000,10355
12988,14,119,0.010000,10355
12989,22,181,0.010000,10356
12990,22,202,0.010000,10357
12991,17,153,0.010000,10357
12992,25,212,0.010000,10359
12993,17,112,0.010000,10360
12994,11,94,0.010000,10360
12995,13,101,0.010000,10360
12996,4,34,0.010000,10361
12997,12,83,0.010000,10363
12998,16,144,0.010000,10364
12999,20,169,0.010000,10364
13000,9,49,0.010000,10365
13001,4,32,0.010000,10365
13002,11,63,0.010000,10366
13003,14,137,0.010000,10367
13004,15,144,0.010000,10367
13005,8,50,0.010000,10367
13006,11,111,0.010000,10367
13007,15,91,0.010000,10367
13008,21,159,0.010000,10368
13009,20,153,0.010000,10368
13010,19,154,0.010000,10369
13011,11,87,0.010000,10369
13012,6,38,0.010000,10370
13013,16,109,0.010000,10371
13014,12,85,0.010000,10371
13015,18,123,0.010000,10371
13016,6,60,0.010000,10373
13017,21,186,0.010000,10373
13018,15,130,0.010000,10373
13019,17,132,0.010000,10373
13020,18,164,0.010000,10374
13021,23,162,0.010000,10374
13022,24,209,0.010000,10375
13023,11,75,0.010000,10375
13024,12,114,0.010000,10375
13025,14,144,0.010000,10375
13026,14,110,0.010000,10376
13027,7,50,0.010000,10377
13028,5,35,0.010000,10377
13029,13,109,0.010000,10377
13030,14,109,0.010000,10377
13031,7,47,0.010000,10377
13032,19,171,0.010000,10377
13033,13,99,0.010000,10378
13034,14,94,0.010000,10378
13035,21,162,0.010000,10379
13036,10,59,0.010000,10379
13037,18,162,0.010000,10379
13038,6,38,0.010000,10379
13039,12,106,0.010000,10379
13040,20,158,0.010000,10380
13041,15,122,0.010000,10380
13042,16,118,0.010000,10380
13043,10,85,0.010000,10380
13044,14,130,0.010000,10381
13045,7,49,0.010000,10382
13046,12,107,0.010000,10383
13047,18,131,0.010000,10383
13048,19,153,0.010000,10383
13049,24,181,0.010000,10383
13050,15,118,0.010000,10383
13051,2,9,0.010000,10383
13052,27,214,0.010000,10384
13053,10,85,0.010000,10384
13054,18,106,0.010000,10384
13055,9,99,0.010000,10384
13056,24,197,0.010000,10388
13057,11,87,0.010000,10389
13058,14,112,0.010000,10389
13059,22,204,0.010000,10390
13060,6,37,0.010000,10391
13061,11,91,0.010000,10391
13062,13,83,0.010000,10392
13063,20,176,0.010000,10392
13064,22,170,0.010000,10392
13065,15,123,0.010000,10392
13066,8,52,0.010000,10392
13067,20,143,0.010000,10392
13068,12,88,0.010000,10393
13069,26,224,0.010000,10393
13070,13,86,0.010000,10393
13071,10,92,0.010000,10394
13072,19,169,0.010000,10395
13073,25,201,0.010000,10395
13074,9,55,0.010000,10395
13075,6,53,0.010000,10395
13076,19,156,0.010000,10395
13077,10,90,0.010000,10397
13078,12,108,0.010000,10397
13079,9,78,0.010000,10398
13080,12,86,0.010000,10399
13081,19,180,0.010000,10399
13082,15,141,0.010000,10399
13083,10,77,0.010000,10399
13084,15,118,0.010000,10399
13085,9,68,0.010000,10399
13086,10,74,0.010000,10399
13087,7,52,0.010000,10399
13088,10,75,0.010000,10399
13089,17,129,0.010000,10399
13090,10,82,0.010000,10401
13091,17,179,0.010000,10401
13092,18,131,0.010000,10401
13093,19,146,0.010000,10401
13094,8,94,0.010000,10401
13095,8,76,0.010000,10401
13096,18,127,0.010000,10402
13097,24,173,0.010000,10402
13098,14,106,0.010000,10402
13099,13,89,0.010000,10402
13100,23,178,0.010000,10402
13101,9,70,0.010000,10402
13102,9,48,0.010000,10402
13103,13,114,0.010000,10402
13104,9,106,0.010000,10402
13105,13,93,0.010000,10403
13106,13,111,0.010000,10405
13107,16,130,0.010000,10405
13108,12,78,0.010000,10406
13109,17,120,0.010000,10406
13110,12,105,0.010000,10407
13111,4,20,0.010000,10407
13112,19,164,0.010000,10407
13113,12,103,0.010000,10407
13114,17,123,0.010000,10407
13115,9,82,0.010000,10407
13116,13,98,0.010000,10407
13117,13,106,0.010000,10408
13118,19,171,0.010000,10408
13119,21,188,0.010000,10408
13120,10,62,0.010000,10408
13121,24,213,0.010000,10409
13122,15,122,0.010000,10409
13123,13,96,0.010000,10410
13124,19,132,0.010000,10410
13125,10,80,0.010000,10411
13126,15,118,0.010000,10412
13127,11,77,0.010000,10413
13128,15,138,0.010000,10413
13129,26,206,0.010000,10414
13130,5,31,0.010000,10415
13131,13,112,0.010000,10415
13132,8,66,0.010000,10415
13133,23,206,0.010000,10416
13134,13,115,0.010000,10417
13135,20,170,0.010000,10418
13136,14,125,0.010000,10418
13137,20,198,0.010000,10418
13138,13,106,0.010000,10418
13139,21,183,0.010000,10418
13140,8,71,0.010000,10419
13141,12,82,0.010000,10419
13142,8,54,0.010000,10420
13143,14,119,0.010000,10420
13144,7,43,0.010000,10420
13145,16,118,0.010000,10420
13146,12,92,0.010000,10420
13147,5,38,0.010000,10420
13148,16,135,0.010000,10420
13149,26,249,0.010000,10420
13150,11,75,0.010000,10420
13151,12,89,0.010000,10420
13152,20,166,0.010000,10420
13153,16,119,0.010000,10421
13154,12,91,0.010000,10421
13155,15,116,0.010000,10422
13156,12,89,0.010000,10422
13157,12,107,0.010000,10423
13158,12,107,0.010000,10423
13159,21,174,0.010000,10423
13160,5,37,0.010000,10423
13161,22,177,0.010000,10424
13162,20,136,0.010000,10424
13163,22,198,0.010000,10424
13164,13,88,0.010000,10425
13165,21,179,0.010000,10425
13166,9,85,0.010000,10426
13167,20,160,0.010000,10426
13168,7,71,0.010000,10426
13169,18,149,0.010000,10426
13170,15,119,0.010000,10426
13171,18,138,0.010000,10426
13172,14,100,0.010000,10426
13173,22,183,0.010000,10426
13174,18,150,0.010000,10426
13175,15,103,0.010000,10426
13176,14,126,0.010000,10427
13177,13,113,0.010000,10427
13178,14,106,0.010000,10427
13179,15,105,0.010000,10427
13180,10,82,0.010000,10427
13181,15,152,0.010000,10427
13182,16,128,0.010000,10427
13183,18,118,0.010000,10428
13184,12,82,0.010000,10428
13185,8,79,0.010000,10428
13186,10,105,0.010000,10428
13187,9,77,0.010000,10428
13188,13,116,0.010000,10428
13189,19,171,0.010000,10430
13190,12,123,0.010000,10431
13191,17,116,0.010000,10431
13192,12,96,0.010000,10431
13193,11,77,0.010000,10432
13194,14,128,0.010000,10432
13195,9,58,0.010000,10432
13196,20,162,0.010000,10432
13197,17,155,0.010000,10433
13198,10,92,0.010000,10434
13199,2,17,0.010000,10434
13200,21,218,0.010000,10434
13201,8,44,0.010000,10434
13202,11,95,0.010000,10435
13203,12,91,0.010000,10435
13204,6,45,0.010000,10435
13205,14,74,0.010000,10436
13206,27,266,0.010000,10436
13207,22,176,0.010000,10437
13208,15,116,0.010000,10437
13209,9,82,0.010000,10437
13210,17,136,0.010000,10437
13211,13,80,0.010000,10437
13212,13,84,0.010000,10438
13213,15,123,0.010000,10438
13214,18,147,0.010000,10439
13215,16,135,0.010000,10439
13216,10,87,0.010000,10439
13217,34,289,0.010000,10439
13218,12,123,0.010000,10440
13219,12,88,0.010000,10440
13220,6,52,0.010000,10440
13221,12,127,0.010000,10440
13222,14,113,0.010000,10440
13223,18,152,0.010000,10440
13224,16,127,0.010000,10442
13225,8,82,0.010000,10442
13226,10,113,0.010000,10442
13227,21,165,0.010000,10443
13228,2,12,0.010000,10443
13229,16,122,0.010000,10443
13230,19,136,0.010000,10444
13231,20,176,0.010000,10445
13232,21,148,0.010000,10446
13233,21,177,0.010000,10446
13234,13,112,0.010000,10446
13235,16,129,0.010000,10446
13236,18,190,0.010000,10446
13237,14,102,0.010000,10446
13238,8,65,0.010000,10446
13239,24,206,0.010000,10446
13240,17,169,0.010000,10446
13241,2,18,0.010000,10446
13242,15,114,0.010000,10447
13243,12,60,0.010000,10448
13244,9,52,0.010000,10449
13245,21,189,0.010000,10449
13246,17,141,0.010000,10449
13247,21,176,0.010000,10449
13248,18,149,0.010000,10449
13249,16,111,0.010000,10449
13250,9,54,0.010000,10451
13251,14,157,0.010000,10451
13252,14,119,0.010000,10451
13253,9,59,0.010000,10452
13254,19,143,0.010000,10453
13255,10,72,0.010000,10453
13256,14,98,0.010000,10454
13257,7,56,0.010000,10455
13258,22,202,0.010000,10455
13259,8,56,0.010000,10455
13260,12,99,0.010000,10456
13261,11,81,0.010000,10457
13262,14,91,0.010000,10458
13263,21,157,0.010000,10459
13264,19,117,0.010000,10460
13265,14,104,0.010000,10460
13266,16,134,0.010000,10461
13267,4,38,0.010000,10461
13268,16,133,0.010000,10462
13269,16,153,0.010000,10462
13270,13,103,0.010000,10462
13271,2,13,0.010000,10462
13272,9,56,0.010000,10462
13273,19,128,0.010000,10463
13274,8,59,0.010000,10463
13275,10,57,0.010000,10463
13276,4,28,0.010000,10464
13277,13,89,0.010000,10464
13278,13,97,0.010000,10464
13279,19,142,0.010000,10465
13280,12,99,0.010000,10466
13281,13,133,0.010000,10466
13282,16,135,0.010000,10466
13283,17,125,0.010000,10467
13284,18,127,0.010000,10468
13285,20,147,0.010000,10469
13286,1,16,0.010000,10469
13287,24,148,0.010000,10469
13288,12,71,0.010000,10470
13289,7,39,0.010000,10471
13290,9,69,0.010000,10471
13291,8,53,0.010000,10472
13292,5,51,0.010000,10472
13293,18,160,0.010000,10472
13294,12,73,0.010000,10473
13295,22,190,0.010000,10473
13296,24,193,0.010000,10474
13297,6,31,0.010000,10474
13298,20,161,0.010000,10474
13299,26,210,0.010000,10475
13300,2,7,0.010000,10475
13301,13,102,0.010000,10476
13302,15,113,0.010000,10477
13303,26,224,0.010000,10477
13304,5,49,0.010000,10477
13305,8,49,0.010000,10478
13306,17,178,0.010000,10479
13307,12,97,0.010000,10480
13308,17,163,0.010000,10481
13309,16,132,0.010000,10481
13310,12,104,0.010000,10482
13311,14,168,0.010000,10482
13312,22,209,0.010000,10482
13313,21,155,0.010000,10482
13314,18,166,0.010000,10483
13315,18,140,0.010000,10483
13316,14,107,0.010000,10483
13317,16,118,0.010000,10484
13318,13,85,0.010000,10484
13319,17,115,0.010000,10484
13320,9,63,0.010000,10485
13321,18,147,0.010000,10485
13322,18,162,0.010000,10485
13323,7,44,0.010000,10486
13324,20,140,0.010000,10486
13325,13,78,0.010000,10487
13326,19,142,0.010000,10488
13327,19,157,0.010000,10488
13328,15,95,0.010000,10490
13329,13,125,0.010000,10490
13330,15,141,0.010000,10492
13331,16,133,0.010000,10492
13332,21,171,0.010000,10493
13333,14,105,0.010000,10493
13334,19,146,0.010000,10493
13335,19,160,0.010000,10493
13336,7,79,0.010000,10494
13337,14,124,0.010000,10495
13338,24,173,0.010000,10495
13339,10,74,0.010000,10495
13340,15,105,0.010000,10496
13341,17,187,0.010000,10496
13342,18,133,0.010000,10496
13343,10,100,0.010000,10496
13344,13,87,0.010000,10496
13345,20,161,0.010000,10496
13346,12,110,0.010000,10497
13347,21,157,0.010000,10497
13348,20,168,0.010000,10497
13349,12,84,0.010000,10498
13350,11,96,0.010000,10498
13351,17,140,0.010000,10498
13352,16,157,0.010000,10498
13353,15,97,0.010000,10499
13354,29,248,0.010000,10499
13355,22,188,0.010000,10499
13356,15,115,0.010000,10499
13357,22,185,0.010000,10499
13358,13,110,0.010000,10499
13359,5,20,0.010000,10499
13360,20,207,0.010000,10499
13361,2,15,0.010000,10499
13362,8,66,0.010000,10500
13363,22,182,0.010000,10500
13364,21,195,0.010000,10500
13365,20,179,0.010000,10501
13366,20,166,0.010000,10502
13367,19,140,0.010000,10502
13368,14,91,0.010000,10503
13369,6,42,0.010000,10503
13370,18,155,0.010000,10504
13371,13,80,0.010000,10504
13372,15,116,0.010000,10505
13373,5,60,0.010000,10505
13374,23,161,0.010000,10506
13375,15,112,0.010000,10507
13376,12,91,0.010000,10508
13377,15,135,0.010000,10508
13378,20,147,0.010000,10509
13379,14,112,0.010000,10510
13380,9,78,0.010000,10511
13381,19,160,0.010000,10511
13382,21,127,0.010000,10511
13383,19,139,0.010000,10511
13384,16,118,0.010000,10512
13385,5,32,0.010000,10512
13386,13,86,0.010000,10512
13387,2,21,0.010000,10512
13388,10,73,0.010000,10512
13389,24,163,0.010000,10513
13390,4,36,0.010000,10513
13391,13,92,0.010000,10513
13392,11,89,0.010000,10513
13393,16,125,0.010000,10514
13394,21,186,0.010000,10515
13395,16,105,0.010000,10517
13396,13,84,0.010000,10517
13397,8,53,0.010000,10517
13398,7,47,0.010000,10517
13399,24,205,0.010000,10518
13400,14,72,0.010000,10518
13401,13,88,0.010000,10519
13402,17,138,0.010000,10519
13403,11,67,0.010000,10519
13404,7,49,0.010000,10519
13405,10,72,0.010000,10520
13406,10,81,0.010000,10520
13407,18,129,0.010000,10520
13408,7,42,0.010000,10520
13409,15,135,0.010000,10521
13410,12,101,0.010000,10521
13411,10,72,0.010000,10521
13412,16,150,0.010000,10521
13413,12,104,0.010000,10521
13414,6,40,0.010000,10521
13415,20,174,0.010000,10522
13416,23,163,0.010000,10523
13417,10,113,0.010000,10524
13418,15,124,0.010000,10524
13419,18,138,0.010000,10525
13420,12,101,0.010000,10525
13421,18,150,0.010000,10525
13422,12,91,0.010000,10526
13423,8,47,0.010000,10527
13424,23,186,0.010000,10527
13425,16,136,0.010000,10527
13426,13,81,0.010000,10528
13427,11,102,0.010000,10528
13428,27,224,0.010000,10528
13429,16,109,0.010000,10528
13430,15,140,0.010000,10529
13431,22,148,0.010000,10529
13432,4,24,0.010000,10529
13433,24,202,0.010000,10531
13434,16,139,0.010000,10532
13435,20,160,0.010000,10533
13436,1,10,0.010000,10533
13437,22,167,0.010000,10535
13438,12,76,0.010000,10535
13439,12,127,0.010000,10535
13440,22,188,0.010000,10535
13441,16,116,0.010000,10535
13442,16,111,0.010000,10535
13443,15,94,0.010000,10535
13444,12,90,0.010000,10536
13445,13,110,0.010000,10536
13446,26,219,0.010000,10536
13447,20,136,0.010000,10537
13448,23,204,0.010000,10537
13449,12,77,0.010000,10538
13450,20,152,0.010000,10538
13451,12,120,0.010000,10538
13452,10,75,0.010000,10538
13453,16,113,0.010000,10539
13454,7,52,0.010000,10539
13455,6,55,0.010000,10539
13456,18,159,0.010000,10540
13457,20,220,0.010000,10540
13458,14,96,0.010000,10540
13459,13,90,0.010000,10540
13460,8,56,0.010000,10540
13461,13,96,0.010000,10540
13462,13,104,0.010000,10541
13463,18,128,0.010000,10542
13464,12,97,0.010000,10542
13465,12,80,0.010000,10543
13466,18,139,0.010000,10543
13467,23,200,0.010000,10544
13468,15,140,0.010000,10544
13469,11,88,0.010000,10544
13470,13,88,0.010000,10544
13471,20,171,0.010000,10545
13472,20,210,0.010000,10545
13473,16,138,0.010000,10546
13474,15,111,0.010000,10546
13475,25,203,0.010000,10546
13476,14,107,0.010000,10547
13477,0,6,0.010000,10547
13478,16,129,0.010000,10547
13479,21,172,0.010000,10548
13480,15,150,0.010000,10548
13481,13,103,0.010000,10548
13482,13,124,0.010000,10549
13483,18,174,0.010000,10549
13484,11,79,0.010000,10549
13485,13,113,0.010000,10550
13486,18,205,0.010000,10550
13487,12,111,0.010000,10550
13488,18,158,0.010000,10551
13489,24,203,0.010000,10552
13490,14,119,0.010000,10552
13491,7,63,0.010000,10553
13492,14,93,0.010000,10553
13493,12,97,0.010000,10553
13494,12,91,0.010000,10553
13495,25,248,0.010000,10554
13496,22,169,0.010000,10555
13497,14,127,0.010000,10555
13498,3,21,0.010000,10555
13499,11,90,0.010000,10556
13500,16,126,0.010000,10556
13501,10,82,0.010000,10556
13502,11,75,0.010000,10556
13503,7,64,0.010000,10556
13504,17,163,0.010000,10557
13505,19,158,0.010000,10557
13506,6,45,0.010000,10558
13507,14,126,0.010000,10558
13508,14,149,0.010000,10560
13509,12,85,0.010000,10560
13510,11,97,0.010000,10560
13511,24,180,0.010000,10560
13512,26,210,0.010000,10560
13513,18,172,0.010000,10560
13514,24,183,0.010000,10560
13515,21,167,0.010000,10561
13516,34,359,0.010000,10561
13517,14,116,0.010000,10562
13518,16,110,0.010000,10562
13519,13,105,0.010000,10562
13520,22,180,0.010000,10562
13521,5,47,0.010000,10562
13522,6,40,0.010000,10562
13523,22,149,0.010000,10563
13524,18,117,0.010000,10564
13525,13,121,0.010000,10564
13526,8,72,0.010000,10564
13527,16,148,0.010000,10564
13528,9,74,0.010000,10565
13529,19,170,0.010000,10566
13530,10,63,0.010000,10567
13531,14,104,0.010000,10568
13532,20,175,0.010000,10568
13533,12,105,0.010000,10569
13534,6,66,0.010000,10569
13535,8,78,0.010000,10569
13536,28,219,0.010000,10569
13537,18,142,0.010000,10569
13538,10,65,0.010000,10569
13539,3,18,0.010000,10569
13540,7,48,0.010000,10569
13541,15,124,0.010000,10570
13542,12,110,0.010000,10570
13543,21,175,0.010000,10570
13544,20,187,0.010000,10570
13545,16,136,0.010000,10570
13546,17,139,0.010000,10570
13547,12,103,0.010000,10571
13548,18,144,0.010000,10571
13549,25,240,0.010000,10572
13550,15,127,0.010000,10572
13551,16,138,0.010000,10572
13552,15,132,0.010000,10572
13553,21,161,0.010000,10573
13554,8,65,0.010000,10573
13555,8,55,0.010000,10573
13556,16,143,0.010000,10573
13557,9,64,0.010000,10573
13558,17,158,0.010000,10573
13559,2,19,0.010000,10573
13560,17,136,0.010000,10574
13561,21,182,0.010000,10574
13562,11,96,0.010000,10574
13563,3,20,0.010000,10574
13564,13,110,0.010000,10574
13565,9,65,0.010000,10574
13566,17,139,0.010000,10575
13567,12,101,0.010000,10575
13568,15,136,0.010000,10576
13569,9,82,0.010000,10577
13570,17,138,0.010000,10578
13571,6,42,0.010000,10579
13572,11,73,0.010000,10580
13573,22,167,0.010000,10581
13574,14,101,0.010000,10581
13575,18,127,0.010000,10581
13576,18,140,0.010000,10581
13577,17,152,0.010000,10581
13578,14,113,0.010000,10581
13579,15,131,0.010000,10581
13580,12,99,0.010000,10581
13581,16,116,0.010000,10581
13582,21,175,0.010000,10582
13583,14,99,0.010000,10582
13584,6,56,0.010000,10582
13585,15,98,0.010000,10583
13586,9,62,0.010000,10583
13587,15,125,0.010000,10583
13588,20,164,0.010000,10584
13589,15,129,0.010000,10584
13590,12,82,0.010000,10584
13591,13,103,0.010000,10585
13592,18,128,0.010000,10586
13593,9,69,0.010000,10587
13594,12,91,0.010000,10587
13595,19,126,0.010000,10587
13596,18,121,0.010000,10587
13597,25,245,0.010000,10589
13598,17,121,0.010000,10589
13599,14,92,0.010000,10590
13600,8,65,0.010000,10590
13601,13,108,0.010000,10590
13602,27,245,0.010000,10591
13603,7,59,0.010000,10592
13604,24,212,0.010000,10592
13605,13,105,0.010000,10592
13606,19,129,0.010000,10592
13607,17,120,0.010000,10592
13608,19,162,0.010000,10593
13609,13,122,0.010000,10593
13610,22,243,0.010000,10593
13611,26,209,0.010000,10593
13612,3,13,0.010000,10593
13613,13,100,0.010000,10593
13614,18,125,0.010000,10593
13615,22,176,0.010000,10593
13616,8,84,0.010000,10594
13617,8,59,0.010000,10594
13618,9,87,0.010000,10594
13619,15,122,0.010000,10594
13620,6,38,0.010000,10595
13621,12,111,0.010000,10595
13622,26,209,0.010000,10595
13623,13,85,0.010000,10597
13624,9,71,0.010000,10598
13625,19,163,0.010000,10598
13626,22,163,0.010000,10598
13627,11,82,0.010000,10598
13628,17,123,0.010000,10599
13629,25,230,0.010000,10599
13630,18,175,0.010000,10600
13631,15,112,0.010000,10601
13632,13,109,0.010000,10602
13633,10,87,0.010000,10602
13634,9,73,0.010000,10603
13635,17,161,0.010000,10603
13636,9,76,0.010000,10604
13637,26,188,0.010000,10604
13638,6,62,0.010000,10604
13639,5,46,0.010000,10604
13640,19,151,0.010000,10604
13641,9,68,0.010000,10605
13642,10,80,0.010000,10606
13643,13,112,0.010000,10608
13644,23,171,0.010000,10609
13645,17,129,0.010000,10610
13646,12,80,0.010000,10610
13647,8,61,0.010000,10610
13648,22,191,0.010000,10610
13649,11,77,0.010000,10610
13650,16,111,0.010000,10610
13651,18,148,0.010000,10610
13652,18,137,0.010000,10610
13653,8,71,0.010000,10610
13654,13,104,0.010000,10611
13655,20,165,0.010000,10611
13656,14,95,0.010000,10611
13657,19,164,0.010000,10612
13658,10,69,0.010000,10612
13659,17,141,0.010000,10613
13660,8,57,0.010000,10613
13661,16,143,0.010000,10614
13662,12,94,0.010000,10614
13663,12,96,0.010000,10614
13664,21,187,0.010000,10614
13665,12,90,0.010000,10614
13666,8,53,0.010000,10615
13667,10,78,0.010000,10615
13668,17,129,0.010000,10615
13669,7,42,0.010000,10615
13670,13,108,0.010000,10615
13671,12,109,0.010000,10615
13672,6,42,0.010000,10616
13673,15,118,0.010000,10616
13674,17,165,0.010000,10617
13675,6,68,0.010000,10617
13676,35,333,0.010000,10618
13677,19,142,0.010000,10618
13678,10,84,0.010000,10618
13679,17,131,0.010000,10619
13680,22,183,0.010000,10619
13681,13,106,0.010000,10620
13682,17,116,0.010000,10621
13683,18,167,0.010000,10623
13684,15,118,0.010000,10623
13685,12,97,0.010000,10623
13686,11,92,0.010000,10623
13687,12,110,0.010000,10623
13688,7,50,0.010000,10623
13689,15,99,0.010000,10623
13690,10,85,0.010000,10623
13691,19,129,0.010000,10624
13692,18,137,0.010000,10625
13693,8,44,0.010000,10626
13694,9,70,0.010000,10626
13695,2,13,0.010000,10626
13696,21,180,0.010000,10626
13697,16,130,0.010000,10626
13698,9,69,0.010000,10627
13699,22,186,0.010000,10628
13700,10,78,0.010000,10628
13701,19,181,0.010000,10628
13702,14,96,0.010000,10629
13703,30,287,0.010000,10631
13704,12,109,0.010000,10631
13705,13,101,0.010000,10632
13706,12,79,0.010000,10632
13707,13,118,0.010000,10632
13708,12,91,0.010000,10632
13709,17,141,0.010000,10633
13710,22,184,0.010000,10634
13711,3,33,0.010000,10634
13712,15,137,0.010000,10635
13713,9,78,0.010000,10635
13714,21,173,0.010000,10635
13715,7,39,0.010000,10635
13716,1,8,0.010000,10635
13717,18,172,0.010000,10635
13718,24,213,0.010000,10636
13719,13,91,0.010000,10636
13720,27,255,0.010000,10636
13721,11,83,0.010000,10636
13722,9,71,0.010000,10637
13723,10,85,0.010000,10637
13724,17,135,0.010000,10637
13725,18,138,0.010000,10637
13726,14,121,0.010000,10637
13727,19,171,0.010000,10637
13728,4,20,0.010000,10637
13729,9,60,0.010000,10637
13730,8,74,0.010000,10637
13731,15,107,0.010000,10637
13732,26,206,0.010000,10638
13733,4,30,0.010000,10638
13734,18,174,0.010000,10638
13735,12,119,0.010000,10638
13736,18,159,0.010000,10639
13737,20,153,0.010000,10640
13738,18,144,0.010000,10640
13739,14,149,0.010000,10640
13740,17,161,0.010000,10640
13741,11,81,0.010000,10640
13742,18,170,0.010000,10640
13743,13,87,0.010000,10640
13744,18,127,0.010000,10640
13745,28,232,0.010000,10640
13746,5,50,0.010000,10640
13747,20,163,0.010000,10640
13748,19,175,0.010000,10640
13749,9,59,0.010000,10640
13750,16,122,0.010000,10640
13751,6,45,0.010000,10640
13752,19,174,0.010000,10640
13753,10,95,0.010000,10640
13754,10,71,0.010000,10640
13755,10,74,0.010000,10641
13756,27,220,0.010000,10642
13757,10,71,0.010000,10642
13758,18,162,0.010000,10642
13759,15,165,0.010000,10642
13760,8,59,0.010000,10642
13761,15,124,0.010000,10642
13762,24,231,0.010000,10642
13763,14,110,0.010000,10642
13764,8,73,0.010000,10643
13765,11,72,0.010000,10643
13766,18,174,0.010000,10643
13767,17,148,0.010000,10643
13768,19,186,0.010000,10645
13769,11,80,0.010000,10645
13770,12,103,0.010000,10645
13771,11,104,0.010000,10645
13772,15,119,0.010000,10645
13773,19,121,0.010000,10646
13774,13,114,0.010000,10647
13775,23,169,0.010000,10648
13776,5,55,0.010000,10649
13777,8,48,0.010000,10650
13778,3,11,0.010000,10650
13779,24,220,0.010000,10651
13780,20,132,0.010000,10651
13781,11,96,0.010000,10651
13782,16,152,0.010000,10651
13783,9,67,0.010000,10652
13784,23,224,0.010000,10652
13785,6,40,0.010000,10652
13786,20,170,0.010000,10652
13787,24,195,0.010000,10652
13788,12,108,0.010000,10654
13789,22,186,0.010000,10655
13790,10,58,0.010000,10655
13791,10,41,0.010000,10656
13792,9,82,0.010000,10656
13793,19,162,0.010000,10656
13794,5,44,0.010000,10657
13795,19,162,0.010000,10657
13796,16,109,0.010000,10657
13797,4,31,0.010000,10657
13798,11,95,0.010000,10657
13799,10,110,0.010000,10658
13800,16,143,0.010000,10661
13801,20,167,0.010000,10661
13802,18,168,0.010000,10663
13803,19,154,0.010000,10663
13804,19,181,0.010000,10663
13805,13,95,0.010000,10663
13806,13,117,0.010000,10664
13807,13,94,0.010000,10664
13808,15,105,0.010000,10664
13809,9,65,0.010000,10664
13810,19,140,0.010000,10664
13811,0,7,0.010000,10664
13812,10,70,0.010000,10664
13813,19,156,0.010000,10665
13814,19,157,0.010000,10665
13815,10,76,0.010000,10665
13816,22,195,0.010000,10666
13817,6,39,0.010000,10666
13818,18,142,0.010000,10667
13819,20,151,0.010000,10668
13820,14,127,0.010000,10668
13821,16,115,0.010000,10669
13822,21,187,0.010000,10669
13823,18,133,0.010000,10669
13824,24,201,0.010000,10670
13825,16,127,0.010000,10670
13826,11,78,0.010000,10670
13827,14,93,0.010000,10670
13828,9,73,0.010000,10670
13829,23,181,0.010000,10670
13830,9,69,0.010000,10670
13831,11,100,0.010000,10670
13832,8,78,0.010000,10670
13833,16,155,0.010000,10670
13834,10,84,0.010000,10670
13835,15,109,0.010000,10670
13836,16,128,0.010000,10670
13837,26,229,0.010000,10672
13838,9,62,0.010000,10673
13839,22,188,0.010000,10673
13840,18,191,0.010000,10673
13841,10,65,0.010000,10673
13842,16,145,0.010000,10674
13843,6,41,0.010000,10674
13844,14,113,0.010000,10674
13845,6,31,0.010000,10674
13846,15,119,0.010000,10675
13847,14,126,0.010000,10676
13848,23,187,0.010000,10676
13849,19,155,0.010000,10676
13850,13,97,0.010000,10676
13851,15,123,0.010000,10677
13852,28,250,0.010000,10677
13853,11,94,0.010000,10677
13854,12,114,0.010000,10677
13855,21,163,0.010000,10677
13856,15,102,0.010000,10677
13857,17,145,0.010000,10677
13858,14,127,0.010000,10679
13859,19,147,0.010000,10680
13860,23,194,0.010000,10680
13861,9,63,0.010000,10680
13862,18,175,0.010000,10680
13863,17,119,0.010000,10680
13864,20,154,0.010000,10680
13865,9,78,0.010000,10680
13866,11,66,0.010000,10680
13867,22,170,0.010000,10680
13868,17,173,0.010000,10681
13869,20,188,0.010000,10683
13870,5,26,0.010000,10684
13871,10,71,0.010000,10684
13872,12,120,0.010000,10684
13873,9,63,0.010000,10685
13874,6,60,0.010000,10685
13875,15,140,0.010000,10685
13876,19,144,0.010000,10685
13877,23,172,0.010000,10685
13878,16,127,0.010000,10685
13879,8,54,0.010000,10685
13880,11,83,0.010000,10685
13881,12,94,0.010000,10685
13882,16,116,0.010000,10685
13883,15,126,0.010000,10685
13884,15,108,0.010000,10685
13885,15,103,0.010000,10685
13886,8,58,0.010000,10685
13887,13,85,0.010000,10685
13888,12,89,0.010000,10685
13889,9,73,0.010000,10686
13890,11,102,0.010000,10686
13891,14,118,0.010000,10686
13892,12,86,0.010000,10686
13893,4,34,0.010000,10686
13894,11,106,0.010000,10686
13895,7,62,0.010000,10687
13896,20,194,0.010000,10687
13897,20,181,0.010000,10687
13898,16,165,0.010000,10687
13899,27,292,0.010000,10688
13900,24,170,0.010000,10689
13901,12,116,0.010000,10689
13902,20,197,0.010000,10689
13903,21,161,0.010000,10689
13904,15,111,0.010000,10689
13905,7,48,0.010000,10689
13906,12,99,0.010000,10689
13907,11,102,0.010000,10689
13908,15,104,0.010000,10689
13909,18,127,0.010000,10689
13910,13,110,0.010000,10689
13911,8,77,0.010000,10689
13912,15,97,0.010000,10689
13913,25,197,0.010000,10689
13914,13,94,0.010000,10690
13915,7,62,0.010000,10691
13916,15,123,0.010000,10691
13917,17,150,0.010000,10691
13918,19,144,0.010000,10692
13919,13,105,0.010000,10692
13920,12,88,0.010000,10693
13921,4,27,0.010000,10693
13922,18,127,0.010000,10695
13923,15,127,0.010000,10695
13924,13,92,0.010000,10695
13925,13,123,0.010000,10696
13926,16,121,0.010000,10696
13927,13,96,0.010000,10697
13928,16,104,0.010000,10697
13929,16,144,0.010000,10697
13930,8,45,0.010000,10697
13931,17,196,0.010000,10697
13932,18,188,0.010000,10698
13933,19,168,0.010000,10699
13934,4,34,0.010000,10699
13935,14,109,0.010000,10700
13936,19,144,0.010000,10700
13937,17,162,0.010000,10700
13938,14,105,0.010000,10700
13939,18,134,0.010000,10702
13940,6,39,0.010000,10702
13941,19,143,0.010000,10702
13942,14,121,0.010000,10702
13943,7,61,0.010000,10702
13944,20,185,0.010000,10702
13945,19,131,0.010000,10702
13946,14,131,0.010000,10702
13947,18,121,0.010000,10702
13948,15,127,0.010000,10702
13949,18,158,0.010000,10702
13950,7,83,0.010000,10702
13951,19,138,0.010000,10702
13952,18,136,0.010000,10702
13953,7,49,0.010000,10703
13954,11,60,0.010000,10703
13955,4,18,0.010000,10704
13956,10,97,0.010000,10704
13957,16,122,0.010000,10704
13958,17,140,0.010000,10704
13959,18,119,0.010000,10704
13960,21,225,0.010000,10704
13961,8,42,0.010000,10704
13962,20,182,0.010000,10704
13963,19,144,0.010000,10704
13964,8,44,0.010000,10704
13965,20,157,0.010000,10704
13966,17,146,0.010000,10704
13967,12,91,0.010000,10704
13968,20,180,0.010000,10705
13969,16,138,0.010000,10705
13970,11,76,0.010000,10705
13971,19,161,0.010000,10705
13972,5,44,0.010000,10705
13973,16,123,0.010000,10705
13974,8,47,0.010000,10705
13975,4,24,0.010000,10705
13976,14,120,0.010000,10705
13977,13,78,0.010000,10706
13978,14,131,0.010000,10706
13979,22,205,0.010000,10706
13980,14,125,0.010000,10706
13981,20,145,0.010000,10706
13982,7,51,0.010000,10706
13983,25,221,0.010000,10706
13984,11,55,0.010000,10706
13985,7,43,0.010000,10707
13986,13,110,0.010000,10707
13987,23,160,0.010000,10707
13988,17,123,0.010000,10707
13989,14,124,0.010000,10707
13990,24,219,0.010000,10707
13991,23,225,0.010000,10710
13992,4,26,0.010000,10710
13993,16,119,0.010000,10711
13994,23,236,0.010000,10711
13995,16,116,0.010000,10711
13996,24,193,0.010000,10712
13997,4,26,0.010000,10712
13998,15,117,0.010000,10712
13999,10,97,0.010000,10713
14000,14,141,0.010000,10713
14001,5,53,0.010000,10715
14002,19,135,0.010000,10715
14003,17,142,0.010000,10715
14004,13,106,0.010000,10716
14005,8,54,0.010000,10716
14006,29,255,0.010000,10717
14007,21,157,0.010000,10717
14008,21,183,0.010000,10717
14009,18,145,0.010000,10717
14010,10,78,0.010000,10718
14011,24,224,0.010000,10719
14012,8,71,0.010000,10719
14013,9,78,0.010000,10719
14014,3,28,0.010000,10720
14015,20,158,0.010000,10720
14016,18,169,0.010000,10720
14017,8,61,0.010000,10721
14018,22,166,0.010000,10723
14019,17,162,0.010000,10724
14020,11,89,0.010000,10724
14021,13,92,0.010000,10724
14022,12,119,0.010000,10724
14023,6,48,0.010000,10725
14024,14,99,0.010000,10725
14025,7,44,0.010000,10725
14026,12,81,0.010000,10726
14027,22,208,0.010000,10728
14028,8,71,0.010000,10728
14029,10,77,0.010000,10728
14030,16,135,0.010000,10728
14031,24,205,0.010000,10729
14032,11,80,0.010000,10729
14033,14,135,0.010000,10730
14034,17,138,0.010000,10731
14035,15,135,0.010000,10732
14036,18,146,0.010000,10732
14037,7,49,0.010000,10732
14038,21,174,0.010000,10733
14039,11,70,0.010000,10734
14040,12,94,0.010000,10734
14041,18,161,0.010000,10735
14042,12,80,0.010000,10735
14043,11,89,0.010000,10735
14044,20,148,0.010000,10735
14045,24,201,0.010000,10735
14046,8,46,0.010000,10735
14047,11,90,0.010000,10735
14048,18,148,0.010000,10735
14049,25,191,0.010000,10735
14050,17,158,0.010000,10736
14051,8,69,0.010000,10736
14052,6,40,0.010000,10736
14053,19,126,0.010000,10737
14054,18,142,0.010000,10738
14055,18,142,0.010000,10738
14056,12,99,0.010000,10739
14057,3,21,0.010000,10741
14058,22,164,0.010000,10742
14059,9,67,0.010000,10742
14060,4,28,0.010000,10742
14061,13,94,0.010000,10742
14062,24,203,0.010000,10742
14063,9,65,0.010000,10742
14064,12,94,0.010000,10742
14065,26,231,0.010000,10743
14066,22,181,0.010000,10744
14067,11,115,0.010000,10745
14068,9,62,0.010000,10745
14069,3,28,0.010000,10745
14070,21,169,0.010000,10745
14071,11,79,0.010000,10746
14072,22,225,0.010000,10746
14073,7,46,0.010000,10746
14074,16,108,0.010000,10747
14075,20,156,0.010000,10747
14076,14,118,0.010000,10747
14077,15,110,0.010000,10747
14078,14,119,0.010000,10749
14079,12,83,0.010000,10749
14080,18,112,0.010000,10749
14081,10,81,0.010000,10749
14082,23,229,0.010000,10749
14083,25,176,0.010000,10751
14084,18,119,0.010000,10751
14085,5,34,0.010000,10751
14086,12,103,0.010000,10751
14087,15,101,0.010000,10752
14088,6,36,0.010000,10752
14089,10,61,0.010000,10753
14090,5,36,0.010000,10753
14091,16,140,0.010000,10753
14092,13,113,0.010000,10753
14093,11,79,0.010000,10753
14094,21,174,0.010000,10753
14095,11,79,0.010000,10753
14096,16,118,0.010000,10753
14097,13,93,0.010000,10754
14098,9,57,0.010000,10754
14099,6,48,0.010000,10754
14100,16,116,0.010000,10754
14101,6,52,0.010000,10754
14102,11,83,0.010000,10754
14103,12,116,0.010000,10755
14104,12,95,0.010000,10755
14105,23,186,0.010000,10755
14106,24,242,0.010000,10755
14107,19,142,0.010000,10756
14108,10,72,0.010000,10756
14109,10,79,0.010000,10758
14110,16,88,0.010000,10760
14111,23,211,0.010000,10760
14112,16,136,0.010000,10760
14113,22,169,0.010000,10760
14114,16,128,0.010000,10760
14115,19,116,0.010000,10761
14116,22,211,0.010000,10761
14117,24,208,0.010000,10761
14118,11,88,0.010000,10761
14119,19,164,0.010000,10761
14120,19,175,0.010000,10761
14121,27,300,0.010000,10761
14122,18,156,0.010000,10761
14123,16,122,0.010000,10761
14124,17,155,0.010000,10761
14125,16,120,0.010000,10762
14126,7,49,0.010000,10763
14127,13,108,0.010000,10763
14128,13,110,0.010000,10765
14129,7,53,0.010000,10765
14130,8,65,0.010000,10766
14131,23,208,0.010000,10767
14132,19,151,0.010000,10768
14133,10,86,0.010000,10768
14134,14,101,0.010000,10769
14135,14,125,0.010000,10769
14136,15,99,0.010000,10769
14137,21,180,0.010000,10769
14138,10,88,0.010000,10769
14139,23,184,0.010000,10769
14140,16,110,0.010000,10769
14141,25,191,0.010000,10770
14142,18,155,0.010000,10770
14143,18,156,0.010000,10770
14144,13,122,0.010000,10770
14145,16,153,0.010000,10770
14146,22,172,0.010000,10770
14147,17,149,0.010000,10770
14148,17,132,0.010000,10770
14149,20,162,0.010000,10770
14150,16,124,0.010000,10770
14151,20,133,0.010000,10771
14152,15,114,0.010000,10772
14153,6,53,0.010000,10772
14154,20,190,0.010000,10772
14155,2,16,0.010000,10772
14156,17,131,0.010000,10772
14157,10,82,0.010000,10772
14158,18,138,0.010000,10772
14159,10,84,0.010000,10772
14160,17,122,0.010000,10772
14161,22,192,0.010000,10772
14162,21,167,0.010000,10772
14163,12,94,0.010000,10772
14164,10,104,0.010000,10772
14165,17,139,0.010000,10773
14166,15,90,0.010000,10774
14167,17,144,0.010000,10774
14168,9,66,0.010000,10774
14169,7,64,0.010000,10774
14170,12,79,0.010000,10775
14171,17,139,0.010000,10776
14172,4,36,0.010000,10777
14173,26,236,0.010000,10777
14174,17,144,0.010000,10777
14175,11,78,0.010000,10777
14176,12,83,0.010000,10778
14177,18,133,0.010000,10779
14178,9,65,0.010000,10780
14179,15,129,0.010000,10780
14180,8,77,0.010000,10780
14181,18,142,0.010000,10780
14182,22,205,0.010000,10780
14183,17,142,0.010000,10780
14184,10,86,0.010000,10780
14185,21,151,0.010000,10780
14186,22,225,0.010000,10780
14187,16,125,0.010000,10781
14188,18,134,0.010000,10781
14189,24,163,0.010000,10782
14190,8,80,0.010000,10782
14191,18,167,0.010000,10785
14192,17,155,0.010000,10786
14193,19,167,0.010000,10786
14194,12,90,0.010000,10787
14195,18,125,0.010000,10787
14196,17,171,0.010000,10787
14197,5,45,0.010000,10787
14198,15,108,0.010000,10788
14199,12,101,0.010000,10788
14200,10,77,0.010000,10789
14201,20,175,0.010000,10789
14202,18,148,0.010000,10789
14203,13,87,0.010000,10789
14204,15,127,0.010000,10789
14205,14,116,0.010000,10789
14206,8,49,0.010000,10789
14207,17,118,0.010000,10790
14208,11,77,0.010000,10791
14209,20,147,0.010000,10791
14210,14,112,0.010000,10791
14211,22,186,0.010000,10793
14212,15,108,0.010000,10794
14213,14,124,0.010000,10796
14214,11,68,0.010000,10796
14215,25,158,0.010000,10797
14216,13,104,0.010000,10797
14217,15,115,0.010000,10798
14218,19,167,0.010000,10798
14219,21,172,0.010000,10799
14220,16,131,0.010000,10800
14221,18,160,0.010000,10800
14222,15,148,0.010000,10800
14223,16,142,0.010000,10800
14224,10,86,0.010000,10801
14225,15,129,0.010000,10802
14226,13,127,0.010000,10802
14227,17,145,0.010000,10804
14228,8,60,0.010000,10804
14229,13,92,0.010000,10804
14230,14,81,0.010000,10804
14231,22,211,0.010000,10804
14232,17,135,0.010000,10804
14233,12,119,0.010000,10804
14234,13,135,0.010000,10805
14235,11,60,0.010000,10806
14236,7,50,0.010000,10806
14237,15,111,0.010000,10806
14238,9,90,0.010000,10806
14239,3,17,0.010000,10806
14240,13,110,0.010000,10806
14241,21,144,0.010000,10806
14242,4,21,0.010000,10806
14243,6,36,0.010000,10808
14244,24,193,0.010000,10808
14245,6,49,0.010000,10808
14246,15,115,0.010000,10808
14247,16,124,0.010000,10809
14248,11,72,0.010000,10810
14249,16,128,0.010000,10811
14250,5,39,0.010000,10811
14251,7,38,0.010000,10811
14252,23,188,0.010000,10811
14253,15,117,0.010000,10811
14254,12,78,0.010000,10811
14255,15,128,0.010000,10811
14256,12,97,0.010000,10811
14257,13,65,0.010000,10811
14258,6,56,0.010000,10811
14259,25,206,0.010000,10813
14260,10,83,0.010000,10813
14261,14,92,0.010000,10813
14262,21,182,0.010000,10815
14263,15,162,0.010000,10815
14264,27,236,0.010000,10815
14265,14,108,0.010000,10815
14266,17,140,0.010000,10815
14267,6,50,0.010000,10816
14268,10,76,0.010000,10816
14269,12,97,0.010000,10816
14270,19,177,0.010000,10816
14271,33,331,0.010000,10817
14272,22,180,0.010000,10817
14273,25,206,0.010000,10817
14274,4,34,0.010000,10817
14275,15,118,0.010000,10817
14276,24,215,0.010000,10817
14277,24,243,0.010000,10817
14278,28,259,0.010000,10819
14279,15,139,0.010000,10819
14280,12,75,0.010000,10819
14281,18,136,0.010000,10820
14282,22,219,0.010000,10820
14283,16,141,0.010000,10820
14284,18,137,0.010000,10820
14285,5,21,0.010000,10820
14286,14,109,0.010000,10820
14287,9,54,0.010000,10820
14288,6,57,0.010000,10820
14289,13,130,0.010000,10821
14290,10,77,0.010000,10821
14291,8,68,0.010000,10822
14292,16,116,0.010000,10822
14293,18,154,0.010000,10822
14294,24,205,0.010000,10822
14295,8,65,0.010000,10822
14296,13,91,0.010000,10822
14297,5,43,0.010000,10822
14298,16,127,0.010000,10822
14299,11,96,0.010000,10822
14300,22,170,0.010000,10822
14301,19,157,0.010000,10822
14302,7,47,0.010000,10822
14303,12,109,0.010000,10822
14304,6,41,0.010000,10822
14305,16,126,0.010000,10822
14306,19,149,0.010000,10823
14307,24,193,0.010000,10823
14308,6,57,0.010000,10823
14309,15,134,0.010000,10823
14310,16,112,0.010000,10824
14311,14,94,0.010000,10824
14312,19,173,0.010000,10824
14313,15,110,0.010000,10825
14314,21,186,0.010000,10825
14315,7,68,0.010000,10825
14316,11,83,0.010000,10825
14317,13,115,0.010000,10825
14318,19,149,0.010000,10826
14319,10,107,0.010000,10827
14320,11,97,0.010000,10827
14321,14,133,0.010000,10827
14322,24,189,0.010000,10828
14323,13,92,0.010000,10830
14324,21,164,0.010000,10831
14325,14,124,0.010000,10831
14326,15,95,0.010000,10831
14327,20,170,0.010000,10831
14328,14,110,0.010000,10832
14329,18,126,0.010000,10832
14330,12,110,0.010000,10834
14331,11,83,0.010000,10834
14332,7,42,0.010000,10834
14333,15,124,0.010000,10834
14334,13,94,0.010000,10836
14335,24,222,0.010000,10836
14336,18,137,0.010000,10837
14337,23,175,0.010000,10837
14338,21,162,0.010000,10837
14339,17,156,0.010000,10837
14340,15,109,0.010000,10837
14341,8,50,0.010000,10837
14342,11,100,0.010000,10837
14343,16,166,0.010000,10837
14344,26,235,0.010000,10838
14345,15,120,0.010000,10838
14346,23,197,0.010000,10841
14347,28,241,0.010000,10842
14348,16,99,0.010000,10843
14349,21,148,0.010000,10843
14350,17,147,0.010000,10843
14351,15,124,0.010000,10844
14352,12,120,0.010000,10844
14353,19,124,0.010000,10845
14354,16,138,0.010000,10845
14355,9,64,0.010000,10846
14356,15,120,0.010000,10846
14357,12,94,0.010000,10846
14358,15,109,0.010000,10847
14359,8,79,0.010000,10847
14360,5,31,0.010000,10847
14361,18,154,0.010000,10847
14362,31,261,0.010000,10847
14363,20,178,0.010000,10847
14364,6,49,0.010000,10847
14365,17,149,0.010000,10847
14366,20,184,0.010000,10848
14367,8,62,0.010000,10848
14368,13,85,0.010000,10848
14369,18,180,0.010000,10849
14370,16,121,0.010000,10849
14371,21,168,0.010000,10850
14372,17,109,0.010000,10851
14373,12,75,0.010000,10851
14374,22,216,0.010000,10851
14375,23,195,0.010000,10852
14376,12,73,0.010000,10852
14377,12,89,0.010000,10852
14378,6,38,0.010000,10852
14379,9,86,0.010000,10852
14380,15,123,0.010000,10852
14381,13,114,0.010000,10853
14382,11,108,0.010000,10853
14383,18,121,0.010000,10854
14384,15,139,0.010000,10854
14385,13,92,0.010000,10854
14386,18,154,0.010000,10854
14387,9,75,0.010000,10854
14388,19,183,0.010000,10854
14389,16,150,0.010000,10854
14390,10,88,0.010000,10854
14391,11,78,0.010000,10854
14392,11,76,0.010000,10855
14393,15,108,0.010000,10856
14394,18,152,0.010000,10856
14395,6,34,0.010000,10856
14396,13,108,0.010000,10856
14397,10,67,0.010000,10856
14398,24,157,0.010000,10856
14399,14,116,0.010000,10856
14400,15,78,0.010000,10857
14401,28,272,0.010000,10857
14402,13,123,0.010000,10859
14403,11,83,0.010000,10860
14404,15,120,0.010000,10860
14405,6,57,0.010000,10860
14406,8,60,0.010000,10860
14407,13,111,0.010000,10860
14408,14,100,0.010000,10860
14409,9,66,0.010000,10860
14410,8,60,0.010000,10860
14411,18,158,0.010000,10860
14412,15,110,0.010000,10860
14413,15,121,0.010000,10860
14414,15,125,0.010000,10860
14415,9,52,0.010000,10860
14416,12,76,0.010000,10860
14417,11,81,0.010000,10860
14418,18,164,0.010000,10860
14419,6,39,0.010000,10860
14420,15,141,0.010000,10862
14421,12,92,0.010000,10862
14422,0,7,0.010000,10862
14423,5,37,0.010000,10862
14424,17,137,0.010000,10862
14425,14,100,0.010000,10862
14426,21,190,0.010000,10862
14427,13,135,0.010000,10862
14428,23,166,0.010000,10862
14429,29,254,0.010000,10862
14430,18,137,0.010000,10862
14431,9,65,0.010000,10862
14432,16,156,0.010000,10862
14433,13,118,0.010000,10862
14434,21,179,0.010000,10862
14435,14,98,0.010000,10863
14436,8,57,0.010000,10863
14437,18,142,0.010000,10863
14438,13,84,0.010000,10863
14439,23,182,0.010000,10864
14440,20,197,0.010000,10864
14441,14,96,0.010000,10865
14442,2,9,0.010000,10865
14443,7,52,0.010000,10866
14444,16,139,0.010000,10866
14445,12,97,0.010000,10866
14446,15,131,0.010000,10866
14447,24,187,0.010000,10866
14448,10,74,0.010000,10866
14449,22,213,0.010000,10866
14450,16,120,0.010000,10866
14451,25,204,0.010000,10866
14452,20,174,0.010000,10866
14453,18,140,0.010000,10868
14454,13,129,0.010000,10869
14455,12,97,0.010000,10870
14456,18,157,0.010000,10871
14457,16,134,0.010000,10871
14458,8,63,0.010000,10871
14459,13,106,0.010000,10871
14460,19,174,0.010000,10872
14461,17,147,0.010000,10872
14462,14,102,0.010000,10873
14463,3,25,0.010000,10873
14464,17,111,0.010000,10874
14465,16,130,0.010000,10874
14466,24,222,0.010000,10874
14467,14,106,0.010000,10874
14468,19,143,0.010000,10874
14469,18,149,0.010000,10874
14470,24,217,0.010000,10875
14471,16,155,0.010000,10875
14472,18,154,0.010000,10875
14473,20,157,0.010000,10876
14474,26,234,0.010000,10876
14475,20,178,0.010000,10876
14476,11,88,0.010000,10876
14477,7,61,0.010000,10876
14478,12,65,0.010000,10876
14479,14,87,0.010000,10877
14480,11,84,0.010000,10877
14481,10,47,0.010000,10878
14482,11,81,0.010000,10879
14483,17,164,0.010000,10879
14484,22,238,0.010000,10880
14485,16,128,0.010000,10880
14486,17,127,0.010000,10880
14487,16,123,0.010000,10880
14488,15,112,0.010000,10880
14489,11,97,0.010000,10880
14490,15,98,0.010000,10880
14491,14,123,0.010000,10880
14492,12,83,0.010000,10881
14493,21,138,0.010000,10881
14494,14,107,0.010000,10881
14495,7,40,0.010000,10881
14496,11,95,0.010000,10882
14497,15,101,0.010000,10883
14498,12,97,0.010000,10883
14499,17,144,0.010000,10883
14500,15,121,0.010000,10883
14501,8,64,0.010000,10883
14502,21,176,0.010000,10883
14503,18,142,0.010000,10883
14504,21,167,0.010000,10883
14505,7,34,0.010000,10884
14506,18,116,0.010000,10884
14507,12,99,0.010000,10884
14508,19,145,0.010000,10884
14509,18,144,0.010000,10885
14510,15,99,0.010000,10886
14511,24,239,0.010000,10886
14512,8,56,0.010000,10886
14513,24,200,0.010000,10886
14514,20,140,0.010000,10887
14515,17,137,0.010000,10887
14516,13,123,0.010000,10887
14517,7,56,0.010000,10887
14518,19,121,0.010000,10887
14519,6,36,0.010000,10888
14520,11,89,0.010000,10888
14521,14,120,0.010000,10888
14522,13,88,0.010000,10888
14523,15,118,0.010000,10888
14524,30,191,0.010000,10888
14525,15,106,0.010000,10888
14526,28,261,0.010000,10889
14527,15,86,0.010000,10889
14528,13,101,0.010000,10889
14529,15,149,0.010000,10890
14530,18,157,0.010000,10890
14531,12,119,0.010000,10890
14532,11,89,0.010000,10890
14533,22,203,0.010000,10890
14534,11,83,0.010000,10890
14535,19,145,0.010000,10890
14536,7,42,0.010000,10890
14537,16,108,0.010000,10890
14538,12,97,0.010000,10890
14539,21,187,0.010000,10891
14540,11,90,0.010000,10891
14541,18,194,0.010000,10891
14542,30,275,0.010000,10893
14543,8,52,0.010000,10894
14544,8,66,0.010000,10894
14545,11,93,0.010000,10894
14546,17,166,0.010000,10894
14547,21,175,0.010000,10895
14548,9,61,0.010000,10895
14549,14,135,0.010000,10895
14550,14,112,0.010000,10895
14551,8,66,0.010000,10895
14552,6,48,0.010000,10895
14553,11,94,0.010000,10895
14554,19,156,0.010000,10895
14555,20,183,0.010000,10895
14556,13,115,0.010000,10896
14557,21,174,0.010000,10896
14558,9,56,0.010000,10897
14559,12,90,0.010000,10897
14560,24,221,0.010000,10897
14561,6,49,0.010000,10897
14562,12,110,0.010000,10897
14563,7,60,0.010000,10897
14564,8,57,0.010000,10898
14565,7,58,0.010000,10898
14566,11,102,0.010000,10898
14567,14,134,0.010000,10898
14568,13,84,0.010000,10898
14569,15,121,0.010000,10899
14570,12,100,0.010000,10899
14571,15,143,0.010000,10900
14572,10,73,0.010000,10901
14573,17,161,0.010000,10901
14574,4,34,0.010000,10901
14575,20,178,0.010000,10902
14576,15,91,0.010000,10902
14577,7,53,0.010000,10903
14578,13,66,0.010000,10904
14579,15,117,0.010000,10904
14580,16,159,0.010000,10904
14581,22,166,0.010000,10904
14582,16,165,0.010000,10905
14583,20,140,0.010000,10905
14584,17,119,0.010000,10905
14585,13,100,0.010000,10905
14586,15,142,0.010000,10905
14587,9,80,0.010000,10905
14588,19,185,0.010000,10905
14589,13,97,0.010000,10905
14590,9,79,0.010000,10905
14591,5,44,0.010000,10905
14592,23,207,0.010000,10908
14593,9,62,0.010000,10909
14594,6,50,0.010000,10909
14595,15,85,0.010000,10910
14596,20,160,0.010000,10910
14597,17,139,0.010000,10910
14598,18,183,0.010000,10910
14599,9,81,0.010000,10910
14600,15,109,0.010000,10910
14601,15,143,0.010000,10910
14602,11,95,0.010000,10910
14603,16,122,0.010000,10910
14604,9,52,0.010000,10910
14605,24,224,0.010000,10910
14606,20,184,0.010000,10910
14607,0,7,0.010000,10910
14608,15,112,0.010000,10910
14609,19,194,0.010000,10910
14610,20,162,0.010000,10911
14611,19,141,0.010000,10913
14612,18,122,0.010000,10913
14613,21,194,0.010000,10914
14614,23,221,0.010000,10914
14615,16,147,0.010000,10915
14616,19,162,0.010000,10916
14617,15,110,0.010000,10916
14618,10,80,0.010000,10917
14619,27,201,0.010000,10918
14620,17,137,0.010000,10919
14621,11,65,0.010000,10919
14622,22,203,0.010000,10920
14623,11,84,0.010000,10920
14624,6,45,0.010000,10920
14625,15,134,0.010000,10920
14626,20,169,0.010000,10920
14627,24,230,0.010000,10920
14628,17,130,0.010000,10920
14629,16,131,0.010000,10921
14630,9,73,0.010000,10921
14631,12,99,0.010000,10921
14632,10,76,0.010000,10921
14633,26,184,0.010000,10922
14634,11,99,0.010000,10922
14635,4,21,0.010000,10922
14636,10,87,0.010000,10922
14637,10,72,0.010000,10922
14638,21,144,0.010000,10923
14639,8,50,0.010000,10923
14640,11,90,0.010000,10924
14641,13,94,0.010000,10924
14642,19,150,0.010000,10924
14643,21,225,0.010000,10924
14644,9,63,0.010000,10924
14645,17,132,0.010000,10924
14646,13,101,0.010000,10924
14647,20,185,0.010000,10924
14648,7,61,0.010000,10924
14649,13,88,0.010000,10924
14650,7,46,0.010000,10925
14651,10,79,0.010000,10925
14652,18,159,0.010000,10925
14653,29,215,0.010000,10925
14654,17,117,0.010000,10925
14655,6,59,0.010000,10925
14656,11,83,0.010000,10925
14657,23,187,0.010000,10926
14658,7,46,0.010000,10926
14659,10,63,0.010000,10926
14660,20,144,0.010000,10928
14661,6,52,0.010000,10929
14662,11,95,0.010000,10929
14663,29,279,0.010000,10929
14664,18,183,0.010000,10930
14665,16,113,0.010000,10930
14666,20,202,0.010000,10931
14667,16,124,0.010000,10932
14668,13,87,0.010000,10932
14669,16,117,0.010000,10933
14670,14,117,0.010000,10933
14671,11,97,0.010000,10933
14672,15,99,0.010000,10934
14673,23,179,0.010000,10935
14674,20,163,0.010000,10935
14675,12,95,0.010000,10935
14676,14,84,0.010000,10935
14677,16,124,0.010000,10935
14678,5,66,0.010000,10936
14679,9,56,0.010000,10936
14680,10,66,0.010000,10936
14681,10,66,0.010000,10936
14682,17,140,0.010000,10936
14683,10,80,0.010000,10936
14684,13,85,0.010000,10936
14685,15,112,0.010000,10938
14686,27,180,0.010000,10939
14687,8,64,0.010000,10940
14688,9,66,0.010000,10940
14689,26,208,0.010000,10942
14690,17,151,0.010000,10942
14691,9,70,0.010000,10942
14692,18,159,0.010000,10942
14693,11,101,0.010000,10942
14694,8,54,0.010000,10942
14695,15,120,0.010000,10944
14696,17,114,0.010000,10944
14697,15,104,0.010000,10945
14698,12,81,0.010000,10945
14699,2,11,0.010000,10945
14700,12,104,0.010000,10945
14701,24,221,0.010000,10946
14702,17,139,0.010000,10946
14703,14,113,0.010000,10946
14704,18,133,0.010000,10946
14705,25,205,0.010000,10947
14706,15,147,0.010000,10948
14707,24,191,0.010000,10949
14708,13,121,0.010000,10950
14709,13,118,0.010000,10950
14710,16,173,0.010000,10953
14711,23,185,0.010000,10953
14712,12,109,0.010000,10953
14713,15,114,0.010000,10953
14714,17,126,0.010000,10954
14715,15,102,0.010000,10954
14716,12,97,0.010000,10954
14717,17,143,0.010000,10956
14718,19,153,0.010000,10956
14719,19,171,0.010000,10956
14720,17,136,0.010000,10956
14721,8,54,0.010000,10956
14722,13,102,0.010000,10956
14723,16,113,0.010000,10956
14724,25,198,0.010000,10956
14725,16,126,0.010000,10956
14726,7,75,0.010000,10956
14727,18,125,0.010000,10957
14728,16,136,0.010000,10957
14729,10,88,0.010000,10957
14730,14,105,0.010000,10957
14731,18,178,0.010000,10957
14732,22,192,0.010000,10957
14733,21,151,0.010000,10957
14734,29,237,0.010000,10957
14735,3,37,0.010000,10957
14736,16,126,0.010000,10957
14737,14,107,0.010000,10957
14738,25,240,0.010000,10957
14739,14,120,0.010000,10957
14740,15,129,0.010000,10958
14741,22,155,0.010000,10960
14742,10,66,0.010000,10960
14743,12,101,0.010000,10961
14744,12,85,0.010000,10962
14745,17,131,0.010000,10962
14746,19,130,0.010000,10963
14747,13,113,0.010000,10963
14748,19,113,0.010000,10963
14749,4,24,0.010000,10963
14750,15,90,0.010000,10963
14751,18,145,0.010000,10963
14752,13,106,0.010000,10964
14753,18,156,0.010000,10964
14754,22,180,0.010000,10964
14755,12,91,0.010000,10964
14756,13,127,0.010000,10965
14757,20,130,0.010000,10965
14758,12,85,0.010000,10967
14759,21,155,0.010000,10968
14760,13,94,0.010000,10969
14761,19,154,0.010000,10971
14762,21,180,0.010000,10971
14763,14,94,0.010000,10972
14764,16,153,0.010000,10972
14765,24,212,0.010000,10973
14766,22,186,0.010000,10974
14767,11,95,0.010000,10974
14768,9,75,0.010000,10974
14769,16,116,0.010000,10974
14770,19,156,0.010000,10974
14771,14,95,0.010000,10975
14772,19,170,0.010000,10975
14773,21,183,0.010000,10975
14774,15,136,0.010000,10975
14775,9,61,0.010000,10975
14776,12,105,0.010000,10975
14777,21,187,0.010000,10975
14778,18,164,0.010000,10975
14779,14,137,0.010000,10976
14780,4,26,0.010000,10977
14781,9,67,0.010000,10977
14782,15,110,0.010000,10977
14783,27,287,0.010000,10977
14784,19,145,0.010000,10977
14785,8,62,0.010000,10977
14786,11,96,0.010000,10977
14787,10,79,0.010000,10977
14788,19,143,0.010000,10978
14789,14,101,0.010000,10978
14790,20,177,0.010000,10978
14791,9,67,0.010000,10979
14792,13,125,0.010000,10979
14793,13,102,0.010000,10980
14794,9,72,0.010000,10980
14795,22,192,0.010000,10981
14796,16,142,0.010000,10981
14797,14,143,0.010000,10983
14798,13,96,0.010000,10984
14799,21,180,0.010000,10984
14800,11,83,0.010000,10984
14801,18,109,0.010000,10985
14802,13,91,0.010000,10985
14803,28,241,0.010000,10985
14804,17,156,0.010000,10985
14805,28,221,0.010000,10985
14806,26,221,0.010000,10986
14807,11,74,0.010000,10987
14808,15,131,0.010000,10988
14809,10,75,0.010000,10988
14810,11,76,0.010000,10988
14811,15,136,0.010000,10989
14812,18,134,0.010000,10990
14813,10,78,0.010000,10990
14814,13,118,0.010000,10991
14815,17,131,0.010000,10991
14816,12,113,0.010000,10991
14817,16,138,0.010000,10991
14818,10,80,0.010000,10992
14819,10,61,0.010000,10992
14820,15,114,0.010000,10992
14821,17,118,0.010000,10992
14822,17,155,0.010000,10992
14823,14,74,0.010000,10993
14824,2,18,0.010000,10993
14825,5,39,0.010000,10993
14826,14,93,0.010000,10993
14827,12,104,0.010000,10993
14828,8,44,0.010000,10993
14829,6,48,0.010000,10993
14830,11,71,0.010000,10993
14831,18,123,0.010000,10993
14832,24,172,0.010000,10993
14833,14,128,0.010000,10993
14834,7,37,0.010000,10993
14835,12,80,0.010000,10994
14836,15,113,0.010000,10994
14837,23,200,0.010000,10994
14838,20,161,0.010000,10994
14839,13,124,0.010000,10994
14840,29,234,0.010000,10995
14841,21,178,0.010000,10997
14842,18,116,0.010000,10997
14843,18,147,0.010000,10997
14844,16,139,0.010000,10997
14845,14,96,0.010000,10997
14846,19,150,0.010000,10997
14847,20,158,0.010000,10998
14848,9,73,0.010000,10998
14849,6,51,0.010000,10999
14850,16,128,0.010000,10999
14851,15,130,0.010000,10999
14852,16,114,0.010000,10999
14853,12,89,0.010000,10999
14854,6,38,0.010000,10999
14855,10,74,0.010000,10999
14856,9,69,0.010000,10999
14857,20,169,0.010000,10999
14858,9,64,0.010000,11000
14859,25,160,0.010000,11001
14860,22,186,0.010000,11001
14861,14,118,0.010000,11001
14862,20,168,0.010000,11001
14863,9,50,0.010000,11001
14864,7,58,0.010000,11001
14865,5,43,0.010000,11002
14866,16,123,0.010000,11002
14867,5,45,0.010000,11002
14868,12,103,0.010000,11002
14869,10,74,0.010000,11002
14870,14,109,0.010000,11002
14871,10,64,0.010000,11002
14872,7,47,0.010000,11002
14873,16,136,0.010000,11003
14874,20,135,0.010000,11004
14875,8,70,0.010000,11004
14876,15,101,0.010000,11004
14877,8,74,0.010000,11004
14878,10,88,0.010000,11004
14879,18,132,0.010000,11005
14880,9,61,0.010000,11005
14881,13,111,0.010000,11005
14882,15,106,0.010000,11005
14883,19,169,0.010000,11005
14884,21,200,0.010000,11006
14885,24,205,0.010000,11008
14886,16,116,0.010000,11009
14887,21,161,0.010000,11009
14888,13,91,0.010000,11009
14889,8,57,0.010000,11009
14890,18,162,0.010000,11009
14891,18,142,0.010000,11010
14892,18,142,0.010000,11013
14893,9,81,0.010000,11013
14894,24,178,0.010000,11013
14895,19,163,0.010000,11013
14896,13,76,0.010000,11013
14897,4,42,0.010000,11014
14898,19,134,0.010000,11014
14899,21,182,0.010000,11015
14900,29,251,0.010000,11015
14901,19,141,0.010000,11015
14902,9,69,0.010000,11015
14903,4,36,0.010000,11016
14904,15,111,0.010000,11016
14905,30,261,0.010000,11016
14906,22,174,0.010000,11016
14907,21,146,0.010000,11016
14908,20,175,0.010000,11017
14909,14,120,0.010000,11018
14910,20,174,0.010000,11018
14911,19,124,0.010000,11018
14912,18,132,0.010000,11019
14913,11,105,0.010000,11019
14914,3,14,0.010000,11021
14915,22,168,0.010000,11021
14916,8,53,0.010000,11021
14917,20,202,0.010000,11022
14918,14,99,0.010000,11023
14919,16,121,0.010000,11023
14920,19,165,0.010000,11024
14921,12,85,0.010000,11024
14922,17,121,0.010000,11024
14923,11,69,0.010000,11025
14924,21,159,0.010000,11025
14925,27,198,0.010000,11025
14926,19,173,0.010000,11025
14927,14,86,0.010000,11025
14928,7,52,0.010000,11025
14929,20,175,0.010000,11025
14930,18,121,0.010000,11025
14931,6,43,0.010000,11025
14932,14,124,0.010000,11025
14933,9,55,0.010000,11025
14934,4,22,0.010000,11025
14935,9,89,0.010000,11026
14936,10,77,0.010000,11026
14937,11,62,0.010000,11026
14938,18,142,0.010000,11027
14939,15,113,0.010000,11028
14940,14,112,0.010000,11029
14941,19,167,0.010000,11029
14942,16,131,0.010000,11030
14943,19,170,0.010000,11030
14944,16,154,0.010000,11030
14945,7,40,0.010000,11030
14946,8,38,0.010000,11030
14947,6,36,0.010000,11030
14948,7,43,0.010000,11031
14949,19,181,0.010000,11031
14950,16,126,0.010000,11032
14951,13,109,0.010000,11032
14952,0,7,0.010000,11032
14953,19,150,0.010000,11032
14954,8,47,0.010000,11032
14955,24,223,0.010000,11034
14956,17,149,0.010000,11034
14957,15,99,0.010000,11034
14958,16,108,0.010000,11034
14959,22,164,0.010000,11034
14960,11,81,0.010000,11034
14961,7,53,0.010000,11034
14962,11,86,0.010000,11034
14963,16,130,0.010000,11034
14964,19,143,0.010000,11034
14965,9,63,0.010000,11034
14966,15,124,0.010000,11035
14967,12,118,0.010000,11035
14968,19,157,0.010000,11035
14969,19,164,0.010000,11036
14970,17,154,0.010000,11037
14971,17,134,0.010000,11037
14972,9,47,0.010000,11037
14973,15,100,0.010000,11037
14974,14,102,0.010000,11037
14975,13,116,0.010000,11037
14976,16,148,0.010000,11037
14977,22,170,0.010000,11040
14978,15,132,0.010000,11040
14979,22,164,0.010000,11042
14980,12,80,0.010000,11042
14981,15,111,0.010000,11042
14982,17,121,0.010000,11043
14983,17,165,0.010000,11044
14984,10,62,0.010000,11044
14985,9,62,0.010000,11044
14986,15,125,0.010000,11046
14987,20,156,0.010000,11046
14988,19,156,0.010000,11046
14989,24,234,0.010000,11046
14990,9,75,0.010000,11046
14991,9,76,0.010000,11046
14992,21,146,0.010000,11046
14993,11,84,0.010000,11046
14994,14,117,0.010000,11046
14995,9,79,0.010000,11047
14996,11,86,0.010000,11047
14997,20,187,0.010000,11048
14998,27,222,0.010000,11049
14999,14,104,0.010000,11050
15000,19,129,0.010000,11050
15001,9,61,0.010000,11051
15002,11,67,0.010000,11051
15003,10,71,0.010000,11052
15004,11,75,0.010000,11052
15005,10,63,0.010000,11053
15006,16,125,0.010000,11054
15007,12,89,0.010000,11054
15008,10,73,0.010000,11054
15009,13,117,0.010000,11054
15010,22,209,0.010000,11054
15011,11,64,0.010000,11055
15012,24,240,0.010000,11055
15013,16,99,0.010000,11055
15014,17,158,0.010000,11056
15015,17,155,0.010000,11056
15016,14,122,0.010000,11056
15017,21,198,0.010000,11057
15018,17,147,0.010000,11058
15019,9,58,0.010000,11058
15020,10,100,0.010000,11058
15021,10,82,0.010000,11058
15022,28,288,0.010000,11058
15023,8,56,0.010000,11058
15024,12,91,0.010000,11058
15025,24,201,0.010000,11059
15026,21,191,0.010000,11059
15027,25,220,0.010000,11060
15028,6,42,0.010000,11060
15029,21,199,0.010000,11061
15030,19,131,0.010000,11061
15031,21,182,0.010000,11061
15032,10,76,0.010000,11062
15033,16,118,0.010000,11062
15034,8,42,0.010000,11062
15035,4,41,0.010000,11062
15036,9,71,0.010000,11062
15037,13,126,0.010000,11063
15038,13,113,0.010000,11063
15039,16,140,0.010000,11063
15040,11,101,0.010000,11063
15041,13,104,0.010000,11064
15042,12,87,0.010000,11064
15043,18,169,0.010000,11064
15044,0,10,0.010000,11064
15045,10,97,0.010000,11064
15046,20,158,0.010000,11064
15047,10,66,0.010000,11065
15048,4,29,0.010000,11065
15049,18,117,0.010000,11065
15050,16,143,0.010000,11066
15051,13,115,0.010000,11067
15052,8,58,0.010000,11067
15053,19,126,0.010000,11068
15054,22,205,0.010000,11070
15055,23,180,0.010000,11071
15056,13,121,0.010000,11071
15057,15,95,0.010000,11071
15058,12,81,0.010000,11071
15059,10,96,0.010000,11071
15060,21,133,0.010000,11071
15061,10,71,0.010000,11071
15062,27,259,0.010000,11072
15063,12,88,0.010000,11072
15064,23,203,0.010000,11073
15065,14,140,0.010000,11073
15066,10,68,0.010000,11074
15067,14,103,0.010000,11074
15068,16,136,0.010000,11074
15069,24,206,0.010000,11074
15070,8,60,0.010000,11074
15071,11,98,0.010000,11074
15072,13,92,0.010000,11074
15073,25,202,0.010000,11075
15074,7,52,0.010000,11075
15075,17,154,0.010000,11075
15076,20,138,0.010000,11075
15077,0,9,0.010000,11075
15078,16,95,0.010000,11076
15079,24,194,0.010000,11076
15080,18,138,0.010000,11076
15081,8,56,0.010000,11076
15082,21,158,0.010000,11076
15083,26,191,0.010000,11076
15084,23,193,0.010000,11076
15085,11,79,0.010000,11076
15086,11,80,0.010000,11076
15087,3,20,0.010000,11076
15088,0,7,0.010000,11076
15089,9,62,0.010000,11076
15090,11,94,0.010000,11076
15091,16,119,0.010000,11076
15092,15,144,0.010000,11076
15093,28,261,0.010000,11076
15094,21,152,0.010000,11076
15095,12,73,0.010000,11077
15096,8,47,0.010000,11078
15097,19,140,0.010000,11078
15098,16,120,0.010000,11078
15099,20,162,0.010000,11078
15100,8,60,0.010000,11078
15101,16,186,0.010000,11078
15102,13,88,0.010000,11078
15103,12,101,0.010000,11078
15104,20,160,0.010000,11078
15105,16,119,0.010000,11078
15106,17,142,0.010000,11078
15107,11,84,0.010000,11078
15108,10,71,0.010000,11078
15109,17,155,0.010000,11078
15110,26,204,0.010000,11078
15111,9,90,0.010000,11079
15112,14,110,0.010000,11079
15113,16,153,0.010000,11079
15114,12,106,0.010000,11079
15115,13,135,0.010000,11079
15116,12,100,0.010000,11079
15117,14,117,0.010000,11079
15118,14,150,0.010000,11079
15119,16,145,0.010000,11079
15120,12,118,0.010000,11079
15121,10,71,0.010000,11079
15122,21,147,0.010000,11079
15123,12,100,0.010000,11079
15124,13,138,0.010000,11079
15125,9,76,0.010000,11080
15126,11,72,0.010000,11080
15127,15,112,0.010000,11081
15128,10,71,0.010000,11081
15129,21,184,0.010000,11082
15130,14,127,0.010000,11082
15131,5,58,0.010000,11082
15132,19,174,0.010000,11082
15133,11,84,0.010000,11082
15134,12,124,0.010000,11082
15135,14,117,0.010000,11082
15136,11,86,0.010000,11082
15137,26,187,0.010000,11082
15138,14,113,0.010000,11082
15139,18,120,0.010000,11082
15140,26,195,0.010000,11084
15141,21,160,0.010000,11085
15142,14,116,0.010000,11085
15143,17,110,0.010000,11085
15144,22,186,0.010000,11085
15145,23,166,0.010000,11085
15146,14,128,0.010000,11086
15147,13,94,0.010000,11087
15148,1,23,0.010000,11087
15149,9,53,0.010000,11088
15150,10,81,0.010000,11088
15151,15,105,0.010000,11089
15152,12,84,0.010000,11090
15153,9,85,0.010000,11090
15154,24,189,0.010000,11090
15155,12,114,0.010000,11090
15156,12,80,0.010000,11090
15157,14,109,0.010000,11090
15158,7,42,0.010000,11091
15159,17,160,0.010000,11092
15160,9,67,0.010000,11093
15161,9,76,0.010000,11094
15162,17,125,0.010000,11094
15163,25,251,0.010000,11094
15164,14,108,0.010000,11095
15165,13,93,0.010000,11095
15166,16,155,0.010000,11095
15167,22,165,0.010000,11095
15168,7,39,0.010000,11095
15169,20,149,0.010000,11095
15170,22,173,0.010000,11095
15171,5,25,0.010000,11095
15172,9,80,0.010000,11095
15173,13,111,0.010000,11095
15174,24,230,0.010000,11095
15175,18,145,0.010000,11095
15176,14,146,0.010000,11095
15177,9,93,0.010000,11095
15178,1,7,0.010000,11095
15179,21,133,0.010000,11095
15180,8,50,0.010000,11095
15181,14,121,0.010000,11095
15182,16,126,0.010000,11095
15183,15,105,0.010000,11095
15184,10,82,0.010000,11095
15185,13,120,0.010000,11095
15186,13,108,0.010000,11095
15187,7,51,0.010000,11095
15188,14,114,0.010000,11095
15189,19,170,0.010000,11095
15190,5,31,0.010000,11095
15191,16,133,0.010000,11095
15192,10,68,0.010000,11095
15193,15,130,0.010000,11095
15194,11,72,0.010000,11095
15195,8,60,0.010000,11095
15196,9,72,0.010000,11095
15197,10,60,0.010000,11095
15198,12,82,0.010000,11095
15199,13,98,0.010000,11095
15200,13,87,0.010000,11095
15201,16,132,0.010000,11095
15202,8,65,0.010000,11095
15203,23,191,0.010000,11095
15204,24,201,0.010000,11096
15205,11,83,0.010000,11097
15206,16,114,0.010000,11098
15207,17,136,0.010000,11098
15208,27,249,0.010000,11099
15209,16,135,0.010000,11101
15210,14,104,0.010000,11101
15211,18,153,0.010000,11101
15212,13,112,0.010000,11102
15213,14,108,0.010000,11104
15214,15,138,0.010000,11104
15215,11,88,0.010000,11104
15216,12,96,0.010000,11105
15217,8,56,0.010000,11106
15218,20,146,0.010000,11107
15219,13,96,0.010000,11107
15220,12,93,0.010000,11107
15221,20,176,0.010000,11107
15222,18,121,0.010000,11107
15223,9,77,0.010000,11107
15224,5,37,0.010000,11108
15225,20,144,0.010000,11108
15226,20,213,0.010000,11108
15227,15,118,0.010000,11108
15228,29,270,0.010000,11111
15229,16,121,0.010000,11112
15230,20,183,0.010000,11112
15231,10,74,0.010000,11113
15232,10,57,0.010000,11113
15233,12,69,0.010000,11113
15234,16,103,0.010000,11113
15235,7,51,0.010000,11114
15236,16,136,0.010000,11114
15237,12,105,0.010000,11114
15238,17,111,0.010000,11114
15239,21,203,0.010000,11115
15240,18,178,0.010000,11116
15241,19,145,0.010000,11117
15242,14,105,0.010000,11117
15243,18,135,0.010000,11117
15244,19,164,0.010000,11117
15245,26,242,0.010000,11117
15246,8,67,0.010000,11117
15247,11,106,0.010000,11117
15248,19,147,0.010000,11117
15249,26,198,0.010000,11117
15250,18,137,0.010000,11117
15251,5,23,0.010000,11118
15252,10,83,0.010000,11118
15253,8,52,0.010000,11118
15254,1,15,0.010000,11118
15255,8,48,0.010000,11118
15256,20,179,0.010000,11118
15257,5,34,0.010000,11118
15258,6,59,0.010000,11118
15259,18,172,0.010000,11118
15260,7,62,0.010000,11118
15261,19,145,0.010000,11121
15262,6,54,0.010000,11121
15263,17,177,0.010000,11123
15264,15,135,0.010000,11124
15265,12,88,0.010000,11124
15266,16,150,0.010000,11124
15267,28,231,0.010000,11125
15268,6,44,0.010000,11125
15269,17,160,0.010000,11125
15270,22,217,0.010000,11125
15271,12,98,0.010000,11126
15272,1,14,0.010000,11126
15273,14,131,0.010000,11126
15274,6,45,0.010000,11127
15275,25,163,0.010000,11127
15276,15,93,0.010000,11127
15277,2,13,0.010000,11127
15278,22,181,0.010000,11128
15279,15,123,0.010000,11128
15280,10,83,0.010000,11128
15281,11,87,0.010000,11128
15282,15,95,0.010000,11128
15283,19,131,0.010000,11129
15284,16,139,0.010000,11129
15285,16,127,0.010000,11129
15286,24,181,0.010000,11131
15287,11,85,0.010000,11131
15288,11,72,0.010000,11131
15289,21,171,0.010000,11134
15290,12,109,0.010000,11134
15291,13,89,0.010000,11134
15292,9,57,0.010000,11134
15293,12,97,0.010000,11135
15294,20,177,0.010000,11135
15295,25,226,0.010000,11135
15296,18,121,0.010000,11135
15297,11,83,0.010000,11135
15298,10,59,0.010000,11135
15299,15,127,0.010000,11135
15300,10,67,0.010000,11135
15301,11,84,0.010000,11135
15302,27,265,0.010000,11135
15303,10,62,0.010000,11135
15304,19,133,0.010000,11136
15305,18,169,0.010000,11136
15306,24,199,0.010000,11136
15307,18,154,0.010000,11136
15308,19,189,0.010000,11136
15309,10,83,0.010000,11137
15310,11,89,0.010000,11137
15311,18,142,0.010000,11138
15312,13,110,0.010000,11138
15313,9,65,0.010000,11139
15314,10,73,0.010000,11139
15315,11,66,0.010000,11140
15316,21,162,0.010000,11140
15317,23,199,0.010000,11140
15318,4,22,0.010000,11141
15319,16,121,0.010000,11141
15320,14,120,0.010000,11141
15321,17,155,0.010000,11141
15322,11,81,0.010000,11141
15323,16,133,0.010000,11141
15324,15,116,0.010000,11142
15325,9,73,0.010000,11142
15326,11,91,0.010000,11142
15327,10,76,0.010000,11142
15328,19,147,0.010000,11142
15329,10,79,0.010000,11142
15330,6,45,0.010000,11142
15331,14,96,0.010000,11143
15332,23,189,0.010000,11143
15333,20,144,0.010000,11143
15334,26,205,0.010000,11144
15335,20,191,0.010000,11144
15336,14,103,0.010000,11144
15337,4,21,0.010000,11144
15338,15,132,0.010000,11144
15339,20,169,0.010000,11144
15340,4,40,0.010000,11144
15341,17,164,0.010000,11144
15342,11,75,0.010000,11145
15343,18,151,0.010000,11146
15344,14,105,0.010000,11146
15345,17,130,0.010000,11146
15346,16,130,0.010000,11146
15347,2,16,0.010000,11146
15348,15,126,0.010000,11146
15349,3,20,0.010000,11146
15350,19,164,0.010000,11146
15351,14,104,0.010000,11147
15352,9,50,0.010000,11147
15353,3,32,0.010000,11147
15354,16,107,0.010000,11147
15355,20,168,0.010000,11147
15356,19,156,0.010000,11149
15357,21,151,0.010000,11150
15358,17,139,0.010000,11150
15359,10,73,0.010000,11150
15360,14,150,0.010000,11150
15361,18,156,0.010000,11150
15362,21,163,0.010000,11150
15363,14,126,0.010000,11150
15364,12,109,0.010000,11150
15365,5,48,0.010000,11150
15366,18,157,0.010000,11150
15367,18,125,0.010000,11150
15368,15,122,0.010000,11150
15369,13,103,0.010000,11151
15370,20,142,0.010000,11151
15371,18,153,0.010000,11151
15372,5,17,0.010000,11151
15373,14,98,0.010000,11151
15374,13,103,0.010000,11151
15375,18,127,0.010000,11152
15376,14,96,0.010000,11152
15377,8,64,0.010000,11152
15378,17,128,0.010000,11152
15379,3,34,0.010000,11152
15380,12,103,0.010000,11152
15381,18,102,0.010000,11152
15382,24,218,0.010000,11152
15383,18,153,0.010000,11152
15384,14,108,0.010000,11152
15385,11,83,0.010000,11152
15386,24,197,0.010000,11152
15387,12,99,0.010000,11153
15388,12,117,0.010000,11153
15389,13,110,0.010000,11153
15390,20,166,0.010000,11153
15391,22,202,0.010000,11153
15392,17,120,0.010000,11153
15393,15,123,0.010000,11153
15394,7,54,0.010000,11153
15395,11,89,0.010000,11154
15396,14,144,0.010000,11154
15397,18,169,0.010000,11154
15398,22,182,0.010000,11154
15399,10,64,0.010000,11154
15400,16,129,0.010000,11155
15401,17,126,0.010000,11155
15402,17,147,0.010000,11155
15403,17,112,0.010000,11156
15404,15,145,0.010000,11156
15405,10,81,0.010000,11157
15406,4,33,0.010000,11157
15407,19,140,0.010000,11157
15408,6,40,0.010000,11157
15409,12,76,0.010000,11157
15410,12,101,0.010000,11157
15411,15,141,0.010000,11157
15412,10,88,0.010000,11157
15413,11,90,0.010000,11157
15414,12,93,0.010000,11158
15415,18,143,0.010000,11158
15416,14,110,0.010000,11158
15417,24,217,0.010000,11158
15418,14,143,0.010000,11158
15419,19,145,0.010000,11158
15420,8,71,0.010000,11158
15421,16,143,0.010000,11158
15422,17,134,0.010000,11158
15423,25,208,0.010000,11159
15424,4,34,0.010000,11159
15425,19,156,0.010000,11159
15426,6,50,0.010000,11159
15427,18,115,0.010000,11159
15428,10,105,0.010000,11159
15429,24,210,0.010000,11160
15430,9,90,0.010000,11160
15431,6,35,0.010000,11160
15432,14,138,0.010000,11160
15433,25,210,0.010000,11160
15434,17,127,0.010000,11160
15435,10,88,0.010000,11160
15436,15,123,0.010000,11160
15437,16,140,0.010000,11160
15438,14,93,0.010000,11160
15439,16,154,0.010000,11160
15440,16,121,0.010000,11160
15441,17,110,0.010000,11161
15442,6,45,0.010000,11161
15443,15,133,0.010000,11161
15444,17,130,0.010000,11161
15445,14,115,0.010000,11161
15446,17,136,0.010000,11162
15447,10,95,0.010000,11162
15448,9,62,0.010000,11163
15449,7,68,0.010000,11164
15450,12,102,0.010000,11164
15451,9,70,0.010000,11164
15452,17,137,0.010000,11164
15453,11,73,0.010000,11165
15454,14,109,0.010000,11165
15455,12,101,0.010000,11165
15456,16,135,0.010000,11165
15457,18,176,0.010000,11165
15458,18,132,0.010000,11165
15459,23,144,0.010000,11167
15460,21,181,0.010000,11167
15461,12,105,0.010000,11168
15462,15,102,0.010000,11168
15463,24,144,0.010000,11168
15464,10,68,0.010000,11168
15465,13,89,0.010000,11168
15466,9,65,0.010000,11168
15467,12,86,0.010000,11168
15468,16,111,0.010000,11168
15469,17,137,0.010000,11168
15470,32,263,0.010000,11168
15471,16,128,0.010000,11168
15472,21,151,0.010000,11168
15473,23,201,0.010000,11168
15474,23,231,0.010000,11168
15475,3,21,0.010000,11168
15476,23,210,0.010000,11168
15477,11,77,0.010000,11169
15478,13,79,0.010000,11169
15479,5,36,0.010000,11169
15480,9,66,0.010000,11169
15481,18,139,0.010000,11169
15482,23,202,0.010000,11169
15483,8,68,0.010000,11169
15484,27,238,0.010000,11169
15485,8,60,0.010000,11169
15486,12,100,0.010000,11169
15487,6,38,0.010000,11169
15488,18,145,0.010000,11170
15489,18,124,0.010000,11170
15490,14,127,0.010000,11170
15491,20,160,0.010000,11170
15492,27,200,0.010000,11171
15493,12,69,0.010000,11171
15494,13,107,0.010000,11171
15495,10,86,0.010000,11171
15496,20,157,0.010000,11172
15497,10,67,0.010000,11172
15498,13,89,0.010000,11172
15499,21,178,0.010000,11173
15500,10,87,0.010000,11174
15501,8,43,0.010000,11174
15502,18,109,0.010000,11174
15503,12,126,0.010000,11174
15504,12,77,0.010000,11174
15505,15,148,0.010000,11175
15506,8,86,0.010000,11175
15507,14,110,0.010000,11175
15508,13,98,0.010000,11176
15509,26,268,0.010000,11177
15510,8,63,0.010000,11177
15511,16,143,0.010000,11177
15512,20,145,0.010000,11178
15513,15,152,0.010000,11179
15514,9,56,0.010000,11180
15515,16,106,0.010000,11181
15516,11,106,0.010000,11181
15517,12,100,0.010000,11181
15518,17,170,0.010000,11181
15519,14,103,0.010000,11181
15520,2,9,0.010000,11181
15521,14,104,0.010000,11181
15522,22,161,0.010000,11181
15523,10,89,0.010000,11181
15524,6,36,0.010000,11181
15525,20,167,0.010000,11181
15526,13,85,0.010000,11181
15527,12,97,0.010000,11181
15528,20,165,0.010000,11181
15529,16,102,0.010000,11181
15530,13,123,0.010000,11181
15531,24,168,0.010000,11181
15532,9,68,0.010000,11181
15533,15,130,0.010000,11182
15534,11,86,0.010000,11182
15535,22,232,0.010000,11182
15536,9,71,0.010000,11182
15537,6,27,0.010000,11182
15538,12,87,0.010000,11182
15539,2,21,0.010000,11182
15540,11,72,0.010000,11182
15541,15,145,0.010000,11183
15542,13,111,0.010000,11183
15543,10,91,0.010000,11184
15544,12,94,0.010000,11185
15545,7,61,0.010000,11185
15546,16,150,0.010000,11185
15547,18,124,0.010000,11186
15548,15,111,0.010000,11186
15549,18,144,0.010000,11186
15550,11,78,0.010000,11187
15551,15,124,0.010000,11187
15552,5,33,0.010000,11188
15553,11,77,0.010000,11189
15554,14,125,0.010000,11189
15555,14,112,0.010000,11192
15556,13,120,0.010000,11192
15557,14,128,0.010000,11192
15558,15,89,0.010000,11192
15559,9,106,0.010000,11192
15560,13,128,0.010000,11192
15561,13,107,0.010000,11192
15562,13,125,0.010000,11193
15563,22,195,0.010000,11194
15564,13,122,0.010000,11195
15565,32,255,0.010000,11195
15566,11,116,0.010000,11195
15567,16,163,0.010000,11196
15568,25,216,0.010000,11196
15569,12,111,0.010000,11196
15570,17,150,0.010000,11196
15571,7,43,0.010000,11196
15572,23,202,0.010000,11196
15573,17,141,0.010000,11197
15574,7,60,0.010000,11198
15575,24,199,0.010000,11199
15576,13,92,0.010000,11199
15577,17,116,0.010000,11200
15578,18,145,0.010000,11200
15579,18,135,0.010000,11201
15580,13,121,0.010000,11201
15581,6,46,0.010000,11201
15582,16,129,0.010000,11201
15583,17,143,0.010000,11201
15584,21,154,0.010000,11201
15585,10,95,0.010000,11201
15586,12,74,0.010000,11201
15587,14,106,0.010000,11201
15588,8,53,0.010000,11201
15589,10,89,0.010000,11201
15590,5,44,0.010000,11201
15591,10,59,0.010000,11202
15592,28,255,0.010000,11203
15593,21,164,0.010000,11203
15594,6,53,0.010000,11203
15595,18,151,0.010000,11203
15596,18,148,0.010000,11203
15597,23,181,0.010000,11203
15598,11,105,0.010000,11203
15599,17,127,0.010000,11203
15600,21,148,0.010000,11203
15601,12,104,0.010000,11203
15602,27,252,0.010000,11203
15603,12,102,0.010000,11203
15604,23,193,0.010000,11203
15605,15,107,0.010000,11203
15606,10,73,0.010000,11203
15607,8,62,0.010000,11203
15608,18,180,0.010000,11203
15609,12,79,0.010000,11203
15610,18,145,0.010000,11203
15611,5,37,0.010000,11203
15612,4,26,0.010000,11203
15613,17,128,0.010000,11203
15614,10,85,0.010000,11203
15615,10,79,0.010000,11203
15616,14,122,0.010000,11203
15617,17,132,0.010000,11205
15618,20,170,0.010000,11205
15619,21,154,0.010000,11206
15620,13,95,0.010000,11207
15621,9,93,0.010000,11208
15622,13,110,0.010000,11209
15623,26,193,0.010000,11209
15624,22,182,0.010000,11209
15625,3,26,0.010000,11209
15626,16,115,0.010000,11210
15627,21,154,0.010000,11210
15628,2,16,0.010000,11210
15629,15,98,0.010000,11210
15630,7,56,0.010000,11210
15631,9,89,0.010000,11210
15632,6,38,0.010000,11210
15633,15,128,0.010000,11210
15634,18,148,0.010000,11211
15635,13,114,0.010000,11212
15636,17,126,0.010000,11212
15637,3,17,0.010000,11212
15638,18,149,0.010000,11212
15639,11,84,0.010000,11212
15640,27,195,0.010000,11212
15641,14,133,0.010000,11214
15642,27,200,0.010000,11214
15643,14,124,0.010000,11214
15644,17,152,0.010000,11214
15645,23,230,0.010000,11214
15646,12,115,0.010000,11214
15647,11,66,0.010000,11214
15648,11,96,0.010000,11214
15649,13,87,0.010000,11214
15650,19,155,0.010000,11214
15651,19,123,0.010000,11214
15652,10,80,0.010000,11214
15653,17,130,0.010000,11214
15654,15,129,0.010000,11214
15655,10,66,0.010000,11214
15656,23,192,0.010000,11215
15657,10,85,0.010000,11215
15658,11,79,0.010000,11215
15659,19,146,0.010000,11215
15660,22,177,0.010000,11215
15661,6,42,0.010000,11215
15662,18,141,0.010000,11215
15663,16,140,0.010000,11215
15664,12,105,0.010000,11215
15665,16,120,0.010000,11215
15666,16,133,0.010000,11215
15667,20,160,0.010000,11215
15668,0,5,0.010000,11215
15669,20,161,0.010000,11215
15670,4,41,0.010000,11215
15671,18,123,0.010000,11216
15672,3,36,0.010000,11216
15673,5,37,0.010000,11216
15674,17,152,0.010000,11216
15675,18,128,0.010000,11217
15676,17,118,0.010000,11217
15677,6,45,0.010000,11217
15678,9,69,0.010000,11219
15679,22,208,0.010000,11219
15680,21,156,0.010000,11219
15681,23,218,0.010000,11219
15682,16,114,0.010000,11219
15683,22,161,0.010000,11220
15684,10,81,0.010000,11220
15685,10,81,0.010000,11220
15686,16,151,0.010000,11220
15687,15,113,0.010000,11220
15688,17,127,0.010000,11220
15689,8,67,0.010000,11220
15690,17,141,0.010000,11220
15691,15,138,0.010000,11220
15692,17,152,0.010000,11220
15693,10,96,0.010000,11220
15694,6,32,0.010000,11220
15695,24,192,0.010000,11222
15696,9,66,0.010000,11222
15697,23,202,0.010000,11223
15698,12,96,0.010000,11223
15699,14,124,0.010000,11223
15700,8,52,0.010000,11223
15701,12,86,0.010000,11223
15702,19,149,0.010000,11223
15703,5,36,0.010000,11223
15704,12,99,0.010000,11224
15705,3,25,0.010000,11224
15706,10,74,0.010000,11224
15707,13,110,0.010000,11224
15708,16,140,0.010000,11224
15709,12,81,0.010000,11225
15710,7,53,0.010000,11225
15711,2,15,0.010000,11225
15712,3,24,0.010000,11225
15713,10,80,0.010000,11225
15714,19,154,0.010000,11226
15715,14,97,0.010000,11226
15716,18,142,0.010000,11227
15717,15,125,0.010000,11227
15718,10,71,0.010000,11227
15719,20,165,0.010000,11227
15720,13,98,0.010000,11227
15721,19,161,0.010000,11227
15722,22,192,0.010000,11227
15723,8,45,0.010000,11227
15724,8,54,0.010000,11227
15725,7,53,0.010000,11227
15726,12,98,0.010000,11228
15727,9,64,0.010000,11228
15728,17,127,0.010000,11228
15729,11,84,0.010000,11228
15730,17,140,0.010000,11229
15731,18,171,0.010000,11229
15732,11,87,0.010000,11230
15733,5,44,0.010000,11230
15734,19,140,0.010000,11230
15735,14,132,0.010000,11230
15736,18,174,0.010000,11230
15737,16,109,0.010000,11230
15738,12,97,0.010000,11231
15739,25,216,0.010000,11232
15740,19,149,0.010000,11232
15741,8,42,0.010000,11232
15742,12,102,0.010000,11233
15743,13,126,0.010000,11233
15744,6,43,0.010000,11233
15745,14,112,0.010000,11233
15746,21,195,0.010000,11233
15747,14,105,0.010000,11233
15748,20,186,0.010000,11233
15749,18,167,0.010000,11233
15750,16,130,0.010000,11233
15751,12,97,0.010000,11233
15752,12,107,0.010000,11233
15753,5,34,0.010000,11233
15754,25,218,0.010000,11235
15755,17,143,0.010000,11235
15756,13,99,0.010000,11235
15757,12,84,0.010000,11235
15758,19,149,0.010000,11235
15759,25,217,0.010000,11235
15760,24,201,0.010000,11235
15761,11,105,0.010000,11235
15762,13,121,0.010000,11235
15763,18,142,0.010000,11235
15764,19,184,0.010000,11235
15765,20,151,0.010000,11236
15766,12,77,0.010000,11237
15767,9,80,0.010000,11237
15768,16,107,0.010000,11237
15769,12,74,0.010000,11237
15770,4,34,0.010000,11237
15771,11,66,0.010000,11237
15772,17,151,0.010000,11237
15773,18,129,0.010000,11237
15774,11,86,0.010000,11237
15775,11,87,0.010000,11237
15776,13,75,0.010000,11237
15777,9,77,0.010000,11237
15778,11,89,0.010000,11237
15779,14,138,0.010000,11237
15780,5,29,0.010000,11237
15781,4,33,0.010000,11237
15782,20,159,0.010000,11237
15783,13,101,0.010000,11237
15784,4,39,0.010000,11238
15785,8,65,0.010000,11239
15786,9,100,0.010000,11239
15787,17,134,0.010000,11239
15788,23,209,0.010000,11239
15789,11,102,0.010000,11240
15790,5,40,0.010000,11241
15791,15,158,0.010000,11241
15792,9,76,0.010000,11242
15793,12,67,0.010000,11242
15794,19,148,0.010000,11242
15795,5,32,0.010000,11242
15796,21,190,0.010000,11242
15797,12,93,0.010000,11242
15798,16,140,0.010000,11242
15799,15,125,0.010000,11242
15800,14,100,0.010000,11243
15801,12,104,0.010000,11243
15802,14,144,0.010000,11243
15803,6,47,0.010000,11243
15804,24,195,0.010000,11243
15805,18,137,0.010000,11244
15806,13,101,0.010000,11244
15807,18,165,0.010000,11244
15808,14,123,0.010000,11245
15809,13,95,0.010000,11245
15810,23,216,0.010000,11246
15811,19,168,0.010000,11246
15812,8,72,0.010000,11246
15813,13,126,0.010000,11247
15814,16,103,0.010000,11247
15815,17,123,0.010000,11247
15816,15,137,0.010000,11248
15817,22,173,0.010000,11248
15818,19,135,0.010000,11250
15819,13,102,0.010000,11250
15820,14,93,0.010000,11250
15821,10,97,0.010000,11250
15822,18,147,0.010000,11250
15823,17,145,0.010000,11251
15824,24,163,0.010000,11252
15825,14,115,0.010000,11252
15826,13,96,0.010000,11252
15827,13,82,0.010000,11252
15828,10,64,0.010000,11252
15829,19,170,0.010000,11252
15830,19,146,0.010000,11252
15831,5,32,0.010000,11252
15832,12,96,0.010000,11253
15833,16,116,0.010000,11254
15834,2,19,0.010000,11254
15835,22,189,0.010000,11255
15836,15,127,0.010000,11255
15837,12,108,0.010000,11255
15838,9,72,0.010000,11255
15839,11,90,0.010000,11255
15840,4,27,0.010000,11255
15841,11,98,0.010000,11255
15842,16,122,0.010000,11255
15843,18,133,0.010000,11255
15844,15,103,0.010000,11255
15845,28,266,0.010000,11256
15846,23,171,0.010000,11257
15847,13,99,0.010000,11257
15848,15,121,0.010000,11258
15849,22,181,0.010000,11258
15850,18,160,0.010000,11258
15851,9,60,0.010000,11258
15852,19,123,0.010000,11259
15853,10,64,0.010000,11259
15854,18,139,0.010000,11260
15855,23,215,0.010000,11261
15856,19,140,0.010000,11261
15857,5,36,0.010000,11261
15858,23,193,0.010000,11262
15859,12,85,0.010000,11262
15860,11,90,0.010000,11262
15861,31,323,0.010000,11262
15862,20,166,0.010000,11263
15863,4,32,0.010000,11263
15864,8,50,0.010000,11263
15865,15,152,0.010000,11263
15866,14,96,0.010000,11264
15867,14,104,0.010000,11264
15868,13,131,0.010000,11264
15869,22,163,0.010000,11265
15870,10,83,0.010000,11265
15871,22,161,0.010000,11265
15872,18,186,0.010000,11265
15873,14,112,0.010000,11265
15874,10,87,0.010000,11265
15875,13,105,0.010000,11265
15876,13,136,0.010000,11266
15877,22,183,0.010000,11266
15878,9,80,0.010000,11266
15879,12,105,0.010000,11266
15880,17,147,0.010000,11266
15881,16,145,0.010000,11266
15882,10,82,0.010000,11267
15883,23,205,0.010000,11268
15884,22,168,0.010000,11268
15885,15,146,0.010000,11268
15886,10,104,0.010000,11268
15887,11,84,0.010000,11268
15888,12,93,0.010000,11268
15889,17,162,0.010000,11268
15890,18,150,0.010000,11268
15891,16,106,0.010000,11268
15892,17,130,0.010000,11269
15893,26,215,0.010000,11270
15894,9,62,0.010000,11270
15895,16,121,0.010000,11271
15896,14,133,0.010000,11271
15897,15,111,0.010000,11271
15898,18,147,0.010000,11271
15899,15,109,0.010000,11272
15900,28,226,0.010000,11272
15901,14,121,0.010000,11272
15902,22,178,0.010000,11273
15903,6,65,0.010000,11273
15904,20,164,0.010000,11273
15905,21,157,0.010000,11274
15906,11,80,0.010000,11275
15907,24,200,0.010000,11275
15908,12,92,0.010000,11275
15909,15,111,0.010000,11275
15910,26,233,0.010000,11276
15911,17,153,0.010000,11276
15912,10,88,0.010000,11276
15913,23,201,0.010000,11276
15914,6,62,0.010000,11276
15915,25,230,0.010000,11277
15916,23,206,0.010000,11277
15917,18,133,0.010000,11277
15918,11,95,0.010000,11277
15919,17,154,0.010000,11277
15920,10,112,0.010000,11277
15921,9,65,0.010000,11277
15922,7,41,0.010000,11278
15923,13,136,0.010000,11278
15924,15,105,0.010000,11278
15925,9,72,0.010000,11279
15926,15,108,0.010000,11279
15927,18,175,0.010000,11279
15928,21,151,0.010000,11279
15929,15,105,0.010000,11279
15930,7,60,0.010000,11279
15931,21,198,0.010000,11279
15932,17,141,0.010000,11279
15933,14,135,0.010000,11279
15934,26,285,0.010000,11279
15935,14,107,0.010000,11279
15936,16,97,0.010000,11280
15937,18,154,0.010000,11280
15938,18,151,0.010000,11282
15939,13,90,0.010000,11282
15940,13,104,0.010000,11282
15941,20,136,0.010000,11282
15942,27,210,0.010000,11283
15943,6,48,0.010000,11284
15944,12,113,0.010000,11284
15945,10,86,0.010000,11285
15946,21,165,0.010000,11285
15947,13,119,0.010000,11285
15948,17,141,0.010000,11285
15949,16,155,0.010000,11286
15950,18,151,0.010000,11286
15951,12,82,0.010000,11286
15952,4,34,0.010000,11286
15953,4,38,0.010000,11286
15954,15,125,0.010000,11286
15955,11,80,0.010000,11286
15956,20,191,0.010000,11286
15957,12,93,0.010000,11287
15958,8,60,0.010000,11287
15959,20,142,0.010000,11287
15960,7,60,0.010000,11287
15961,16,117,0.010000,11287
15962,16,120,0.010000,11287
15963,24,184,0.010000,11287
15964,8,66,0.010000,11287
15965,30,212,0.010000,11287
15966,17,134,0.010000,11287
15967,17,150,0.010000,11287
15968,18,123,0.010000,11287
15969,19,134,0.010000,11287
15970,18,138,0.010000,11287
15971,9,69,0.010000,11287
15972,13,110,0.010000,11288
15973,17,152,0.010000,11288
15974,15,152,0.010000,11288
15975,10,58,0.010000,11288
15976,23,185,0.010000,11289
15977,25,230,0.010000,11289
15978,6,50,0.010000,11290
15979,15,135,0.010000,11290
15980,12,109,0.010000,11290
15981,17,120,0.010000,11290
15982,18,181,0.010000,11290
15983,6,39,0.010000,11290
15984,11,98,0.010000,11290
15985,11,105,0.010000,11290
15986,12,67,0.010000,11290
15987,23,193,0.010000,11290
15988,7,57,0.010000,11290
15989,11,117,0.010000,11290
15990,20,147,0.010000,11290
15991,4,45,0.010000,11291
15992,22,212,0.010000,11291
15993,27,261,0.010000,11293
15994,6,49,0.010000,11293
15995,10,75,0.010000,11293
15996,22,217,0.010000,11294
15997,12,89,0.010000,11295
15998,4,26,0.010000,11295
15999,11,66,0.010000,11295
16000,18,171,0.010000,11295
16001,14,124,0.010000,11295
16002,13,100,0.010000,11295
16003,13,140,0.010000,11295
16004,12,105,0.010000,11295
16005,14,115,0.010000,11295
16006,12,92,0.010000,11295
16007,16,144,0.010000,11296
16008,6,50,0.010000,11296
16009,16,119,0.010000,11296
16010,20,168,0.010000,11297
16011,25,220,0.010000,11297
16012,14,102,0.010000,11297
16013,11,90,0.010000,11297
16014,9,57,0.010000,11297
16015,12,97,0.010000,11297
16016,8,58,0.010000,11297
16017,18,164,0.010000,11297
16018,11,83,0.010000,11297
16019,9,94,0.010000,11297
16020,14,124,0.010000,11298
16021,14,103,0.010000,11298
16022,11,111,0.010000,11298
16023,15,114,0.010000,11298
16024,12,98,0.010000,11298
16025,8,47,0.010000,11299
16026,14,125,0.010000,11299
16027,16,164,0.010000,11300
16028,18,156,0.010000,11300
16029,14,119,0.010000,11301
16030,17,141,0.010000,11302
16031,17,128,0.010000,11302
16032,14,101,0.010000,11303
16033,8,64,0.010000,11303
16034,15,107,0.010000,11303
16035,13,96,0.010000,11304
16036,17,134,0.010000,11304
16037,16,120,0.010000,11304
16038,23,227,0.010000,11304
16039,12,96,0.010000,11304
16040,21,179,0.010000,11304
16041,22,200,0.010000,11305
16042,9,78,0.010000,11305
16043,18,125,0.010000,11306
16044,15,118,0.010000,11307
16045,14,124,0.010000,11308
16046,12,104,0.010000,11309
16047,15,92,0.010000,11311
16048,18,146,0.010000,11312
16049,16,120,0.010000,11312
16050,9,72,0.010000,11312
16051,18,141,0.010000,11314
16052,30,209,0.010000,11315
16053,20,156,0.010000,11315
16054,7,50,0.010000,11315
16055,18,171,0.010000,11315
16056,20,142,0.010000,11315
16057,10,63,0.010000,11315
16058,6,36,0.010000,11315
16059,10,77,0.010000,11315
16060,25,240,0.010000,11315
16061,13,129,0.010000,11316
16062,14,114,0.010000,11316
16063,10,88,0.010000,11316
16064,14,119,0.010000,11316
16065,16,145,0.010000,11318
16066,23,203,0.010000,11319
16067,8,68,0.010000,11319
16068,15,122,0.010000,11320
16069,9,93,0.010000,11320
16070,21,159,0.010000,11321
16071,10,67,0.010000,11321
16072,16,135,0.010000,11322
16073,10,90,0.010000,11323
16074,28,280,0.010000,11323
16075,17,155,0.010000,11323
16076,25,243,0.010000,11324
16077,16,161,0.010000,11324
16078,21,214,0.010000,11324
16079,21,159,0.010000,11325
16080,16,120,0.010000,11326
16081,16,136,0.010000,11326
16082,14,116,0.010000,11328
16083,3,16,0.010000,11329
16084,23,185,0.010000,11329
16085,16,104,0.010000,11329
16086,16,138,0.010000,11330
16087,8,62,0.010000,11330
16088,4,35,0.010000,11330
16089,21,165,0.010000,11330
16090,11,91,0.010000,11330
16091,15,135,0.010000,11331
16092,17,111,0.010000,11332
16093,20,157,0.010000,11333
16094,23,183,0.010000,11333
16095,14,145,0.010000,11333
16096,22,158,0.010000,11333
16097,20,151,0.010000,11333
16098,25,198,0.010000,11334
16099,18,153,0.010000,11334
16100,26,239,0.010000,11334
16101,24,198,0.010000,11334
16102,20,157,0.010000,11334
16103,10,69,0.010000,11334
16104,21,173,0.010000,11334
16105,13,98,0.010000,11334
16106,17,141,0.010000,11334
16107,13,100,0.010000,11334
16108,22,195,0.010000,11334
16109,15,103,0.010000,11334
16110,13,82,0.010000,11334
16111,19,150,0.010000,11334
16112,16,134,0.010000,11334
16113,8,45,0.010000,11334
16114,14,152,0.010000,11334
16115,19,189,0.010000,11336
16116,10,81,0.010000,11337
16117,1,12,0.010000,11337
16118,6,37,0.010000,11337
16119,12,101,0.010000,11337
16120,13,130,0.010000,11337
16121,16,139,0.010000,11337
16122,6,50,0.010000,11337
16123,5,53,0.010000,11337
16124,7,47,0.010000,11338
16125,12,97,0.010000,11338
16126,20,186,0.010000,11338
16127,17,122,0.010000,11338
16128,28,266,0.010000,11338
16129,12,97,0.010000,11338
16130,19,166,0.010000,11339
16131,17,174,0.010000,11340
16132,9,72,0.010000,11340
16133,20,202,0.010000,11340
16134,18,116,0.010000,11340
16135,14,102,0.010000,11341
16136,24,174,0.010000,11342
16137,16,115,0.010000,11342
16138,28,275,0.010000,11343
16139,7,57,0.010000,11343
16140,10,88,0.010000,11343
16141,14,109,0.010000,11343
16142,17,137,0.010000,11344
16143,6,28,0.010000,11344
16144,18,150,0.010000,11345
16145,13,111,0.010000,11346
16146,18,178,0.010000,11346
16147,9,52,0.010000,11346
16148,19,141,0.010000,11346
16149,5,33,0.010000,11346
16150,29,229,0.010000,11346
16151,12,107,0.010000,11346
16152,13,102,0.010000,11346
16153,8,66,0.010000,11346
16154,16,145,0.010000,11346
16155,15,134,0.010000,11346
16156,12,100,0.010000,11347
16157,10,77,0.010000,11347
16158,16,152,0.010000,11350
16159,22,189,0.010000,11350
16160,8,60,0.010000,11351
16161,24,221,0.010000,11351
16162,6,56,0.010000,11351
16163,11,73,0.010000,11352
16164,12,105,0.010000,11352
16165,10,71,0.010000,11352
16166,21,170,0.010000,11352
16167,16,131,0.010000,11352
16168,20,141,0.010000,11352
16169,15,119,0.010000,11353
16170,6,47,0.010000,11353
16171,21,188,0.010000,11353
16172,8,57,0.010000,11353
16173,20,159,0.010000,11353
16174,17,145,0.010000,11353
16175,20,138,0.010000,11354
16176,18,139,0.010000,11354
16177,11,95,0.010000,11354
16178,5,34,0.010000,11354
16179,8,65,0.010000,11354
16180,14,116,0.010000,11354
16181,14,121,0.010000,11355
16182,17,130,0.010000,11355
16183,14,111,0.010000,11357
16184,21,135,0.010000,11358
16185,16,127,0.010000,11358
16186,10,91,0.010000,11358
16187,14,92,0.010000,11359
16188,14,92,0.010000,11360
16189,12,88,0.010000,11360
16190,14,111,0.010000,11360
16191,14,120,0.010000,11360
16192,11,79,0.010000,11360
16193,4,25,0.010000,11360
16194,11,82,0.010000,11361
16195,19,182,0.010000,11362
16196,12,119,0.010000,11363
16197,19,184,0.010000,11364
16198,15,125,0.010000,11364
16199,22,170,0.010000,11365
16200,18,130,0.010000,11366
16201,19,153,0.010000,11366
16202,12,72,0.010000,11367
16203,16,117,0.010000,11367
16204,21,174,0.010000,11367
16205,8,70,0.010000,11367
16206,9,47,0.010000,11367
16207,11,74,0.010000,11367
16208,5,34,0.010000,11367
16209,16,132,0.010000,11367
16210,13,91,0.010000,11369
16211,15,109,0.010000,11369
16212,22,200,0.010000,11370
16213,19,200,0.010000,11371
16214,12,88,0.010000,11371
16215,26,202,0.010000,11371
16216,17,201,0.010000,11371
16217,19,146,0.010000,11372
16218,23,203,0.010000,11372
16219,17,113,0.010000,11372
16220,13,108,0.010000,11372
16221,18,155,0.010000,11372
16222,6,36,0.010000,11372
16223,7,43,0.010000,11372
16224,22,170,0.010000,11372
16225,19,153,0.010000,11372
16226,16,121,0.010000,11372
16227,14,124,0.010000,11372
16228,17,154,0.010000,11372
16229,16,144,0.010000,11372
16230,17,149,0.010000,11372
16231,17,127,0.010000,11372
16232,14,123,0.010000,11373
16233,10,75,0.010000,11373
16234,8,71,0.010000,11373
16235,17,136,0.010000,11373
16236,12,111,0.010000,11373
16237,12,117,0.010000,11375
16238,11,66,0.010000,11375
16239,18,149,0.010000,11375
16240,18,155,0.010000,11375
16241,15,111,0.010000,11375
16242,21,168,0.010000,11375
16243,9,60,0.010000,11375
16244,20,172,0.010000,11376
16245,10,69,0.010000,11376
16246,16,162,0.010000,11377
16247,17,139,0.010000,11378
16248,9,65,0.010000,11378
16249,20,171,0.010000,11378
16250,10,90,0.010000,11378
16251,18,137,0.010000,11379
16252,17,136,0.010000,11379
16253,3,41,0.010000,11379
16254,15,112,0.010000,11380
16255,15,127,0.010000,11382
16256,15,111,0.010000,11382
16257,15,123,0.010000,11382
16258,13,100,0.010000,11382
16259,15,135,0.010000,11382
16260,6,50,0.010000,11382
16261,21,172,0.010000,11382
16262,14,82,0.010000,11383
16263,16,171,0.010000,11383
16264,8,64,0.010000,11384
16265,15,121,0.010000,11384
16266,18,164,0.010000,11384
16267,23,190,0.010000,11384
16268,20,157,0.010000,11384
16269,20,188,0.010000,11385
16270,17,144,0.010000,11385
16271,15,145,0.010000,11386
16272,21,175,0.010000,11386
16273,19,169,0.010000,11386
16274,20,168,0.010000,11386
16275,12,80,0.010000,11386
16276,18,112,0.010000,11386
16277,17,174,0.010000,11386
16278,13,105,0.010000,11386
16279,21,199,0.010000,11386
16280,24,163,0.010000,11386
16281,17,120,0.010000,11386
16282,31,285,0.010000,11386
16283,20,134,0.010000,11387
16284,20,187,0.010000,11387
16285,14,96,0.010000,11387
16286,13,101,0.010000,11387
16287,13,120,0.010000,11387
16288,21,138,0.010000,11388
16289,0,6,0.010000,11388
16290,24,181,0.010000,11388
16291,14,130,0.010000,11388
16292,9,62,0.010000,11388
16293,4,33,0.010000,11388
16294,13,121,0.010000,11389
16295,25,189,0.010000,11389
16296,14,93,0.010000,11389
16297,19,153,0.010000,11389
16298,3,16,0.010000,11389
16299,21,187,0.010000,11389
16300,6,58,0.010000,11389
16301,17,140,0.010000,11389
16302,10,65,0.010000,11389
16303,16,132,0.010000,11389
16304,14,114,0.010000,11389
16305,17,139,0.010000,11389
16306,17,172,0.010000,11389
16307,12,69,0.010000,11389
16308,16,143,0.010000,11389
16309,20,139,0.010000,11389
16310,10,59,0.010000,11390
16311,20,131,0.010000,11390
16312,7,77,0.010000,11391
16313,8,59,0.010000,11391
16314,21,185,0.010000,11391
16315,8,71,0.010000,11391
16316,19,160,0.010000,11391
16317,15,143,0.010000,11391
16318,17,135,0.010000,11392
16319,6,34,0.010000,11392
16320,27,246,0.010000,11392
16321,22,206,0.010000,11393
16322,12,106,0.010000,11393
16323,14,122,0.010000,11394
16324,12,88,0.010000,11394
16325,19,143,0.010000,11394
16326,8,80,0.010000,11394
16327,13,117,0.010000,11394
16328,7,63,0.010000,11394
16329,12,100,0.010000,11394
16330,6,50,0.010000,11394
16331,7,55,0.010000,11394
16332,9,77,0.010000,11394
16333,13,110,0.010000,11395
16334,18,163,0.010000,11396
16335,10,82,0.010000,11396
16336,14,84,0.010000,11396
16337,16,123,0.010000,11397
16338,14,115,0.010000,11397
16339,22,190,0.010000,11397
16340,30,234,0.010000,11397
16341,11,98,0.010000,11397
16342,8,50,0.010000,11397
16343,13,103,0.010000,11397
16344,14,121,0.010000,11397
16345,10,84,0.010000,11397
16346,16,157,0.010000,11397
16347,16,127,0.010000,11397
16348,15,117,0.010000,11397
16349,10,60,0.010000,11397
16350,10,89,0.010000,11397
16351,17,120,0.010000,11397
16352,6,38,0.010000,11397
16353,11,82,0.010000,11397
16354,3,32,0.010000,11397
16355,20,146,0.010000,11397
16356,15,137,0.010000,11397
16357,14,118,0.010000,11397
16358,22,187,0.010000,11397
16359,9,65,0.010000,11397
16360,15,124,0.010000,11398
16361,1,14,0.010000,11398
16362,13,102,0.010000,11399
16363,16,157,0.010000,11399
16364,12,94,0.010000,11399
16365,13,105,0.010000,11399
16366,16,129,0.010000,11399
16367,0,5,0.010000,11399
16368,17,127,0.010000,11399
16369,2,14,0.010000,11399
16370,19,140,0.010000,11399
16371,24,189,0.010000,11400
16372,13,127,0.010000,11400
16373,22,157,0.010000,11400
16374,12,88,0.010000,11400
16375,16,143,0.010000,11400
16376,14,109,0.010000,11400
16377,11,100,0.010000,11401
16378,18,149,0.010000,11402
16379,28,205,0.010000,11402
16380,11,121,0.010000,11402
16381,19,118,0.010000,11402
16382,18,172,0.010000,11402
16383,4,27,0.010000,11402
16384,14,126,0.010000,11402
16385,9,68,0.010000,11403
16386,17,163,0.010000,11403
16387,14,112,0.010000,11403
16388,13,100,0.010000,11403
16389,27,261,0.010000,11403
16390,15,134,0.010000,11403
16391,16,130,0.010000,11403
16392,11,89,0.010000,11403
16393,21,191,0.010000,11405
16394,14,95,0.010000,11405
16395,22,165,0.010000,11405
16396,22,170,0.010000,11405
16397,17,167,0.010000,11406
16398,31,360,0.010000,11408
16399,16,114,0.010000,11408
16400,15,101,0.010000,11408
16401,6,43,0.010000,11409
16402,16,122,0.010000,11410
16403,11,90,0.010000,11411
16404,11,102,0.010000,11411
16405,16,112,0.010000,11411
16406,18,136,0.010000,11411
16407,7,64,0.010000,11411
16408,11,86,0.010000,11411
16409,18,199,0.010000,11411
16410,17,109,0.010000,11411
16411,16,132,0.010000,11411
16412,21,168,0.010000,11412
16413,8,56,0.010000,11412
16414,27,222,0.010000,11412
16415,11,75,0.010000,11412
16416,14,102,0.010000,11412
16417,22,171,0.010000,11412
16418,8,49,0.010000,11413
16419,21,223,0.010000,11413
16420,19,169,0.010000,11413
16421,7,46,0.010000,11413
16422,13,101,0.010000,11413
16423,14,157,0.010000,11413
16424,11,81,0.010000,11413
16425,13,86,0.010000,11413
16426,17,157,0.010000,11414
16427,2,12,0.010000,11414
16428,21,188,0.010000,11414
16429,12,131,0.010000,11415
16430,20,158,0.010000,11416
16431,20,145,0.010000,11416
16432,18,139,0.010000,11416
16433,14,100,0.010000,11416
16434,14,120,0.010000,11416
16435,19,174,0.010000,11416
16436,12,100,0.010000,11416
16437,18,134,0.010000,11416
16438,12,81,0.010000,11416
16439,12,86,0.010000,11416
16440,14,126,0.010000,11417
16441,19,176,0.010000,11417
16442,16,133,0.010000,11418
16443,25,174,0.010000,11418
16444,14,118,0.010000,11418
16445,4,24,0.010000,11418
16446,9,74,0.010000,11418
16447,14,131,0.010000,11418
16448,14,119,0.010000,11418
16449,6,44,0.010000,11418
16450,13,68,0.010000,11418
16451,10,95,0.010000,11419
16452,17,128,0.010000,11419
16453,19,139,0.010000,11419
16454,10,80,0.010000,11419
16455,22,153,0.010000,11419
16456,10,100,0.010000,11419
16457,8,67,0.010000,11419
16458,21,228,0.010000,11419
16459,8,49,0.010000,11419
16460,28,263,0.010000,11420
16461,8,68,0.010000,11420
16462,9,74,0.010000,11421
16463,21,185,0.010000,11422
16464,3,21,0.010000,11422
16465,5,53,0.010000,11422
16466,19,156,0.010000,11422
16467,17,139,0.010000,11422
16468,16,129,0.010000,11422
16469,10,74,0.010000,11423
16470,4,29,0.010000,11423
16471,8,64,0.010000,11424
16472,9,91,0.010000,11424
16473,17,134,0.010000,11425
16474,17,112,0.010000,11426
16475,4,39,0.010000,11426
16476,17,123,0.010000,11426
16477,21,161,0.010000,11427
16478,7,51,0.010000,11427
16479,21,156,0.010000,11427
16480,13,100,0.010000,11427
16481,12,131,0.010000,11428
16482,11,75,0.010000,11429
16483,14,120,0.010000,11429
16484,13,94,0.010000,11429
16485,19,131,0.010000,11429
16486,22,222,0.010000,11429
16487,10,83,0.010000,11429
16488,19,140,0.010000,11429
16489,15,133,0.010000,11429
16490,18,137,0.010000,11429
16491,22,180,0.010000,11429
16492,6,62,0.010000,11429
16493,15,125,0.010000,11429
16494,19,146,0.010000,11429
16495,11,88,0.010000,11429
16496,19,164,0.010000,11430
16497,14,103,0.010000,11430
16498,9,71,0.010000,11430
16499,16,138,0.010000,11430
16500,7,69,0.010000,11430
16501,18,196,0.010000,11431
16502,19,179,0.010000,11431
16503,22,188,0.010000,11432
16504,16,134,0.010000,11433
16505,9,71,0.010000,11434
16506,22,188,0.010000,11434
16507,10,58,0.010000,11435
16508,13,107,0.010000,11435
16509,16,115,0.010000,11436
16510,8,64,0.010000,11436
16511,8,57,0.010000,11437
16512,20,182,0.010000,11437
16513,25,203,0.010000,11437
16514,20,188,0.010000,11438
16515,13,105,0.010000,11439
16516,10,78,0.010000,11439
16517,20,168,0.010000,11439
16518,20,172,0.010000,11439
16519,3,21,0.010000,11439
16520,16,117,0.010000,11441
16521,15,121,0.010000,11441
16522,17,109,0.010000,11441
16523,19,160,0.010000,11442
16524,19,120,0.010000,11442
16525,15,122,0.010000,11442
16526,2,13,0.010000,11442
16527,3,19,0.010000,11442
16528,12,80,0.010000,11442
16529,20,200,0.010000,11442
16530,14,125,0.010000,11442
16531,16,120,0.010000,11443
16532,12,97,0.010000,11443
16533,10,78,0.010000,11443
16534,13,80,0.010000,11443
16535,22,161,0.010000,11444
16536,16,129,0.010000,11445
16537,21,160,0.010000,11446
16538,1,7,0.010000,11446
16539,12,82,0.010000,11446
16540,12,89,0.010000,11447
16541,18,170,0.010000,11447
16542,20,192,0.010000,11447
16543,8,65,0.010000,11447
16544,12,117,0.010000,11447
16545,16,94,0.010000,11448
16546,14,128,0.010000,11449
16547,10,81,0.010000,11449
16548,25,240,0.010000,11449
16549,15,99,0.010000,11449
16550,10,72,0.010000,11449
16551,10,82,0.010000,11449
16552,18,161,0.010000,11450
16553,25,204,0.010000,11451
16554,16,128,0.010000,11451
16555,16,165,0.010000,11451
16556,31,223,0.010000,11451
16557,11,98,0.010000,11451
16558,15,112,0.010000,11451
16559,17,124,0.010000,11451
16560,17,149,0.010000,11452
16561,13,80,0.010000,11453
16562,15,103,0.010000,11454
16563,6,36,0.010000,11454
16564,10,81,0.010000,11454
16565,6,33,0.010000,11454
16566,12,97,0.010000,11454
16567,16,144,0.010000,11454
16568,16,140,0.010000,11454
16569,7,56,0.010000,11454
16570,22,182,0.010000,11455
16571,19,158,0.010000,11455
16572,12,73,0.010000,11455
16573,10,75,0.010000,11456
16574,8,59,0.010000,11456
16575,24,217,0.010000,11456
16576,25,263,0.010000,11457
16577,9,84,0.010000,11458
16578,18,194,0.010000,11458
16579,13,95,0.010000,11458
16580,15,144,0.010000,11459
16581,28,255,0.010000,11460
16582,9,61,0.010000,11460
16583,10,86,0.010000,11460
16584,15,121,0.010000,11460
16585,9,67,0.010000,11460
16586,7,45,0.010000,11460
16587,10,80,0.010000,11461
16588,22,203,0.010000,11462
16589,14,121,0.010000,11462
16590,10,65,0.010000,11462
16591,20,178,0.010000,11463
16592,18,136,0.010000,11464
16593,17,128,0.010000,11464
16594,12,87,0.010000,11464
16595,25,241,0.010000,11465
16596,9,58,0.010000,11465
16597,11,99,0.010000,11465
16598,21,177,0.010000,11465
16599,19,145,0.010000,11466
16600,14,88,0.010000,11466
16601,20,179,0.010000,11467
16602,11,91,0.010000,11467
16603,6,61,0.010000,11467
16604,7,50,0.010000,11467
16605,22,168,0.010000,11467
16606,15,129,0.010000,11467
16607,18,146,0.010000,11467
16608,28,214,0.010000,11467
16609,25,201,0.010000,11468
16610,12,109,0.010000,11468
16611,20,181,0.010000,11469
16612,12,98,0.010000,11469
16613,14,101,0.010000,11469
16614,19,152,0.010000,11469
16615,10,80,0.010000,11469
16616,4,43,0.010000,11469
16617,0,5,0.010000,11469
16618,22,190,0.010000,11470
16619,14,100,0.010000,11470
16620,13,84,0.010000,11470
16621,24,179,0.010000,11470
16622,15,151,0.010000,11470
16623,9,62,0.010000,11470
16624,16,114,0.010000,11470
16625,7,55,0.010000,11470
16626,22,179,0.010000,11470
16627,22,152,0.010000,11470
16628,14,132,0.010000,11470
16629,12,101,0.010000,11470
16630,13,111,0.010000,11470
16631,18,152,0.010000,11470
16632,12,113,0.010000,11470
16633,13,83,0.010000,11470
16634,18,109,0.010000,11470
16635,10,86,0.010000,11470
16636,15,129,0.010000,11470
16637,20,160,0.010000,11470
16638,16,144,0.010000,11470
16639,10,80,0.010000,11470
16640,27,217,0.010000,11470
16641,20,163,0.010000,11471
16642,19,149,0.010000,11471
16643,4,36,0.010000,11471
16644,21,154,0.010000,11471
16645,26,240,0.010000,11472
16646,14,101,0.010000,11473
16647,21,188,0.010000,11473
16648,15,125,0.010000,11473
16649,19,163,0.010000,11473
16650,24,245,0.010000,11473
16651,8,47,0.010000,11473
16652,8,57,0.010000,11474
16653,14,91,0.010000,11474
16654,24,213,0.010000,11474
16655,20,171,0.010000,11474
16656,10,78,0.010000,11474
16657,12,86,0.010000,11475
16658,18,150,0.010000,11475
16659,11,76,0.010000,11475
16660,13,92,0.010000,11475
16661,18,141,0.010000,11475
16662,27,227,0.010000,11475
16663,22,186,0.010000,11476
16664,12,121,0.010000,11476
16665,16,132,0.010000,11476
16666,14,109,0.010000,11476
16667,10,79,0.010000,11476
16668,17,173,0.010000,11476
16669,15,120,0.010000,11476
16670,11,84,0.010000,11477
16671,11,59,0.010000,11477
16672,23,207,0.010000,11477
16673,20,159,0.010000,11477
16674,22,147,0.010000,11478
16675,28,267,0.010000,11479
16676,15,126,0.010000,11479
16677,21,165,0.010000,11479
16678,13,111,0.010000,11479
16679,19,156,0.010000,11479
16680,12,94,0.010000,11480
16681,14,118,0.010000,11480
16682,10,78,0.010000,11480
16683,17,135,0.010000,11481
16684,14,104,0.010000,11481
16685,9,74,0.010000,11481
16686,21,198,0.010000,11482
16687,10,54,0.010000,11482
16688,16,145,0.010000,11483
16689,17,149,0.010000,11485
16690,19,134,0.010000,11485
16691,22,199,0.010000,11485
16692,15,167,0.010000,11485
16693,12,100,0.010000,11485
16694,15,111,0.010000,11485
16695,14,119,0.010000,11485
16696,13,112,0.010000,11485
16697,20,184,0.010000,11485
16698,9,66,0.010000,11485
16699,18,129,0.010000,11485
16700,19,138,0.010000,11486
16701,9,60,0.010000,11486
16702,23,234,0.010000,11488
16703,15,116,0.010000,11489
16704,6,34,0.010000,11489
16705,12,100,0.010000,11489
16706,29,250,0.010000,11490
16707,23,170,0.010000,11490
16708,9,65,0.010000,11491
16709,18,139,0.010000,11492
16710,13,119,0.010000,11492
16711,22,157,0.010000,11492
16712,21,189,0.010000,11492
16713,16,110,0.010000,11492
16714,15,111,0.010000,11492
16715,10,82,0.010000,11492
16716,24,202,0.010000,11492
16717,16,113,0.010000,11492
16718,21,206,0.010000,11492
16719,24,238,0.010000,11492
16720,12,68,0.010000,11492
16721,20,171,0.010000,11492
16722,14,82,0.010000,11494
16723,14,101,0.010000,11494
16724,17,133,0.010000,11494
16725,13,111,0.010000,11494
16726,24,206,0.010000,11495
16727,15,121,0.010000,11495
16728,14,113,0.010000,11496
16729,21,209,0.010000,11500
16730,5,38,0.010000,11500
16731,16,125,0.010000,11500
16732,17,152,0.010000,11500
16733,25,231,0.010000,11501
16734,30,257,0.010000,11501
16735,8,61,0.010000,11501
16736,13,81,0.010000,11501
16737,14,105,0.010000,11501
16738,11,99,0.010000,11501
16739,19,165,0.010000,11501
16740,21,163,0.010000,11501
16741,22,165,0.010000,11501
16742,14,83,0.010000,11502
16743,15,99,0.010000,11503
16744,16,99,0.010000,11503
16745,15,128,0.010000,11503
16746,23,149,0.010000,11503
16747,5,28,0.010000,11503
16748,20,153,0.010000,11504
16749,26,245,0.010000,11506
16750,8,61,0.010000,11506
16751,18,129,0.010000,11506
16752,21,191,0.010000,11506
16753,16,108,0.010000,11506
16754,16,152,0.010000,11507
16755,10,83,0.010000,11507
16756,10,62,0.010000,11507
16757,21,167,0.010000,11507
16758,0,6,0.010000,11507
16759,6,35,0.010000,11507
16760,9,67,0.010000,11508
16761,10,79,0.010000,11508
16762,9,58,0.010000,11508
16763,11,88,0.010000,11508
16764,11,79,0.010000,11508
16765,24,144,0.010000,11508
16766,8,56,0.010000,11508
16767,13,95,0.010000,11508
16768,18,162,0.010000,11508
16769,18,106,0.010000,11509
16770,19,127,0.010000,11509
16771,16,148,0.010000,11509
16772,16,133,0.010000,11509
16773,14,120,0.010000,11510
16774,20,139,0.010000,11510
16775,18,149,0.010000,11510
16776,19,140,0.010000,11510
16777,15,118,0.010000,11510
16778,26,242,0.010000,11510
16779,20,186,0.010000,11510
16780,12,79,0.010000,11511
16781,8,59,0.010000,11511
16782,15,111,0.010000,11511
16783,27,232,0.010000,11511
16784,18,146,0.010000,11512
16785,15,116,0.010000,11512
16786,18,154,0.010000,11512
16787,11,102,0.010000,11512
16788,15,139,0.010000,11512
16789,14,111,0.010000,11512
16790,20,182,0.010000,11512
16791,17,134,0.010000,11513
16792,17,132,0.010000,11513
16793,8,51,0.010000,11513
16794,17,119,0.010000,11514
16795,11,75,0.010000,11515
16796,20,169,0.010000,11515
16797,15,121,0.010000,11515
16798,6,48,0.010000,11515
16799,8,59,0.010000,11515
16800,21,206,0.010000,11516
16801,9,63,0.010000,11517
16802,11,88,0.010000,11518
16803,23,202,0.010000,11518
16804,10,87,0.010000,11518
16805,4,19,0.010000,11518
16806,6,40,0.010000,11519
16807,18,155,0.010000,11519
16808,13,106,0.010000,11519
16809,12,93,0.010000,11519
16810,15,136,0.010000,11519
16811,13,97,0.010000,11519
16812,9,66,0.010000,11519
16813,16,108,0.010000,11520
16814,26,202,0.010000,11521
16815,12,97,0.010000,11521
16816,5,35,0.010000,11521
16817,16,135,0.010000,11521
16818,23,203,0.010000,11521
16819,15,107,0.010000,11521
16820,23,226,0.010000,11521
16821,18,188,0.010000,11521
16822,4,37,0.010000,11521
16823,10,71,0.010000,11521
16824,14,105,0.010000,11521
16825,14,133,0.010000,11521
16826,3,24,0.010000,11521
16827,8,49,0.010000,11521
16828,20,152,0.010000,11521
16829,20,149,0.010000,11521
16830,17,132,0.010000,11521
16831,7,67,0.010000,11521
16832,17,147,0.010000,11522
16833,19,139,0.010000,11522
16834,24,219,0.010000,11522
16835,4,25,0.010000,11522
16836,14,121,0.010000,11522
16837,18,130,0.010000,11522
16838,14,102,0.010000,11522
16839,9,72,0.010000,11523
16840,18,141,0.010000,11523
16841,13,109,0.010000,11525
16842,12,86,0.010000,11526
16843,9,57,0.010000,11527
16844,18,159,0.010000,11527
16845,8,42,0.010000,11527
16846,21,188,0.010000,11527
16847,14,101,0.010000,11528
16848,18,139,0.010000,11528
16849,13,88,0.010000,11528
16850,24,186,0.010000,11528
16851,14,136,0.010000,11528
16852,19,184,0.010000,11529
16853,21,204,0.010000,11529
16854,15,125,0.010000,11529
16855,16,108,0.010000,11529
16856,28,237,0.010000,11529
16857,18,129,0.010000,11530
16858,20,167,0.010000,11530
16859,18,154,0.010000,11530
16860,12,98,0.010000,11530
16861,14,89,0.010000,11530
16862,20,173,0.010000,11531
16863,14,89,0.010000,11531
16864,23,210,0.010000,11531
16865,13,125,0.010000,11532
16866,10,72,0.010000,11532
16867,21,168,0.010000,11533
16868,17,126,0.010000,11533
16869,23,192,0.010000,11534
16870,14,106,0.010000,11534
16871,18,169,0.010000,11534
16872,16,105,0.010000,11534
16873,14,103,0.010000,11535
16874,7,44,0.010000,11535
16875,14,85,0.010000,11535
16876,14,122,0.010000,11535
16877,15,109,0.010000,11535
16878,15,118,0.010000,11535
16879,8,67,0.010000,11535
16880,11,94,0.010000,11536
16881,9,79,0.010000,11536
16882,18,177,0.010000,11537
16883,14,115,0.010000,11539
16884,11,102,0.010000,11539
16885,7,56,0.010000,11539
16886,10,84,0.010000,11539
16887,15,145,0.010000,11540
16888,11,98,0.010000,11540
16889,16,114,0.010000,11541
16890,11,100,0.010000,11541
16891,2,9,0.010000,11541
16892,20,164,0.010000,11542
16893,21,213,0.010000,11542
16894,9,48,0.010000,11542
16895,15,107,0.010000,11542
16896,2,20,0.010000,11542
16897,18,146,0.010000,11542
16898,6,28,0.010000,11542
16899,11,80,0.010000,11543
16900,14,133,0.010000,11544
16901,13,118,0.010000,11544
16902,8,75,0.010000,11544
16903,16,116,0.010000,11545
16904,21,174,0.010000,11545
16905,16,144,0.010000,11545
16906,11,91,0.010000,11545
16907,17,139,0.010000,11545
16908,23,165,0.010000,11545
16909,18,137,0.010000,11545
16910,16,116,0.010000,11545
16911,5,24,0.010000,11546
16912,14,103,0.010000,11546
16913,9,63,0.010000,11546
16914,15,134,0.010000,11546
16915,12,81,0.010000,11546
16916,11,89,0.010000,11546
16917,10,74,0.010000,11546
16918,15,84,0.010000,11547
16919,29,235,0.010000,11547
16920,16,136,0.010000,11547
16921,18,146,0.010000,11548
16922,10,83,0.010000,11548
16923,11,93,0.010000,11548
16924,14,135,0.010000,11548
16925,15,109,0.010000,11550
16926,22,158,0.010000,11551
16927,8,61,0.010000,11551
16928,9,72,0.010000,11551
16929,10,84,0.010000,11551
16930,4,25,0.010000,11551
16931,10,88,0.010000,11551
16932,24,192,0.010000,11551
16933,12,95,0.010000,11551
16934,14,87,0.010000,11551
16935,16,149,0.010000,11551
16936,16,131,0.010000,11551
16937,11,78,0.010000,11551
16938,12,114,0.010000,11551
16939,19,192,0.010000,11552
16940,3,26,0.010000,11552
16941,27,237,0.010000,11552
16942,22,173,0.010000,11552
16943,10,102,0.010000,11552
16944,14,95,0.010000,11552
16945,14,121,0.010000,11552
16946,8,54,0.010000,11552
16947,12,79,0.010000,11553
16948,11,85,0.010000,11554
16949,18,145,0.010000,11555
16950,13,103,0.010000,11555
16951,9,71,0.010000,11555
16952,20,197,0.010000,11555
16953,16,110,0.010000,11556
16954,22,172,0.010000,11556
16955,10,66,0.010000,11556
16956,17,154,0.010000,11556
16957,9,64,0.010000,11556
16958,15,127,0.010000,11557
16959,16,122,0.010000,11557
16960,15,147,0.010000,11557
16961,13,116,0.010000,11557
16962,19,181,0.010000,11557
16963,14,124,0.010000,11557
16964,18,144,0.010000,11557
16965,7,49,0.010000,11557
16966,11,77,0.010000,11557
16967,18,171,0.010000,11557
16968,20,180,0.010000,11558
16969,10,73,0.010000,11559
16970,19,161,0.010000,11559
16971,20,146,0.010000,11559
16972,8,62,0.010000,11559
16973,14,124,0.010000,11559
16974,13,121,0.010000,11559
16975,22,160,0.010000,11559
16976,29,254,0.010000,11559
16977,14,120,0.010000,11559
16978,12,107,0.010000,11559
16979,21,160,0.010000,11559
16980,10,77,0.010000,11559
16981,13,87,0.010000,11560
16982,12,76,0.010000,11560
16983,22,203,0.010000,11562
16984,13,90,0.010000,11562
16985,22,172,0.010000,11562
16986,18,158,0.010000,11562
16987,14,125,0.010000,11563
16988,16,132,0.010000,11564
16989,18,125,0.010000,11564
16990,7,38,0.010000,11564
16991,16,123,0.010000,11565
16992,4,23,0.010000,11565
16993,15,129,0.010000,11566
16994,14,131,0.010000,11566
16995,24,213,0.010000,11567
16996,5,27,0.010000,11567
16997,18,147,0.010000,11567
16998,8,87,0.010000,11567
16999,10,59,0.010000,11567
17000,19,187,0.010000,11567
17001,12,98,0.010000,11568
17002,15,139,0.010000,11568
17003,17,166,0.010000,11568
17004,29,261,0.010000,11569
17005,10,68,0.010000,11570
17006,18,132,0.010000,11570
17007,20,202,0.010000,11570
17008,28,212,0.010000,11570
17009,7,42,0.010000,11570
17010,19,181,0.010000,11571
17011,9,77,0.010000,11571
17012,28,279,0.010000,11571
17013,12,93,0.010000,11571
17014,18,126,0.010000,11571
17015,7,68,0.010000,11571
17016,16,124,0.010000,11571
17017,18,136,0.010000,11571
17018,10,87,0.010000,11571
17019,16,131,0.010000,11571
17020,7,64,0.010000,11571
17021,16,136,0.010000,11571
17022,19,167,0.010000,11572
17023,8,64,0.010000,11572
17024,16,123,0.010000,11572
17025,10,75,0.010000,11572
17026,9,78,0.010000,11572
17027,13,95,0.010000,11572
17028,25,182,0.010000,11573
17029,12,79,0.010000,11573
17030,7,53,0.010000,11574
17031,16,121,0.010000,11574
17032,22,156,0.010000,11574
17033,18,152,0.010000,11575
17034,21,199,0.010000,11575
17035,22,181,0.010000,11577
17036,9,69,0.010000,11578
17037,8,59,0.010000,11578
17038,14,92,0.010000,11578
17039,19,179,0.010000,11578
17040,15,113,0.010000,11579
17041,14,92,0.010000,11579
17042,17,141,0.010000,11579
17043,20,181,0.010000,11579
17044,13,95,0.010000,11580
17045,17,138,0.010000,11580
17046,13,121,0.010000,11580
17047,10,99,0.010000,11580
17048,20,181,0.010000,11580
17049,16,106,0.010000,11581
17050,19,179,0.010000,11581
17051,10,69,0.010000,11581
17052,5,32,0.010000,11581
17053,11,85,0.010000,11581
17054,13,116,0.010000,11581
17055,10,69,0.010000,11581
17056,18,127,0.010000,11581
17057,18,137,0.010000,11581
17058,16,117,0.010000,11581
17059,14,142,0.010000,11581
17060,14,126,0.010000,11581
17061,22,188,0.010000,11582
17062,15,101,0.010000,11582
17063,11,72,0.010000,11582
17064,26,247,0.010000,11582
17065,21,163,0.010000,11582
17066,12,91,0.010000,11582
17067,6,58,0.010000,11582
17068,16,108,0.010000,11582
17069,11,87,0.010000,11582
17070,25,188,0.010000,11582
17071,6,40,0.010000,11583
17072,13,120,0.010000,11584
17073,14,104,0.010000,11584
17074,15,130,0.010000,11585
17075,20,167,0.010000,11585
17076,6,46,0.010000,11585
17077,14,133,0.010000,11585
17078,20,179,0.010000,11585
17079,15,101,0.010000,11585
17080,11,73,0.010000,11585
17081,8,65,0.010000,11586
17082,27,201,0.010000,11586
17083,21,176,0.010000,11586
17084,7,43,0.010000,11587
17085,19,169,0.010000,11587
17086,15,111,0.010000,11587
17087,16,136,0.010000,11588
17088,22,163,0.010000,11589
17089,12,95,0.010000,11589
17090,15,121,0.010000,11589
17091,22,160,0.010000,11590
17092,6,31,0.010000,11590
17093,17,142,0.010000,11590
17094,13,114,0.010000,11590
17095,13,104,0.010000,11590
17096,13,98,0.010000,11590
17097,20,173,0.010000,11590
17098,12,69,0.010000,11591
17099,19,168,0.010000,11593
17100,15,123,0.010000,11593
17101,22,161,0.010000,11593
17102,10,89,0.010000,11593
17103,13,120,0.010000,11593
17104,10,53,0.010000,11593
17105,17,139,0.010000,11593
17106,24,167,0.010000,11593
17107,21,160,0.010000,11593
17108,20,191,0.010000,11593
17109,9,63,0.010000,11593
17110,22,161,0.010000,11594
17111,22,205,0.010000,11594
17112,23,188,0.010000,11594
17113,17,121,0.010000,11594
17114,12,84,0.010000,11594
17115,18,136,0.010000,11594
17116,16,124,0.010000,11595
17117,13,98,0.010000,11595
17118,12,100,0.010000,11595
17119,19,170,0.010000,11595
17120,17,137,0.010000,11596
17121,16,144,0.010000,11596
17122,20,141,0.010000,11597
17123,20,155,0.010000,11597
17124,10,74,0.010000,11597
17125,18,185,0.010000,11598
17126,15,134,0.010000,11598
17127,7,43,0.010000,11599
17128,21,173,0.010000,11600
17129,18,126,0.010000,11600
17130,7,44,0.010000,11600
17131,11,93,0.010000,11600
17132,19,159,0.010000,11600
17133,26,239,0.010000,11600
17134,21,187,0.010000,11600
17135,7,68,0.010000,11600
17136,20,123,0.010000,11600
17137,12,89,0.010000,11600
17138,22,189,0.010000,11600
17139,25,222,0.010000,11600
17140,26,228,0.010000,11600
17141,18,152,0.010000,11600
17142,15,111,0.010000,11601
17143,23,148,0.010000,11602
17144,12,88,0.010000,11602
17145,20,165,0.010000,11602
17146,3,20,0.010000,11602
17147,14,125,0.010000,11602
17148,12,103,0.010000,11602
17149,23,229,0.010000,11602
17150,15,118,0.010000,11602
17151,14,106,0.010000,11603
17152,10,79,0.010000,11603
17153,15,113,0.010000,11604
17154,12,115,0.010000,11604
17155,13,102,0.010000,11604
17156,18,174,0.010000,11605
17157,16,136,0.010000,11606
17158,14,135,0.010000,11606
17159,18,133,0.010000,11607
17160,14,97,0.010000,11607
17161,18,131,0.010000,11607
17162,12,102,0.010000,11607
17163,11,72,0.010000,11608
17164,12,100,0.010000,11608
17165,5,30,0.010000,11608
17166,16,89,0.010000,11609
17167,13,94,0.010000,11609
17168,8,59,0.010000,11609
17169,24,190,0.010000,11610
17170,5,31,0.010000,11610
17171,16,155,0.010000,11610
17172,24,162,0.010000,11610
17173,29,256,0.010000,11610
17174,16,127,0.010000,11611
17175,20,152,0.010000,11611
17176,16,118,0.010000,11611
17177,10,77,0.010000,11611
17178,6,23,0.010000,11612
17179,19,165,0.010000,11612
17180,11,70,0.010000,11612
17181,20,159,0.010000,11612
17182,15,104,0.010000,11613
17183,10,85,0.010000,11613
17184,14,122,0.010000,11613
17185,16,113,0.010000,11613
17186,7,37,0.010000,11613
17187,23,205,0.010000,11613
17188,7,40,0.010000,11613
17189,17,177,0.010000,11613
17190,14,96,0.010000,11613
17191,28,232,0.010000,11616
17192,11,96,0.010000,11616
17193,21,154,0.010000,11616
17194,10,82,0.010000,11616
17195,16,129,0.010000,11617
17196,20,157,0.010000,11617
17197,13,96,0.010000,11617
17198,27,239,0.010000,11617
17199,19,144,0.010000,11617
17200,30,276,0.010000,11617
17201,6,42,0.010000,11617
17202,12,88,0.010000,11617
17203,5,38,0.010000,11617
17204,23,177,0.010000,11618
17205,10,86,0.010000,11618
17206,13,120,0.010000,11618
17207,19,141,0.010000,11619
17208,10,86,0.010000,11619
17209,12,82,0.010000,11619
17210,4,26,0.010000,11619
17211,25,263,0.010000,11619
17212,16,133,0.010000,11619
17213,8,56,0.010000,11619
17214,15,108,0.010000,11620
17215,16,122,0.010000,11620
17216,20,197,0.010000,11621
17217,8,66,0.010000,11621
17218,16,133,0.010000,11622
17219,24,231,0.010000,11622
17220,11,95,0.010000,11623
17221,6,62,0.010000,11623
17222,11,90,0.010000,11624
17223,5,37,0.010000,11624
17224,7,56,0.010000,11624
17225,14,92,0.010000,11624
17226,14,103,0.010000,11624
17227,9,75,0.010000,11624
17228,20,177,0.010000,11625
17229,23,204,0.010000,11625
17230,1,9,0.010000,11625
17231,8,45,0.010000,11625
17232,12,86,0.010000,11625
17233,9,56,0.010000,11625
17234,16,128,0.010000,11625
17235,16,149,0.010000,11625
17236,17,125,0.010000,11625
17237,8,54,0.010000,11625
17238,15,101,0.010000,11625
17239,17,144,0.010000,11626
17240,11,82,0.010000,11626
17241,12,107,0.010000,11626
17242,16,143,0.010000,11626
17243,16,110,0.010000,11626
17244,19,159,0.010000,11626
17245,26,264,0.010000,11627
17246,11,83,0.010000,11627
17247,13,101,0.010000,11627
17248,25,203,0.010000,11628
17249,18,141,0.010000,11628
17250,26,229,0.010000,11628
17251,13,89,0.010000,11628
17252,7,43,0.010000,11628
17253,7,54,0.010000,11628
17254,11,81,0.010000,11629
17255,20,171,0.010000,11629
17256,14,103,0.010000,11629
17257,6,26,0.010000,11629
17258,25,191,0.010000,11630
17259,20,203,0.010000,11630
17260,26,185,0.010000,11630
17261,14,91,0.010000,11630
17262,10,74,0.010000,11630
17263,10,63,0.010000,11630
17264,13,109,0.010000,11630
17265,21,181,0.010000,11630
17266,11,84,0.010000,11630
17267,18,149,0.010000,11630
17268,12,73,0.010000,11630
17269,15,118,0.010000,11631
17270,10,84,0.010000,11631
17271,14,106,0.010000,11632
17272,14,133,0.010000,11632
17273,17,147,0.010000,11632
17274,9,66,0.010000,11632
17275,14,95,0.010000,11632
17276,15,133,0.010000,11632
17277,24,218,0.010000,11632
17278,22,158,0.010000,11632
17279,2,9,0.010000,11632
17280,22,202,0.010000,11632
17281,16,139,0.010000,11633
17282,11,86,0.010000,11633
17283,18,155,0.010000,11634
17284,15,142,0.010000,11634
17285,12,87,0.010000,11634
17286,13,98,0.010000,11634
17287,6,56,0.010000,11634
17288,23,196,0.010000,11634
17289,13,87,0.010000,11634
17290,13,113,0.010000,11635
17291,17,159,0.010000,11636
17292,34,252,0.010000,11638
17293,14,141,0.010000,11638
17294,10,62,0.010000,11638
17295,22,192,0.010000,11638
17296,13,85,0.010000,11639
17297,19,170,0.010000,11639
17298,18,121,0.010000,11639
17299,15,114,0.010000,11639
17300,11,85,0.010000,11639
17301,13,82,0.010000,11639
17302,4,28,0.010000,11639
17303,25,222,0.010000,11639
17304,16,120,0.010000,11640
17305,5,39,0.010000,11640
17306,10,64,0.010000,11641
17307,20,179,0.010000,11641
17308,13,78,0.010000,11643
17309,5,36,0.010000,11643
17310,14,125,0.010000,11644
17311,22,181,0.010000,11646
17312,19,160,0.010000,11646
17313,23,199,0.010000,11647
17314,11,66,0.010000,11648
17315,18,166,0.010000,11648
17316,20,158,0.010000,11648
17317,18,141,0.010000,11648
17318,18,172,0.010000,11648
17319,14,97,0.010000,11648
17320,20,153,0.010000,11648
17321,10,81,0.010000,11648
17322,28,197,0.010000,11648
17323,16,165,0.010000,11648
17324,11,86,0.010000,11649
17325,10,73,0.010000,11649
17326,11,72,0.010000,11649
17327,11,100,0.010000,11649
17328,17,153,0.010000,11649
17329,9,81,0.010000,11649
17330,24,188,0.010000,11649
17331,14,142,0.010000,11649
17332,16,135,0.010000,11649
17333,19,166,0.010000,11649
17334,21,196,0.010000,11649
17335,16,116,0.010000,11649
17336,1,10,0.010000,11649
17337,21,175,0.010000,11649
17338,20,150,0.010000,11649
17339,15,130,0.010000,11649
17340,25,214,0.010000,11650
17341,9,59,0.010000,11650
17342,10,87,0.010000,11650
17343,18,137,0.010000,11651
17344,18,162,0.010000,11651
17345,12,126,0.010000,11651
17346,11,57,0.010000,11651
17347,27,286,0.010000,11653
17348,14,77,0.010000,11654
17349,6,43,0.010000,11654
17350,20,156,0.010000,11654
17351,5,46,0.010000,11654
17352,18,139,0.010000,11654
17353,19,181,0.010000,11654
17354,19,166,0.010000,11654
17355,13,104,0.010000,11654
17356,17,167,0.010000,11654
17357,6,38,0.010000,11654
17358,8,44,0.010000,11654
17359,16,98,0.010000,11654
17360,6,39,0.010000,11654
17361,27,210,0.010000,11654
17362,24,198,0.010000,11654
17363,18,178,0.010000,11655
17364,6,20,0.010000,11655
17365,21,175,0.010000,11656
17366,23,202,0.010000,11656
17367,27,234,0.010000,11656
17368,9,82,0.010000,11656
17369,10,75,0.010000,11656
17370,12,84,0.010000,11656
17371,17,127,0.010000,11656
17372,3,24,0.010000,11656
17373,12,106,0.010000,11656
17374,13,117,0.010000,11656
17375,7,55,0.010000,11656
17376,10,87,0.010000,11656
17377,19,165,0.010000,11656
17378,18,117,0.010000,11656
17379,18,121,0.010000,11656
17380,12,99,0.010000,11656
17381,15,149,0.010000,11656
17382,12,110,0.010000,11657
17383,20,165,0.010000,11657
17384,3,32,0.010000,11657
17385,25,198,0.010000,11659
17386,4,55,0.010000,11659
17387,13,148,0.010000,11659
17388,12,100,0.010000,11659
17389,18,182,0.010000,11659
17390,10,68,0.010000,11659
17391,15,137,0.010000,11659
17392,18,115,0.010000,11659
17393,13,116,0.010000,11659
17394,18,157,0.010000,11660
17395,17,142,0.010000,11660
17396,20,170,0.010000,11660
17397,20,191,0.010000,11660
17398,9,80,0.010000,11660
17399,17,132,0.010000,11660
17400,8,52,0.010000,11661
17401,10,99,0.010000,11662
17402,12,95,0.010000,11662
17403,13,116,0.010000,11662
17404,8,68,0.010000,11663
17405,18,148,0.010000,11663
17406,16,97,0.010000,11663
17407,14,109,0.010000,11663
17408,10,113,0.010000,11663
17409,26,240,0.010000,11663
17410,21,161,0.010000,11663
17411,19,153,0.010000,11663
17412,22,157,0.010000,11663
17413,17,161,0.010000,11664
17414,21,194,0.010000,11667
17415,11,84,0.010000,11667
17416,23,172,0.010000,11667
17417,0,5,0.010000,11667
17418,15,104,0.010000,11668
17419,13,91,0.010000,11668
17420,15,124,0.010000,11668
17421,25,238,0.010000,11668
17422,24,204,0.010000,11668
17423,8,74,0.010000,11668
17424,18,128,0.010000,11668
17425,15,136,0.010000,11668
17426,16,109,0.010000,11668
17427,11,71,0.010000,11668
17428,15,130,0.010000,11668
17429,25,238,0.010000,11668
17430,11,101,0.010000,11668
17431,10,68,0.010000,11668
17432,11,83,0.010000,11668
17433,10,87,0.010000,11668
17434,11,89,0.010000,11668
17435,8,70,0.010000,11668
17436,18,174,0.010000,11668
17437,6,45,0.010000,11668
17438,9,53,0.010000,11668
17439,15,144,0.010000,11668
17440,13,107,0.010000,11668
17441,16,158,0.010000,11668
17442,9,68,0.010000,11669
17443,10,91,0.010000,11669
17444,17,113,0.010000,11669
17445,27,257,0.010000,11669
17446,12,103,0.010000,11669
17447,17,120,0.010000,11669
17448,21,186,0.010000,11669
17449,15,137,0.010000,11669
17450,6,33,0.010000,11669
17451,11,80,0.010000,11669
17452,16,156,0.010000,11670
17453,16,129,0.010000,11670
17454,9,78,0.010000,11670
17455,30,234,0.010000,11670
17456,11,86,0.010000,11670
17457,13,119,0.010000,11670
17458,23,194,0.010000,11670
17459,10,81,0.010000,11670
17460,9,71,0.010000,11670
17461,10,83,0.010000,11670
17462,15,135,0.010000,11670
17463,10,80,0.010000,11670
17464,15,113,0.010000,11670
17465,15,123,0.010000,11670
17466,15,99,0.010000,11670
17467,6,49,0.010000,11670
17468,15,135,0.010000,11671
17469,7,54,0.010000,11671
17470,18,146,0.010000,11671
17471,18,143,0.010000,11671
17472,20,187,0.010000,11671
17473,16,105,0.010000,11671
17474,30,290,0.010000,11671
17475,11,67,0.010000,11671
17476,7,56,0.010000,11671
17477,20,127,0.010000,11671
17478,16,103,0.010000,11671
17479,22,180,0.010000,11672
17480,20,183,0.010000,11673
17481,18,139,0.010000,11673
17482,25,158,0.010000,11674
17483,10,77,0.010000,11674
17484,9,71,0.010000,11674
17485,16,140,0.010000,11674
17486,7,78,0.010000,11674
17487,15,125,0.010000,11675
17488,24,262,0.010000,11675
17489,30,237,0.010000,11675
17490,10,91,0.010000,11675
17491,26,219,0.010000,11676
17492,26,232,0.010000,11676
17493,13,137,0.010000,11676
17494,10,81,0.010000,11679
17495,15,104,0.010000,11681
17496,10,72,0.010000,11681
17497,16,114,0.010000,11682
17498,13,107,0.010000,11682
17499,9,70,0.010000,11682
17500,25,183,0.010000,11682
17501,12,101,0.010000,11682
17502,7,44,0.010000,11683
17503,21,156,0.010000,11683
17504,21,184,0.010000,11683
17505,18,176,0.010000,11683
17506,15,160,0.010000,11683
17507,14,100,0.010000,11683
17508,18,107,0.010000,11683
17509,8,65,0.010000,11683
17510,19,146,0.010000,11683
17511,19,208,0.010000,11683
17512,25,209,0.010000,11684
17513,6,59,0.010000,11684
17514,6,58,0.010000,11684
17515,20,169,0.010000,11684
17516,20,176,0.010000,11684
17517,16,122,0.010000,11684
17518,14,103,0.010000,11684
17519,20,142,0.010000,11684
17520,13,91,0.010000,11684
17521,21,207,0.010000,11684
17522,10,84,0.010000,11684
17523,20,208,0.010000,11685
17524,24,164,0.010000,11685
17525,10,86,0.010000,11685
17526,13,109,0.010000,11685
17527,9,67,0.010000,11685
17528,15,109,0.010000,11685
17529,7,69,0.010000,11686
17530,17,132,0.010000,11686
17531,3,22,0.010000,11687
17532,9,96,0.010000,11688
17533,15,127,0.010000,11688
17534,11,66,0.010000,11688
17535,22,193,0.010000,11689
17536,16,129,0.010000,11689
17537,10,78,0.010000,11689
17538,18,171,0.010000,11689
17539,11,93,0.010000,11689
17540,15,132,0.010000,11689
17541,12,117,0.010000,11689
17542,7,68,0.010000,11689
17543,9,65,0.010000,11689
17544,14,104,0.010000,11689
17545,14,105,0.010000,11689
17546,10,68,0.010000,11689
17547,5,43,0.010000,11689
17548,20,141,0.010000,11690
17549,11,82,0.010000,11690
17550,12,110,0.010000,11690
17551,29,224,0.010000,11691
17552,18,157,0.010000,11691
17553,19,164,0.010000,11691
17554,20,140,0.010000,11691
17555,10,51,0.010000,11691
17556,12,83,0.010000,11692
17557,16,129,0.010000,11692
17558,15,123,0.010000,11692
17559,24,197,0.010000,11692
17560,22,252,0.010000,11694
17561,20,159,0.010000,11694
17562,8,78,0.010000,11694
17563,21,187,0.010000,11694
17564,2,17,0.010000,11694
17565,18,135,0.010000,11694
17566,20,145,0.010000,11694
17567,19,141,0.010000,11694
17568,4,42,0.010000,11694
17569,13,107,0.010000,11694
17570,6,47,0.010000,11694
17571,13,111,0.010000,11694
17572,15,138,0.010000,11694
17573,9,81,0.010000,11694
17574,7,59,0.010000,11694
17575,9,72,0.010000,11694
17576,8,69,0.010000,11694
17577,9,75,0.010000,11694
17578,19,172,0.010000,11695
17579,27,283,0.010000,11696
17580,17,129,0.010000,11696
17581,8,48,0.010000,11696
17582,14,118,0.010000,11696
17583,24,202,0.010000,11696
17584,16,140,0.010000,11696
17585,27,237,0.010000,11696
17586,27,199,0.010000,11697
17587,6,57,0.010000,11697
17588,22,171,0.010000,11697
17589,9,66,0.010000,11697
17590,10,75,0.010000,11698
17591,12,76,0.010000,11698
17592,10,76,0.010000,11698
17593,16,113,0.010000,11698
17594,5,24,0.010000,11698
17595,21,196,0.010000,11699
17596,12,99,0.010000,11700
17597,16,151,0.010000,11701
17598,11,91,0.010000,11701
17599,10,95,0.010000,11701
17600,16,118,0.010000,11702
17601,17,152,0.010000,11702
17602,24,238,0.010000,11702
17603,11,82,0.010000,11702
17604,11,88,0.010000,11702
17605,22,160,0.010000,11702
17606,8,58,0.010000,11702
17607,18,132,0.010000,11702
17608,19,152,0.010000,11703
17609,9,69,0.010000,11703
17610,16,102,0.010000,11703
17611,14,107,0.010000,11703
17612,13,107,0.010000,11703
17613,11,76,0.010000,11704
17614,10,76,0.010000,11704
17615,22,157,0.010000,11704
17616,21,190,0.010000,11704
17617,14,123,0.010000,11704
17618,17,143,0.010000,11705
17619,10,67,0.010000,11705
17620,15,157,0.010000,11705
17621,12,127,0.010000,11705
17622,16,114,0.010000,11705
17623,3,19,0.010000,11705
17624,17,129,0.010000,11705
17625,4,31,0.010000,11705
17626,8,57,0.010000,11705
17627,14,112,0.010000,11706
17628,9,87,0.010000,11707
17629,24,204,0.010000,11707
17630,12,91,0.010000,11707
17631,22,185,0.010000,11707
17632,14,108,0.010000,11707
17633,9,76,0.010000,11707
17634,12,118,0.010000,11707
17635,6,42,0.010000,11707
17636,14,99,0.010000,11707
17637,7,59,0.010000,11707
17638,22,201,0.010000,11707
17639,15,139,0.010000,11707
17640,21,193,0.010000,11707
17641,8,63,0.010000,11707
17642,22,204,0.010000,11707
17643,18,180,0.010000,11707
17644,15,147,0.010000,11707
17645,21,159,0.010000,11707
17646,10,96,0.010000,11707
17647,2,16,0.010000,11707
17648,10,89,0.010000,11708
17649,15,109,0.010000,11708
17650,12,105,0.010000,11708
17651,11,97,0.010000,11708
17652,15,105,0.010000,11708
17653,18,137,0.010000,11708
17654,14,95,0.010000,11708
17655,17,125,0.010000,11708
17656,13,118,0.010000,11708
17657,26,199,0.010000,11710
17658,12,108,0.010000,11710
17659,22,161,0.010000,11710
17660,7,68,0.010000,11710
17661,15,128,0.010000,11710
17662,19,185,0.010000,11710
17663,23,234,0.010000,11710
17664,23,223,0.010000,11710
17665,12,101,0.010000,11710
17666,10,86,0.010000,11711
17667,22,182,0.010000,11711
17668,13,110,0.010000,11711
17669,20,210,0.010000,11711
17670,15,101,0.010000,11711
17671,7,68,0.010000,11711
17672,12,98,0.010000,11711
17673,24,160,0.010000,11711
17674,20,158,0.010000,11711
17675,10,80,0.010000,11711
17676,11,80,0.010000,11711
17677,12,86,0.010000,11711
17678,22,166,0.010000,11711
17679,11,94,0.010000,11714
17680,15,109,0.010000,11715
17681,11,100,0.010000,11715
17682,6,44,0.010000,11716
17683,21,162,0.010000,11716
17684,8,59,0.010000,11716
17685,16,137,0.010000,11716
17686,21,165,0.010000,11716
17687,11,77,0.010000,11717
17688,16,137,0.010000,11717
17689,31,273,0.010000,11718
17690,15,123,0.010000,11718
17691,19,171,0.010000,11719
17692,10,93,0.010000,11719
17693,4,32,0.010000,11719
17694,23,208,0.010000,11719
17695,23,160,0.010000,11719
17696,18,141,0.010000,11719
17697,13,93,0.010000,11719
17698,9,66,0.010000,11719
17699,16,140,0.010000,11719
17700,12,84,0.010000,11719
17701,26,273,0.010000,11720
17702,14,100,0.010000,11720
17703,22,210,0.010000,11720
17704,11,88,0.010000,11721
17705,15,166,0.010000,11721
17706,5,35,0.010000,11721
17707,10,83,0.010000,11721
17708,18,153,0.010000,11721
17709,17,152,0.010000,11721
17710,12,104,0.010000,11721
17711,6,49,0.010000,11721
17712,23,160,0.010000,11721
17713,15,153,0.010000,11722
17714,21,179,0.010000,11722
17715,18,160,0.010000,11722
17716,18,144,0.010000,11722
17717,14,97,0.010000,11722
17718,17,142,0.010000,11722
17719,12,104,0.010000,11723
17720,25,180,0.010000,11723
17721,9,79,0.010000,11723
17722,20,158,0.010000,11723
17723,22,213,0.010000,11724
17724,18,175,0.010000,11724
17725,14,120,0.010000,11725
17726,24,190,0.010000,11725
17727,12,111,0.010000,11725
17728,4,33,0.010000,11725
17729,22,215,0.010000,11725
17730,9,55,0.010000,11725
17731,16,117,0.010000,11725
17732,10,74,0.010000,11726
17733,17,123,0.010000,11726
17734,24,177,0.010000,11726
17735,10,85,0.010000,11727
17736,14,94,0.010000,11728
17737,8,48,0.010000,11728
17738,15,103,0.010000,11728
17739,20,164,0.010000,11729
17740,15,95,0.010000,11729
17741,20,167,0.010000,11729
17742,13,103,0.010000,11729
17743,30,262,0.010000,11729
17744,11,95,0.010000,11729
17745,14,112,0.010000,11729
17746,16,121,0.010000,11729
17747,19,152,0.010000,11729
17748,12,86,0.010000,11729
17749,14,135,0.010000,11729
17750,18,166,0.010000,11730
17751,28,245,0.010000,11730
17752,10,82,0.010000,11730
17753,4,26,0.010000,11730
17754,15,116,0.010000,11730
17755,14,95,0.010000,11730
17756,13,115,0.010000,11730
17757,6,37,0.010000,11730
17758,19,120,0.010000,11731
17759,9,76,0.010000,11731
17760,19,139,0.010000,11731
17761,10,64,0.010000,11732
17762,8,36,0.010000,11733
17763,8,51,0.010000,11733
17764,25,207,0.010000,11733
17765,12,99,0.010000,11733
17766,14,130,0.010000,11733
17767,14,114,0.010000,11733
17768,20,151,0.010000,11735
17769,26,224,0.010000,11735
17770,10,86,0.010000,11735
17771,15,117,0.010000,11735
17772,10,93,0.010000,11735
17773,12,73,0.010000,11735
17774,11,83,0.010000,11735
17775,18,143,0.010000,11735
17776,3,23,0.010000,11735
17777,15,90,0.010000,11736
17778,17,117,0.010000,11736
17779,16,115,0.010000,11736
17780,14,107,0.010000,11736
17781,16,101,0.010000,11737
17782,18,163,0.010000,11738
17783,10,84,0.010000,11738
17784,15,121,0.010000,11738
17785,3,27,0.010000,11738
17786,17,158,0.010000,11739
17787,12,82,0.010000,11740
17788,7,44,0.010000,11740
17789,14,120,0.010000,11740
17790,20,197,0.010000,11740
17791,31,310,0.010000,11740
17792,22,249,0.010000,11740
17793,14,115,0.010000,11740
17794,17,101,0.010000,11740
17795,5,54,0.010000,11740
17796,20,158,0.010000,11740
17797,20,162,0.010000,11740
17798,21,174,0.010000,11740
17799,14,135,0.010000,11740
17800,14,133,0.010000,11740
17801,22,139,0.010000,11740
17802,18,144,0.010000,11740
17803,15,98,0.010000,11740
17804,14,110,0.010000,11740
17805,19,157,0.010000,11740
17806,20,150,0.010000,11742
17807,10,65,0.010000,11742
17808,10,95,0.010000,11742
17809,14,108,0.010000,11742
17810,10,71,0.010000,11743
17811,16,123,0.010000,11743
17812,17,141,0.010000,11743
17813,13,100,0.010000,11743
17814,11,72,0.010000,11743
17815,4,36,0.010000,11743
17816,17,103,0.010000,11744
17817,15,147,0.010000,11744
17818,8,55,0.010000,11744
17819,22,158,0.010000,11744
17820,16,158,0.010000,11744
17821,20,148,0.010000,11744
17822,14,100,0.010000,11746
17823,20,176,0.010000,11748
17824,17,114,0.010000,11748
17825,15,110,0.010000,11749
17826,8,64,0.010000,11749
17827,15,131,0.010000,11749
17828,18,159,0.010000,11749
17829,5,60,0.010000,11749
17830,10,88,0.010000,11749
17831,17,136,0.010000,11749
17832,8,52,0.010000,11749
17833,15,128,0.010000,11750
17834,11,100,0.010000,11750
17835,19,131,0.010000,11750
17836,19,144,0.010000,11750
17837,16,109,0.010000,11750
17838,12,102,0.010000,11750
17839,6,50,0.010000,11750
17840,21,136,0.010000,11751
17841,21,184,0.010000,11752
17842,14,121,0.010000,11753
17843,18,136,0.010000,11753
17844,19,136,0.010000,11753
17845,17,104,0.010000,11753
17846,11,86,0.010000,11754
17847,14,102,0.010000,11755
17848,16,108,0.010000,11755
17849,12,74,0.010000,11755
17850,13,101,0.010000,11756
17851,5,42,0.010000,11756
17852,16,133,0.010000,11757
17853,27,232,0.010000,11758
17854,5,44,0.010000,11759
17855,18,162,0.010000,11759
17856,23,194,0.010000,11759
17857,7,43,0.010000,11759
17858,12,72,0.010000,11759
17859,14,103,0.010000,11759
17860,21,160,0.010000,11759
17861,19,135,0.010000,11759
17862,22,182,0.010000,11759
17863,12,73,0.010000,11759
17864,20,192,0.010000,11759
17865,19,150,0.010000,11759
17866,24,198,0.010000,11759
17867,14,110,0.010000,11759
17868,22,193,0.010000,11759
17869,14,99,0.010000,11759
17870,9,69,0.010000,11759
17871,18,170,0.010000,11759
17872,12,82,0.010000,11759
17873,15,112,0.010000,11759
17874,19,145,0.010000,11759
17875,11,90,0.010000,11759
17876,20,203,0.010000,11759
17877,14,94,0.010000,11759
17878,20,160,0.010000,11759
17879,16,129,0.010000,11759
17880,12,90,0.010000,11760
17881,4,28,0.010000,11760
17882,12,102,0.010000,11760
17883,26,165,0.010000,11760
17884,16,102,0.010000,11760
17885,17,127,0.010000,11760
17886,11,70,0.010000,11760
17887,15,109,0.010000,11760
17888,8,56,0.010000,11760
17889,17,161,0.010000,11761
17890,22,195,0.010000,11761
17891,16,153,0.010000,11761
17892,15,123,0.010000,11761
17893,16,149,0.010000,11761
17894,25,216,0.010000,11761
17895,6,41,0.010000,11761
17896,22,192,0.010000,11761
17897,18,108,0.010000,11761
17898,6,46,0.010000,11761
17899,22,187,0.010000,11761
17900,12,98,0.010000,11762
17901,12,76,0.010000,11762
17902,19,165,0.010000,11764
17903,18,150,0.010000,11764
17904,13,143,0.010000,11764
17905,11,93,0.010000,11764
17906,20,148,0.010000,11764
17907,22,205,0.010000,11764
17908,14,106,0.010000,11765
17909,15,103,0.010000,11765
17910,16,158,0.010000,11765
17911,15,123,0.010000,11767
17912,20,127,0.010000,11767
17913,23,178,0.010000,11767
17914,14,92,0.010000,11767
17915,13,93,0.010000,11767
17916,15,106,0.010000,11767
17917,17,153,0.010000,11767
17918,16,130,0.010000,11767
17919,14,101,0.010000,11767
17920,19,170,0.010000,11770
17921,16,152,0.010000,11770
17922,2,23,0.010000,11770
17923,20,132,0.010000,11770
17924,19,191,0.010000,11770
17925,19,125,0.010000,11770
17926,24,213,0.010000,11770
17927,9,68,0.010000,11771
17928,0,6,0.010000,11771
17929,25,210,0.010000,11771
17930,8,48,0.010000,11771
17931,17,123,0.010000,11771
17932,12,86,0.010000,11771
17933,18,144,0.010000,11771
17934,11,90,0.010000,11771
17935,6,57,0.010000,11771
17936,1,12,0.010000,11771
17937,16,136,0.010000,11771
17938,9,73,0.010000,11771
17939,13,99,0.010000,11771
17940,16,116,0.010000,11771
17941,2,21,0.010000,11771
17942,7,56,0.010000,11771
17943,9,77,0.010000,11771
17944,22,196,0.010000,11772
17945,15,117,0.010000,11773
17946,19,173,0.010000,11774
17947,14,128,0.010000,11775
17948,15,115,0.010000,11776
17949,7,44,0.010000,11776
17950,14,113,0.010000,11776
17951,11,87,0.010000,11777
17952,18,129,0.010000,11777
17953,18,108,0.010000,11777
17954,21,187,0.010000,11779
17955,15,129,0.010000,11780
17956,23,186,0.010000,11780
17957,16,146,0.010000,11780
17958,11,103,0.010000,11780
17959,8,68,0.010000,11780
17960,6,37,0.010000,11780
17961,11,89,0.010000,11780
17962,14,107,0.010000,11780
17963,19,155,0.010000,11780
17964,16,125,0.010000,11780
17965,11,92,0.010000,11780
17966,10,75,0.010000,11780
17967,16,140,0.010000,11781
17968,12,98,0.010000,11781
17969,15,114,0.010000,11781
17970,21,193,0.010000,11781
17971,17,172,0.010000,11781
17972,4,44,0.010000,11781
17973,11,73,0.010000,11781
17974,24,195,0.010000,11782
17975,18,124,0.010000,11782
17976,12,91,0.010000,11782
17977,24,215,0.010000,11783
17978,14,116,0.010000,11783
17979,19,157,0.010000,11783
17980,13,86,0.010000,11784
17981,14,87,0.010000,11785
17982,20,154,0.010000,11786
17983,15,97,0.010000,11786
17984,29,259,0.010000,11786
17985,18,180,0.010000,11786
17986,16,129,0.010000,11786
17987,12,114,0.010000,11786
17988,21,149,0.010000,11786
17989,6,39,0.010000,11786
17990,17,168,0.010000,11786
17991,12,75,0.010000,11786
17992,14,150,0.010000,11786
17993,19,160,0.010000,11786
17994,15,128,0.010000,11786
17995,10,82,0.010000,11786
17996,13,93,0.010000,11786
17997,19,167,0.010000,11786
17998,14,120,0.010000,11786
17999,15,125,0.010000,11787
18000,20,200,0.010000,11787
18001,18,176,0.010000,11788
18002,12,84,0.010000,11788
18003,25,211,0.010000,11788
18004,5,19,0.010000,11788
18005,13,105,0.010000,11788
18006,10,79,0.010000,11788
18007,4,26,0.010000,11788
18008,5,52,0.010000,11788
18009,15,155,0.010000,11788
18010,9,65,0.010000,11788
18011,12,129,0.010000,11788
18012,23,176,0.010000,11788
18013,20,178,0.010000,11788
18014,15,116,0.010000,11788
18015,21,174,0.010000,11789
18016,18,150,0.010000,11789
18017,19,143,0.010000,11789
18018,7,61,0.010000,11789
18019,16,132,0.010000,11789
18020,18,150,0.010000,11789
18021,13,120,0.010000,11790
18022,7,64,0.010000,11791
18023,9,63,0.010000,11791
18024,2,15,0.010000,11791
18025,7,54,0.010000,11791
18026,16,110,0.010000,11791
18027,20,190,0.010000,11791
18028,10,72,0.010000,11791
18029,12,103,0.010000,11792
18030,21,178,0.010000,11792
18031,22,188,0.010000,11792
18032,20,147,0.010000,11792
18033,13,117,0.010000,11792
18034,12,64,0.010000,11792
18035,15,138,0.010000,11793
18036,14,117,0.010000,11793
18037,19,133,0.010000,11793
18038,22,213,0.010000,11794
18039,22,178,0.010000,11795
18040,12,104,0.010000,11795
18041,15,106,0.010000,11795
18042,24,227,0.010000,11795
18043,16,128,0.010000,11795
18044,11,63,0.010000,11795
18045,19,150,0.010000,11795
18046,14,112,0.010000,11795
18047,10,70,0.010000,11795
18048,8,54,0.010000,11795
18049,25,198,0.010000,11797
18050,22,220,0.010000,11798
18051,13,109,0.010000,11799
18052,22,183,0.010000,11799
18053,10,81,0.010000,11800
18054,16,149,0.010000,11803
18055,24,201,0.010000,11804
18056,25,189,0.010000,11804
18057,21,186,0.010000,11804
18058,12,79,0.010000,11804
18059,14,116,0.010000,11804
18060,29,214,0.010000,11804
18061,10,75,0.010000,11804
18062,22,203,0.010000,11804
18063,12,99,0.010000,11804
18064,15,144,0.010000,11804
18065,8,72,0.010000,11804
18066,15,120,0.010000,11804
18067,11,75,0.010000,11805
18068,6,39,0.010000,11805
18069,19,161,0.010000,11805
18070,20,204,0.010000,11805
18071,13,104,0.010000,11805
18072,12,85,0.010000,11805
18073,8,54,0.010000,11806
18074,14,117,0.010000,11806
18075,5,38,0.010000,11806
18076,26,230,0.010000,11806
18077,13,110,0.010000,11806
18078,13,92,0.010000,11806
18079,8,49,0.010000,11806
18080,24,149,0.010000,11806
18081,19,162,0.010000,11806
18082,16,116,0.010000,11806
18083,14,120,0.010000,11806
18084,13,133,0.010000,11806
18085,17,100,0.010000,11806
18086,21,201,0.010000,11806
18087,16,132,0.010000,11807
18088,12,74,0.010000,11807
18089,24,226,0.010000,11807
18090,8,63,0.010000,11807
18091,14,120,0.010000,11808
18092,20,177,0.010000,11808
18093,9,92,0.010000,11808
18094,8,73,0.010000,11808
18095,11,73,0.010000,11808
18096,12,95,0.010000,11808
18097,16,140,0.010000,11808
18098,21,191,0.010000,11808
18099,13,107,0.010000,11808
18100,19,163,0.010000,11808
18101,16,141,0.010000,11808
18102,12,112,0.010000,11808
18103,17,131,0.010000,11808
18104,11,94,0.010000,11808
18105,16,103,0.010000,11808
18106,13,115,0.010000,11808
18107,11,79,0.010000,11808
18108,20,128,0.010000,11808
18109,21,184,0.010000,11809
18110,16,159,0.010000,11809
18111,14,110,0.010000,11809
18112,16,162,0.010000,11809
18113,17,139,0.010000,11810
18114,8,62,0.010000,11811
18115,8,65,0.010000,11811
18116,12,94,0.010000,11811
18117,5,21,0.010000,11812
18118,15,133,0.010000,11812
18119,13,120,0.010000,11812
18120,11,109,0.010000,11812
18121,13,104,0.010000,11812
18122,20,186,0.010000,11812
18123,18,184,0.010000,11812
18124,13,127,0.010000,11812
18125,14,100,0.010000,11812
18126,23,212,0.010000,11812
18127,16,148,0.010000,11814
18128,18,146,0.010000,11814
18129,18,127,0.010000,11814
18130,12,95,0.010000,11814
18131,12,72,0.010000,11814
18132,18,134,0.010000,11815
18133,21,155,0.010000,11816
18134,14,83,0.010000,11816
18135,13,92,0.010000,11816
18136,26,193,0.010000,11816
18137,15,127,0.010000,11816
18138,20,158,0.010000,11816
18139,20,152,0.010000,11816
18140,16,132,0.010000,11817
18141,18,131,0.010000,11817
18142,18,130,0.010000,11817
18143,10,72,0.010000,11817
18144,13,132,0.010000,11818
18145,13,95,0.010000,11818
18146,14,147,0.010000,11818
18147,9,57,0.010000,11819
18148,19,121,0.010000,11819
18149,22,167,0.010000,11819
18150,16,116,0.010000,11819
18151,10,78,0.010000,11819
18152,18,133,0.010000,11819
18153,1,5,0.010000,11819
18154,25,192,0.010000,11820
18155,20,169,0.010000,11821
18156,10,102,0.010000,11821
18157,1,8,0.010000,11821
18158,18,148,0.010000,11822
18159,13,121,0.010000,11822
18160,19,150,0.010000,11822
18161,7,42,0.010000,11822
18162,16,149,0.010000,11822
18163,11,76,0.010000,11822
18164,10,82,0.010000,11822
18165,27,230,0.010000,11823
18166,6,54,0.010000,11823
18167,12,89,0.010000,11823
18168,11,70,0.010000,11824
18169,18,161,0.010000,11824
18170,12,107,0.010000,11825
18171,14,124,0.010000,11825
18172,10,91,0.010000,11825
18173,24,206,0.010000,11825
18174,29,239,0.010000,11826
18175,14,124,0.010000,11826
18176,23,169,0.010000,11826
18177,13,113,0.010000,11826
18178,16,132,0.010000,11826
18179,19,168,0.010000,11826
18180,10,79,0.010000,11827
18181,10,84,0.010000,11827
18182,14,148,0.010000,11827
18183,13,111,0.010000,11827
18184,22,208,0.010000,11827
18185,4,19,0.010000,11827
18186,23,179,0.010000,11827
18187,10,69,0.010000,11827
18188,16,122,0.010000,11827
18189,19,176,0.010000,11828
18190,32,256,0.010000,11830
18191,5,31,0.010000,11830
18192,16,169,0.010000,11830
18193,13,118,0.010000,11830
18194,28,232,0.010000,11830
18195,20,169,0.010000,11830
18196,9,60,0.010000,11831
18197,20,194,0.010000,11831
18198,11,90,0.010000,11831
18199,12,94,0.010000,11831
18200,11,80,0.010000,11832
18201,4,40,0.010000,11832
18202,13,96,0.010000,11832
18203,22,181,0.010000,11833
18204,12,104,0.010000,11833
18205,12,112,0.010000,11833
18206,24,207,0.010000,11834
18207,7,39,0.010000,11835
18208,31,256,0.010000,11835
18209,18,142,0.010000,11836
18210,12,116,0.010000,11836
18211,16,153,0.010000,11837
18212,20,161,0.010000,11838
18213,9,81,0.010000,11838
18214,18,126,0.010000,11838
18215,26,209,0.010000,11838
18216,15,114,0.010000,11838
18217,4,28,0.010000,11838
18218,22,182,0.010000,11838
18219,20,138,0.010000,11838
18220,11,115,0.010000,11838
18221,24,188,0.010000,11839
18222,19,163,0.010000,11839
18223,23,144,0.010000,11839
18224,20,146,0.010000,11839
18225,17,139,0.010000,11839
18226,18,170,0.010000,11840
18227,25,226,0.010000,11840
18228,15,99,0.010000,11840
18229,21,153,0.010000,11840
18230,20,170,0.010000,11841
18231,10,79,0.010000,11842
18232,13,82,0.010000,11842
18233,10,88,0.010000,11842
18234,13,100,0.010000,11843
18235,18,177,0.010000,11843
18236,27,233,0.010000,11843
18237,13,115,0.010000,11843
18238,23,180,0.010000,11843
18239,7,43,0.010000,11843
18240,21,167,0.010000,11843
18241,8,51,0.010000,11843
18242,19,138,0.010000,11843
18243,18,190,0.010000,11844
18244,6,40,0.010000,11844
18245,15,101,0.010000,11844
18246,16,128,0.010000,11845
18247,15,100,0.010000,11845
18248,10,72,0.010000,11845
18249,16,108,0.010000,11846
18250,23,187,0.010000,11846
18251,4,25,0.010000,11847
18252,27,213,0.010000,11847
18253,7,45,0.010000,11847
18254,15,114,0.010000,11847
18255,17,162,0.010000,11847
18256,23,209,0.010000,11847
18257,21,156,0.010000,11848
18258,23,221,0.010000,11848
18259,22,193,0.010000,11848
18260,22,200,0.010000,11848
18261,14,110,0.010000,11848
18262,19,129,0.010000,11849
18263,17,121,0.010000,11849
18264,17,136,0.010000,11849
18265,20,128,0.010000,11849
18266,14,123,0.010000,11850
18267,12,108,0.010000,11850
18268,17,132,0.010000,11850
18269,19,148,0.010000,11851
18270,20,155,0.010000,11851
18271,12,97,0.010000,11852
18272,16,126,0.010000,11852
18273,15,125,0.010000,11852
18274,25,237,0.010000,11853
18275,13,68,0.010000,11853
18276,15,146,0.010000,11853
18277,22,186,0.010000,11853
18278,8,79,0.010000,11853
18279,3,28,0.010000,11853
18280,14,114,0.010000,11853
18281,17,138,0.010000,11853
18282,25,198,0.010000,11853
18283,19,148,0.010000,11853
18284,21,188,0.010000,11855
18285,11,102,0.010000,11855
18286,9,65,0.010000,11855
18287,25,214,0.010000,11855
18288,6,33,0.010000,11855
18289,8,46,0.010000,11856
18290,13,77,0.010000,11858
18291,15,129,0.010000,11858
18292,31,244,0.010000,11858
18293,25,201,0.010000,11859
18294,8,53,0.010000,11859
18295,23,186,0.010000,11859
18296,24,204,0.010000,11860
18297,21,180,0.010000,11861
18298,15,116,0.010000,11861
18299,14,132,0.010000,11861
18300,10,56,0.010000,11861
18301,24,188,0.010000,11862
18302,6,48,0.010000,11862
18303,12,101,0.010000,11862
18304,14,127,0.010000,11862
18305,16,104,0.010000,11862
18306,13,106,0.010000,11862
18307,17,134,0.010000,11862
18308,24,196,0.010000,11862
18309,20,132,0.010000,11862
18310,19,168,0.010000,11862
18311,17,163,0.010000,11862
18312,16,141,0.010000,11863
18313,21,193,0.010000,11863
18314,14,95,0.010000,11863
18315,19,152,0.010000,11863
18316,20,186,0.010000,11864
18317,15,109,0.010000,11864
18318,5,31,0.010000,11865
18319,16,129,0.010000,11865
18320,18,162,0.010000,11865
18321,13,87,0.010000,11865
18322,16,186,0.010000,11866
18323,11,74,0.010000,11866
18324,10,91,0.010000,11866
18325,9,66,0.010000,11866
18326,11,76,0.010000,11866
18327,13,97,0.010000,11867
18328,13,115,0.010000,11868
18329,10,68,0.010000,11868
18330,15,125,0.010000,11868
18331,19,178,0.010000,11868
18332,20,161,0.010000,11868
18333,6,40,0.010000,11868
18334,17,140,0.010000,11868
18335,16,110,0.010000,11868
18336,12,78,0.010000,11868
18337,5,48,0.010000,11868
18338,16,121,0.010000,11868
18339,17,132,0.010000,11868
18340,18,124,0.010000,11869
18341,10,72,0.010000,11869
18342,25,200,0.010000,11871
18343,20,140,0.010000,11872
18344,14,118,0.010000,11872
18345,37,363,0.010000,11872
18346,26,210,0.010000,11872
18347,13,93,0.010000,11872
18348,19,154,0.010000,11872
18349,25,184,0.010000,11872
18350,16,156,0.010000,11872
18351,22,189,0.010000,11872
18352,16,140,0.010000,11872
18353,15,163,0.010000,11872
18354,10,78,0.010000,11872
18355,11,87,0.010000,11873
18356,8,70,0.010000,11873
18357,13,93,0.010000,11873
18358,14,94,0.010000,11873
18359,15,142,0.010000,11873
18360,16,130,0.010000,11873
18361,22,158,0.010000,11873
18362,4,18,0.010000,11873
18363,7,54,0.010000,11874
18364,9,84,0.010000,11874
18365,16,131,0.010000,11874
18366,13,120,0.010000,11874
18367,11,92,0.010000,11874
18368,15,91,0.010000,11874
18369,18,135,0.010000,11875
18370,20,190,0.010000,11876
18371,12,99,0.010000,11876
18372,10,94,0.010000,11876
18373,16,148,0.010000,11876
18374,17,126,0.010000,11876
18375,13,97,0.010000,11876
18376,21,171,0.010000,11877
18377,4,32,0.010000,11877
18378,15,134,0.010000,11877
18379,16,151,0.010000,11877
18380,11,101,0.010000,11878
18381,15,112,0.010000,11880
18382,15,124,0.010000,11880
18383,16,124,0.010000,11880
18384,15,111,0.010000,11881
18385,20,144,0.010000,11882
18386,21,177,0.010000,11882
18387,22,133,0.010000,11883
18388,15,117,0.010000,11884
18389,22,163,0.010000,11884
18390,10,45,0.010000,11885
18391,19,152,0.010000,11886
18392,14,112,0.010000,11886
18393,20,158,0.010000,11886
18394,15,124,0.010000,11886
18395,11,96,0.010000,11886
18396,12,89,0.010000,11886
18397,19,175,0.010000,11886
18398,16,109,0.010000,11886
18399,8,86,0.010000,11886
18400,25,175,0.010000,11886
18401,16,119,0.010000,11886
18402,22,196,0.010000,11886
18403,14,110,0.010000,11886
18404,18,139,0.010000,11887
18405,5,44,0.010000,11887
18406,17,155,0.010000,11887
18407,5,41,0.010000,11887
18408,17,146,0.010000,11887
18409,20,184,0.010000,11887
18410,10,90,0.010000,11888
18411,15,113,0.010000,11888
18412,30,248,0.010000,11888
18413,11,71,0.010000,11888
18414,21,167,0.010000,11889
18415,7,55,0.010000,11889
18416,17,138,0.010000,11889
18417,13,124,0.010000,11889
18418,15,128,0.010000,11889
18419,23,200,0.010000,11890
18420,7,58,0.010000,11890
18421,10,65,0.010000,11890
18422,8,51,0.010000,11890
18423,25,192,0.010000,11891
18424,9,56,0.010000,11891
18425,22,167,0.010000,11892
18426,16,134,0.010000,11892
18427,17,141,0.010000,11892
18428,12,105,0.010000,11892
18429,20,159,0.010000,11892
18430,0,6,0.010000,11892
18431,15,115,0.010000,11892
18432,5,33,0.010000,11892
18433,15,104,0.010000,11892
18434,10,68,0.010000,11892
18435,14,118,0.010000,11892
18436,21,185,0.010000,11893
18437,27,233,0.010000,11893
18438,8,55,0.010000,11893
18439,13,97,0.010000,11893
18440,24,189,0.010000,11893
18441,11,102,0.010000,11893
18442,19,118,0.010000,11893
18443,16,125,0.010000,11894
18444,18,186,0.010000,11894
18445,9,78,0.010000,11895
18446,14,97,0.010000,11895
18447,17,145,0.010000,11895
18448,21,188,0.010000,11895
18449,6,42,0.010000,11895
18450,13,104,0.010000,11895
18451,6,57,0.010000,11895
18452,21,161,0.010000,11895
18453,17,148,0.010000,11895
18454,21,171,0.010000,11895
18455,6,52,0.010000,11895
18456,13,87,0.010000,11895
18457,23,151,0.010000,11895
18458,18,148,0.010000,11895
18459,24,203,0.010000,11895
18460,20,188,0.010000,11896
18461,21,181,0.010000,11896
18462,25,226,0.010000,11896
18463,15,131,0.010000,11896
18464,10,77,0.010000,11897
18465,29,288,0.010000,11897
18466,12,84,0.010000,11897
18467,13,94,0.010000,11897
18468,15,129,0.010000,11897
18469,14,121,0.010000,11897
18470,14,119,0.010000,11897
18471,25,211,0.010000,11898
18472,24,240,0.010000,11899
18473,32,265,0.010000,11899
18474,21,150,0.010000,11900
18475,15,126,0.010000,11900
18476,0,5,0.010000,11900
18477,12,93,0.010000,11900
18478,13,100,0.010000,11900
18479,13,135,0.010000,11900
18480,11,97,0.010000,11900
18481,17,133,0.010000,11900
18482,13,111,0.010000,11900
18483,14,93,0.010000,11900
18484,14,107,0.010000,11900
18485,14,122,0.010000,11900
18486,22,166,0.010000,11900
18487,13,100,0.010000,11900
18488,27,216,0.010000,11900
18489,14,94,0.010000,11902
18490,26,203,0.010000,11902
18491,17,147,0.010000,11902
18492,17,130,0.010000,11903
18493,8,53,0.010000,11903
18494,24,204,0.010000,11904
18495,21,162,0.010000,11904
18496,17,147,0.010000,11904
18497,13,89,0.010000,11904
18498,8,47,0.010000,11904
18499,7,56,0.010000,11904
18500,8,62,0.010000,11904
18501,6,64,0.010000,11904
18502,19,153,0.010000,11904
18503,17,134,0.010000,11904
18504,6,53,0.010000,11904
18505,20,162,0.010000,11904
18506,17,133,0.010000,11904
18507,17,162,0.010000,11905
18508,19,137,0.010000,11905
18509,15,118,0.010000,11905
18510,15,98,0.010000,11906
18511,21,179,0.010000,11906
18512,15,132,0.010000,11907
18513,15,119,0.010000,11908
18514,18,173,0.010000,11909
18515,17,118,0.010000,11909
18516,25,209,0.010000,11909
18517,26,232,0.010000,11909
18518,15,128,0.010000,11909
18519,14,93,0.010000,11909
18520,8,58,0.010000,11909
18521,14,96,0.010000,11909
18522,15,114,0.010000,11909
18523,18,157,0.010000,11909
18524,11,88,0.010000,11910
18525,26,218,0.010000,11910
18526,18,136,0.010000,11910
18527,16,142,0.010000,11910
18528,6,42,0.010000,11911
18529,15,131,0.010000,11912
18530,11,93,0.010000,11912
18531,8,75,0.010000,11912
18532,9,66,0.010000,11912
18533,13,119,0.010000,11913
18534,12,86,0.010000,11913
18535,11,95,0.010000,11913
18536,15,111,0.010000,11913
18537,14,115,0.010000,11913
18538,17,106,0.010000,11914
18539,12,83,0.010000,11914
18540,9,60,0.010000,11914
18541,8,81,0.010000,11914
18542,19,166,0.010000,11914
18543,22,155,0.010000,11914
18544,16,108,0.010000,11914
18545,13,91,0.010000,11914
18546,5,33,0.010000,11914
18547,7,61,0.010000,11914
18548,21,164,0.010000,11914
18549,1,10,0.010000,11914
18550,11,115,0.010000,11914
18551,17,118,0.010000,11914
18552,20,154,0.010000,11914
18553,8,63,0.010000,11914
18554,15,110,0.010000,11914
18555,10,71,0.010000,11914
18556,9,63,0.010000,11915
18557,6,28,0.010000,11915
18558,0,5,0.010000,11915
18559,14,112,0.010000,11915
18560,3,27,0.010000,11915
18561,23,180,0.010000,11917
18562,10,95,0.010000,11917
18563,18,154,0.010000,11918
18564,15,116,0.010000,11918
18565,19,149,0.010000,11918
18566,14,140,0.010000,11918
18567,16,106,0.010000,11919
18568,20,137,0.010000,11920
18569,14,115,0.010000,11920
18570,15,130,0.010000,11920
18571,11,85,0.010000,11920
18572,8,56,0.010000,11920
18573,10,70,0.010000,11920
18574,15,106,0.010000,11920
18575,18,190,0.010000,11920
18576,6,34,0.010000,11920
18577,9,59,0.010000,11920
18578,13,85,0.010000,11920
18579,14,110,0.010000,11920
18580,25,207,0.010000,11921
18581,17,185,0.010000,11921
18582,19,143,0.010000,11921
18583,12,94,0.010000,11921
18584,13,114,0.010000,11921
18585,18,157,0.010000,11922
18586,14,113,0.010000,11922
18587,15,139,0.010000,11922
18588,21,160,0.010000,11922
18589,16,142,0.010000,11922
18590,18,156,0.010000,11922
18591,3,21,0.010000,11922
18592,14,101,0.010000,11922
18593,16,132,0.010000,11922
18594,15,113,0.010000,11922
18595,13,127,0.010000,11922
18596,16,109,0.010000,11922
18597,22,209,0.010000,11922
18598,13,95,0.010000,11923
18599,25,190,0.010000,11923
18600,7,71,0.010000,11923
18601,15,137,0.010000,11923
18602,22,229,0.010000,11923
18603,22,182,0.010000,11923
18604,11,107,0.010000,11923
18605,7,43,0.010000,11923
18606,10,104,0.010000,11924
18607,14,141,0.010000,11924
18608,13,90,0.010000,11924
18609,11,95,0.010000,11924
18610,17,124,0.010000,11924
18611,6,32,0.010000,11925
18612,19,154,0.010000,11925
18613,15,107,0.010000,11926
18614,23,211,0.010000,11926
18615,8,33,0.010000,11926
18616,19,147,0.010000,11926
18617,13,102,0.010000,11926
18618,8,69,0.010000,11926
18619,20,165,0.010000,11926
18620,11,91,0.010000,11926
18621,23,233,0.010000,11926
18622,13,104,0.010000,11926
18623,24,245,0.010000,11926
18624,11,91,0.010000,11926
18625,18,175,0.010000,11926
18626,14,130,0.010000,11926
18627,15,144,0.010000,11926
18628,6,32,0.010000,11927
18629,10,80,0.010000,11927
18630,16,138,0.010000,11927
18631,13,99,0.010000,11927
18632,23,235,0.010000,11927
18633,21,188,0.010000,11927
18634,13,123,0.010000,11927
18635,20,173,0.010000,11927
18636,21,184,0.010000,11927
18637,19,159,0.010000,11927
18638,6,28,0.010000,11927
18639,20,172,0.010000,11927
18640,18,127,0.010000,11927
18641,16,146,0.010000,11928
18642,19,180,0.010000,11928
18643,14,128,0.010000,11928
18644,19,153,0.010000,11928
18645,13,123,0.010000,11928
18646,24,196,0.010000,11928
18647,25,223,0.010000,11930
18648,15,141,0.010000,11930
18649,15,123,0.010000,11931
18650,12,112,0.010000,11931
18651,13,98,0.010000,11931
18652,17,132,0.010000,11931
18653,20,194,0.010000,11931
18654,24,200,0.010000,11932
18655,19,139,0.010000,11933
18656,27,251,0.010000,11933
18657,18,138,0.010000,11933
18658,7,58,0.010000,11933
18659,10,77,0.010000,11933
18660,13,104,0.010000,11933
18661,21,187,0.010000,11933
18662,12,68,0.010000,11933
18663,11,85,0.010000,11933
18664,18,127,0.010000,11933
18665,10,68,0.010000,11933
18666,18,154,0.010000,11934
18667,13,87,0.010000,11934
18668,23,185,0.010000,11934
18669,15,136,0.010000,11935
18670,22,144,0.010000,11935
18671,22,180,0.010000,11935
18672,25,188,0.010000,11935
18673,20,170,0.010000,11935
18674,17,121,0.010000,11935
18675,12,95,0.010000,11935
18676,14,123,0.010000,11935
18677,14,107,0.010000,11935
18678,7,52,0.010000,11935
18679,4,24,0.010000,11935
18680,16,146,0.010000,11935
18681,12,108,0.010000,11936
18682,8,70,0.010000,11936
18683,21,156,0.010000,11937
18684,13,89,0.010000,11937
18685,13,101,0.010000,11937
18686,5,39,0.010000,11937
18687,5,49,0.010000,11937
18688,17,151,0.010000,11937
18689,15,105,0.010000,11937
18690,14,130,0.010000,11937
18691,7,53,0.010000,11937
18692,29,211,0.010000,11937
18693,15,110,0.010000,11937
18694,14,113,0.010000,11937
18695,21,182,0.010000,11937
18696,16,140,0.010000,11938
18697,17,155,0.010000,11938
18698,17,114,0.010000,11938
18699,17,126,0.010000,11938
18700,16,143,0.010000,11939
18701,12,105,0.010000,11939
18702,19,154,0.010000,11940
18703,17,154,0.010000,11940
18704,22,182,0.010000,11941
18705,11,79,0.010000,11941
18706,12,111,0.010000,11941
18707,11,64,0.010000,11941
18708,13,109,0.010000,11941
18709,11,90,0.010000,11941
18710,12,110,0.010000,11941
18711,22,189,0.010000,11941
18712,8,67,0.010000,11941
18713,3,8,0.010000,11941
18714,14,121,0.010000,11941
18715,8,62,0.010000,11941
18716,18,120,0.010000,11941
18717,18,142,0.010000,11941
18718,16,136,0.010000,11941
18719,14,113,0.010000,11942
18720,20,169,0.010000,11943
18721,17,142,0.010000,11943
18722,12,86,0.010000,11943
18723,11,100,0.010000,11943
18724,16,134,0.010000,11943
18725,10,78,0.010000,11944
18726,8,49,0.010000,11944
18727,7,41,0.010000,11944
18728,22,195,0.010000,11944
18729,18,118,0.010000,11944
18730,22,211,0.010000,11944
18731,14,135,0.010000,11944
18732,17,106,0.010000,11945
18733,19,171,0.010000,11945
18734,22,162,0.010000,11945
18735,7,67,0.010000,11945
18736,22,144,0.010000,11945
18737,15,93,0.010000,11945
18738,18,147,0.010000,11945
18739,19,161,0.010000,11945
18740,13,112,0.010000,11945
18741,15,121,0.010000,11945
18742,12,79,0.010000,11945
18743,18,126,0.010000,11945
18744,23,181,0.010000,11945
18745,16,111,0.010000,11945
18746,14,97,0.010000,11945
18747,12,65,0.010000,11945
18748,3,24,0.010000,11945
18749,13,113,0.010000,11945
18750,10,96,0.010000,11945
18751,2,13,0.010000,11945
18752,16,129,0.010000,11945
18753,13,115,0.010000,11946
18754,10,81,0.010000,11946
18755,13,94,0.010000,11947
18756,9,67,0.010000,11947
18757,22,213,0.010000,11947
18758,8,50,0.010000,11947
18759,18,198,0.010000,11947
18760,14,112,0.010000,11947
18761,9,86,0.010000,11947
18762,11,84,0.010000,11947
18763,26,232,0.010000,11947
18764,10,63,0.010000,11948
18765,16,117,0.010000,11949
18766,13,92,0.010000,11949
18767,6,41,0.010000,11949
18768,14,102,0.010000,11949
18769,23,217,0.010000,11949
18770,13,110,0.010000,11949
18771,17,176,0.010000,11949
18772,16,112,0.010000,11949
18773,19,175,0.010000,11949
18774,6,39,0.010000,11949
18775,19,123,0.010000,11949
18776,18,144,0.010000,11950
18777,17,128,0.010000,11950
18778,10,58,0.010000,11950
18779,14,119,0.010000,11950
18780,14,119,0.010000,11950
18781,7,53,0.010000,11951
18782,26,201,0.010000,11951
18783,15,117,0.010000,11952
18784,21,197,0.010000,11953
18785,18,147,0.010000,11954
18786,5,45,0.010000,11954
18787,4,27,0.010000,11954
18788,11,80,0.010000,11956
18789,28,259,0.010000,11956
18790,14,97,0.010000,11956
18791,18,132,0.010000,11956
18792,7,28,0.010000,11956
18793,18,146,0.010000,11957
18794,11,82,0.010000,11957
18795,13,107,0.010000,11957
18796,8,70,0.010000,11957
18797,11,81,0.010000,11957
18798,5,36,0.010000,11957
18799,18,181,0.010000,11957
18800,9,61,0.010000,11957
18801,11,98,0.010000,11957
18802,22,168,0.010000,11957
18803,26,162,0.010000,11957
18804,10,75,0.010000,11957
18805,27,199,0.010000,11957
18806,9,95,0.010000,11957
18807,24,222,0.010000,11957
18808,6,39,0.010000,11957
18809,17,137,0.010000,11958
18810,13,91,0.010000,11958
18811,26,207,0.010000,11958
18812,21,190,0.010000,11958
18813,16,132,0.010000,11958
18814,20,171,0.010000,11958
18815,7,33,0.010000,11959
18816,19,175,0.010000,11959
18817,25,209,0.010000,11960
18818,17,112,0.010000,11960
18819,16,142,0.010000,11961
18820,13,107,0.010000,11961
18821,9,78,0.010000,11961
18822,17,123,0.010000,11961
18823,14,88,0.010000,11961
18824,3,28,0.010000,11961
18825,24,184,0.010000,11962
18826,7,38,0.010000,11963
18827,8,73,0.010000,11963
18828,14,88,0.010000,11963
18829,22,186,0.010000,11963
18830,14,98,0.010000,11964
18831,16,93,0.010000,11965
18832,8,45,0.010000,11965
18833,23,204,0.010000,11965
18834,5,35,0.010000,11965
18835,27,234,0.010000,11965
18836,23,163,0.010000,11966
18837,8,77,0.010000,11966
18838,19,191,0.010000,11967
18839,22,168,0.010000,11967
18840,17,146,0.010000,11968
18841,13,67,0.010000,11969
18842,12,100,0.010000,11969
18843,22,213,0.010000,11969
18844,20,150,0.010000,11970
18845,17,122,0.010000,11970
18846,12,95,0.010000,11970
18847,16,115,0.010000,11971
18848,14,84,0.010000,11971
18849,19,134,0.010000,11971
18850,13,104,0.010000,11971
18851,22,195,0.010000,11971
18852,11,70,0.010000,11971
18853,13,132,0.010000,11971
18854,16,180,0.010000,11971
18855,15,108,0.010000,11971
18856,7,44,0.010000,11972
18857,24,199,0.010000,11973
18858,12,93,0.010000,11973
18859,22,219,0.010000,11973
18860,7,37,0.010000,11973
18861,18,125,0.010000,11973
18862,12,111,0.010000,11974
18863,10,67,0.010000,11974
18864,22,194,0.010000,11974
18865,7,64,0.010000,11974
18866,17,163,0.010000,11975
18867,27,281,0.010000,11975
18868,8,61,0.010000,11975
18869,12,124,0.010000,11975
18870,17,128,0.010000,11975
18871,22,178,0.010000,11975
18872,16,146,0.010000,11975
18873,11,90,0.010000,11975
18874,11,78,0.010000,11975
18875,2,19,0.010000,11975
18876,19,155,0.010000,11975
18877,12,104,0.010000,11975
18878,22,159,0.010000,11975
18879,14,115,0.010000,11976
18880,10,64,0.010000,11976
18881,17,143,0.010000,11976
18882,12,87,0.010000,11976
18883,24,226,0.010000,11977
18884,16,126,0.010000,11977
18885,13,115,0.010000,11977
18886,5,32,0.010000,11977
18887,14,120,0.010000,11977
18888,29,248,0.010000,11978
18889,7,54,0.010000,11978
18890,13,97,0.010000,11978
18891,16,159,0.010000,11978
18892,13,101,0.010000,11978
18893,6,50,0.010000,11978
18894,23,194,0.010000,11978
18895,8,57,0.010000,11978
18896,15,146,0.010000,11978
18897,15,125,0.010000,11978
18898,21,184,0.010000,11978
18899,2,27,0.010000,11978
18900,14,141,0.010000,11978
18901,15,106,0.010000,11978
18902,10,80,0.010000,11979
18903,15,120,0.010000,11979
18904,12,82,0.010000,11979
18905,4,20,0.010000,11979
18906,21,163,0.010000,11980
18907,19,148,0.010000,11980
18908,13,116,0.010000,11980
18909,12,99,0.010000,11982
18910,19,146,0.010000,11982
18911,17,159,0.010000,11982
18912,8,51,0.010000,11982
18913,6,39,0.010000,11982
18914,23,203,0.010000,11982
18915,10,74,0.010000,11982
18916,10,60,0.010000,11982
18917,7,41,0.010000,11982
18918,1,8,0.010000,11982
18919,26,223,0.010000,11982
18920,25,194,0.010000,11982
18921,29,240,0.010000,11982
18922,12,90,0.010000,11982
18923,6,60,0.010000,11982
18924,12,92,0.010000,11983
18925,10,73,0.010000,11983
18926,28,211,0.010000,11983
18927,9,70,0.010000,11983
18928,19,155,0.010000,11984
18929,19,179,0.010000,11985
18930,20,180,0.010000,11985
18931,15,107,0.010000,11986
18932,12,89,0.010000,11987
18933,20,154,0.010000,11987
18934,23,217,0.010000,11987
18935,23,171,0.010000,11987
18936,18,133,0.010000,11987
18937,13,81,0.010000,11988
18938,24,212,0.010000,11988
18939,10,69,0.010000,11988
18940,15,115,0.010000,11988
18941,12,90,0.010000,11988
18942,13,108,0.010000,11988
18943,23,167,0.010000,11988
18944,3,37,0.010000,11988
18945,21,175,0.010000,11988
18946,20,201,0.010000,11988
18947,14,125,0.010000,11988
18948,9,76,0.010000,11988
18949,13,124,0.010000,11988
18950,13,97,0.010000,11988
18951,23,182,0.010000,11988
18952,15,111,0.010000,11988
18953,18,124,0.010000,11988
18954,20,138,0.010000,11988
18955,18,156,0.010000,11988
18956,13,100,0.010000,11990
18957,15,127,0.010000,11991
18958,21,188,0.010000,11991
18959,15,130,0.010000,11991
18960,15,111,0.010000,11991
18961,23,190,0.010000,11991
18962,19,163,0.010000,11991
18963,15,120,0.010000,11991
18964,2,13,0.010000,11991
18965,22,159,0.010000,11991
18966,26,200,0.010000,11992
18967,13,139,0.010000,11992
18968,22,146,0.010000,11992
18969,16,123,0.010000,11992
18970,7,54,0.010000,11992
18971,19,169,0.010000,11992
18972,14,97,0.010000,11992
18973,6,35,0.010000,11992
18974,17,132,0.010000,11992
18975,11,102,0.010000,11992
18976,13,107,0.010000,11993
18977,22,193,0.010000,11994
18978,20,167,0.010000,11995
18979,8,44,0.010000,11995
18980,15,115,0.010000,11995
18981,9,55,0.010000,11995
18982,9,67,0.010000,11995
18983,12,102,0.010000,11995
18984,18,137,0.010000,11996
18985,17,163,0.010000,11996
18986,17,131,0.010000,11996
18987,4,39,0.010000,11996
18988,13,132,0.010000,11996
18989,15,118,0.010000,11997
18990,14,107,0.010000,11998
18991,20,170,0.010000,11998
18992,14,139,0.010000,11998
18993,12,91,0.010000,11998
18994,18,148,0.010000,11998
18995,27,220,0.010000,11998
18996,9,65,0.010000,11998
18997,18,152,0.010000,11998
18998,11,117,0.010000,11998
18999,4,28,0.010000,11998
19000,15,114,0.010000,11998
19001,27,245,0.010000,11998
19002,17,127,0.010000,11998
19003,17,168,0.010000,11998
19004,17,119,0.010000,11998
19005,23,213,0.010000,11998
19006,11,72,0.010000,11998
19007,13,100,0.010000,11998
19008,21,168,0.010000,11999
19009,14,122,0.010000,11999
19010,19,227,0.010000,11999
19011,17,152,0.010000,12000
19012,8,55,0.010000,12000
19013,16,118,0.010000,12001
19014,21,135,0.010000,12001
19015,23,180,0.010000,12001
19016,10,95,0.010000,12001
19017,15,143,0.010000,12001
19018,18,147,0.010000,12001
19019,23,186,0.010000,12001
19020,9,72,0.010000,12001
19021,5,45,0.010000,12001
19022,16,105,0.010000,12002
19023,26,230,0.010000,12002
19024,18,143,0.010000,12002
19025,8,58,0.010000,12002
19026,15,112,0.010000,12002
19027,13,92,0.010000,12002
19028,16,84,0.010000,12003
19029,17,112,0.010000,12003
19030,7,56,0.010000,12004
19031,11,80,0.010000,12004
19032,12,101,0.010000,12005
19033,23,187,0.010000,12005
19034,15,132,0.010000,12005
19035,19,158,0.010000,12005
19036,10,82,0.010000,12005
19037,15,91,0.010000,12005
19038,17,135,0.010000,12005
19039,15,110,0.010000,12006
19040,21,239,0.010000,12007
19041,11,95,0.010000,12007
19042,31,244,0.010000,12007
19043,27,232,0.010000,12007
19044,16,127,0.010000,12007
19045,5,68,0.010000,12007
19046,14,133,0.010000,12008
19047,11,92,0.010000,12008
19048,26,224,0.010000,12008
19049,17,190,0.010000,12008
19050,10,75,0.010000,12008
19051,15,130,0.010000,12009
19052,16,113,0.010000,12009
19053,11,73,0.010000,12009
19054,9,55,0.010000,12010
19055,14,109,0.010000,12010
19056,25,278,0.010000,12010
19057,16,107,0.010000,12010
19058,13,113,0.010000,12010
19059,24,166,0.010000,12010
19060,8,51,0.010000,12010
19061,12,110,0.010000,12010
19062,12,88,0.010000,12010
19063,20,194,0.010000,12010
19064,15,133,0.010000,12010
19065,27,290,0.010000,12011
19066,20,180,0.010000,12011
19067,2,20,0.010000,12011
19068,10,86,0.010000,12011
19069,11,87,0.010000,12011
19070,21,151,0.010000,12011
19071,21,199,0.010000,12011
19072,12,90,0.010000,12011
19073,13,98,0.010000,12011
19074,23,183,0.010000,12012
19075,26,184,0.010000,12012
19076,11,87,0.010000,12012
19077,12,68,0.010000,12012
19078,27,237,0.010000,12012
19079,12,77,0.010000,12012
19080,9,63,0.010000,12012
19081,24,215,0.010000,12012
19082,16,96,0.010000,12012
19083,18,134,0.010000,12012
19084,16,108,0.010000,12013
19085,9,77,0.010000,12013
19086,19,172,0.010000,12014
19087,15,126,0.010000,12014
19088,14,118,0.010000,12014
19089,10,66,0.010000,12014
19090,18,152,0.010000,12014
19091,28,274,0.010000,12014
19092,21,170,0.010000,12015
19093,12,85,0.010000,12015
19094,9,67,0.010000,12015
19095,20,164,0.010000,12017
19096,21,154,0.010000,12017
19097,8,70,0.010000,12017
19098,23,199,0.010000,12017
19099,14,120,0.010000,12017
19100,18,147,0.010000,12018
19101,23,199,0.010000,12018
19102,21,142,0.010000,12018
19103,16,155,0.010000,12019
19104,16,124,0.010000,12019
19105,20,192,0.010000,12019
19106,23,202,0.010000,12019
19107,14,103,0.010000,12019
19108,22,229,0.010000,12020
19109,8,69,0.010000,12020
19110,8,78,0.010000,12020
19111,13,126,0.010000,12020
19112,17,155,0.010000,12021
19113,10,73,0.010000,12021
19114,26,211,0.010000,12022
19115,10,94,0.010000,12022
19116,22,200,0.010000,12022
19117,27,218,0.010000,12022
19118,9,76,0.010000,12023
19119,9,90,0.010000,12023
19120,17,161,0.010000,12023
19121,12,96,0.010000,12023
19122,15,110,0.010000,12023
19123,24,252,0.010000,12024
19124,14,119,0.010000,12024
19125,5,25,0.010000,12024
19126,8,64,0.010000,12024
19127,15,121,0.010000,12025
19128,7,50,0.010000,12025
19129,8,59,0.010000,12025
19130,17,122,0.010000,12025
19131,25,246,0.010000,12026
19132,13,144,0.010000,12028
19133,20,168,0.010000,12028
19134,19,193,0.010000,12028
19135,11,78,0.010000,12028
19136,20,173,0.010000,12028
19137,18,164,0.010000,12029
19138,8,60,0.010000,12029
19139,14,104,0.010000,12029
19140,15,152,0.010000,12029
19141,20,155,0.010000,12029
19142,16,123,0.010000,12029
19143,13,104,0.010000,12029
19144,10,77,0.010000,12029
19145,18,133,0.010000,12029
19146,19,161,0.010000,12029
19147,10,85,0.010000,12029
19148,21,177,0.010000,12029
19149,18,127,0.010000,12029
19150,15,151,0.010000,12029
19151,16,151,0.010000,12029
19152,20,206,0.010000,12030
19153,15,97,0.010000,12030
19154,12,73,0.010000,12032
19155,13,112,0.010000,12032
19156,27,221,0.010000,12033
19157,16,139,0.010000,12033
19158,12,101,0.010000,12033
19159,14,125,0.010000,12034
19160,24,202,0.010000,12034
19161,11,89,0.010000,12034
19162,12,91,0.010000,12035
19163,6,39,0.010000,12036
19164,14,115,0.010000,12036
19165,14,99,0.010000,12036
19166,12,87,0.010000,12036
19167,31,266,0.010000,12036
19168,12,85,0.010000,12036
19169,12,92,0.010000,12037
19170,21,154,0.010000,12037
19171,11,113,0.010000,12037
19172,13,93,0.010000,12037
19173,16,90,0.010000,12037
19174,7,56,0.010000,12037
19175,20,162,0.010000,12037
19176,11,73,0.010000,12037
19177,18,159,0.010000,12037
19178,1,14,0.010000,12037
19179,22,218,0.010000,12038
19180,8,57,0.010000,12038
19181,11,63,0.010000,12038
19182,14,114,0.010000,12038
19183,23,224,0.010000,12038
19184,25,206,0.010000,12038
19185,11,65,0.010000,12038
19186,5,48,0.010000,12038
19187,14,127,0.010000,12039
19188,10,80,0.010000,12039
19189,10,63,0.010000,12039
19190,15,110,0.010000,12039
19191,19,160,0.010000,12039
19192,12,103,0.010000,12039
19193,17,125,0.010000,12039
19194,19,163,0.010000,12039
19195,8,67,0.010000,12039
19196,20,166,0.010000,12039
19197,7,62,0.010000,12039
19198,2,17,0.010000,12039
19199,16,151,0.010000,12039
19200,16,110,0.010000,12039
19201,17,107,0.010000,12039
19202,21,201,0.010000,12039
19203,3,25,0.010000,12039
19204,9,71,0.010000,12039
19205,3,25,0.010000,12039
19206,5,46,0.010000,12039
19207,11,93,0.010000,12039
19208,12,105,0.010000,12039
19209,18,142,0.010000,12039
19210,19,129,0.010000,12040
19211,15,132,0.010000,12040
19212,24,206,0.010000,12040
19213,22,204,0.010000,12040
19214,24,210,0.010000,12041
19215,10,98,0.010000,12041
19216,10,59,0.010000,12041
19217,20,141,0.010000,12041
19218,22,209,0.010000,12042
19219,10,87,0.010000,12042
19220,14,134,0.010000,12042
19221,10,72,0.010000,12042
19222,14,112,0.010000,12042
19223,23,230,0.010000,12042
19224,20,116,0.010000,12042
19225,19,142,0.010000,12043
19226,22,150,0.010000,12043
19227,13,109,0.010000,12043
19228,22,190,0.010000,12044
19229,24,192,0.010000,12044
19230,22,178,0.010000,12044
19231,24,183,0.010000,12044
19232,12,103,0.010000,12044
19233,7,48,0.010000,12044
19234,10,93,0.010000,12044
19235,28,218,0.010000,12044
19236,17,127,0.010000,12044
19237,17,133,0.010000,12044
19238,15,138,0.010000,12044
19239,23,170,0.010000,12044
19240,12,102,0.010000,12044
19241,25,189,0.010000,12044
19242,7,62,0.010000,12044
19243,11,103,0.010000,12045
19244,20,185,0.010000,12045
19245,22,202,0.010000,12046
19246,13,82,0.010000,12046
19247,27,247,0.010000,12047
19248,9,63,0.010000,12048
19249,23,178,0.010000,12048
19250,16,146,0.010000,12049
19251,22,207,0.010000,12049
19252,17,142,0.010000,12049
19253,23,204,0.010000,12049
19254,15,121,0.010000,12049
19255,17,187,0.010000,12049
19256,5,26,0.010000,12049
19257,17,158,0.010000,12049
19258,13,91,0.010000,12050
19259,11,99,0.010000,12051
19260,23,214,0.010000,12051
19261,15,139,0.010000,12051
19262,10,68,0.010000,12051
19263,20,172,0.010000,12051
19264,19,141,0.010000,12051
19265,15,132,0.010000,12051
19266,9,70,0.010000,12051
19267,11,88,0.010000,12051
19268,10,82,0.010000,12051
19269,12,108,0.010000,12052
19270,14,113,0.010000,12052
19271,18,111,0.010000,12052
19272,26,259,0.010000,12052
19273,21,141,0.010000,12052
19274,20,190,0.010000,12052
19275,16,134,0.010000,12052
19276,9,76,0.010000,12052
19277,6,46,0.010000,12052
19278,9,54,0.010000,12052
19279,34,279,0.010000,12052
19280,13,119,0.010000,12052
19281,16,149,0.010000,12052
19282,14,114,0.010000,12052
19283,15,129,0.010000,12052
19284,10,94,0.010000,12052
19285,5,42,0.010000,12052
19286,11,87,0.010000,12052
19287,18,149,0.010000,12052
19288,14,108,0.010000,12052
19289,18,145,0.010000,12052
19290,14,123,0.010000,12052
19291,21,165,0.010000,12052
19292,16,145,0.010000,12052
19293,19,152,0.010000,12052
19294,2,16,0.010000,12052
19295,14,102,0.010000,12052
19296,13,95,0.010000,12053
19297,20,169,0.010000,12053
19298,18,145,0.010000,12053
19299,19,155,0.010000,12053
19300,16,110,0.010000,12054
19301,16,138,0.010000,12055
19302,12,83,0.010000,12055
19303,8,65,0.010000,12055
19304,20,178,0.010000,12055
19305,13,114,0.010000,12055
19306,10,98,0.010000,12055
19307,20,187,0.010000,12055
19308,16,140,0.010000,12055
19309,19,150,0.010000,12055
19310,21,146,0.010000,12056
19311,16,124,0.010000,12056
19312,11,96,0.010000,12056
19313,9,77,0.010000,12056
19314,13,83,0.010000,12056
19315,20,190,0.010000,12057
19316,13,125,0.010000,12057
19317,29,254,0.010000,12057
19318,9,58,0.010000,12057
19319,14,126,0.010000,12057
19320,15,133,0.010000,12057
19321,19,127,0.010000,12057
19322,10,93,0.010000,12057
19323,18,158,0.010000,12059
19324,15,101,0.010000,12059
19325,13,117,0.010000,12059
19326,14,87,0.010000,12059
19327,18,135,0.010000,12059
19328,26,207,0.010000,12059
19329,17,127,0.010000,12060
19330,11,84,0.010000,12060
19331,13,115,0.010000,12060
19332,11,83,0.010000,12060
19333,12,90,0.010000,12060
19334,14,106,0.010000,12060
19335,16,104,0.010000,12060
19336,5,30,0.010000,12060
19337,10,76,0.010000,12060
19338,14,107,0.010000,12060
19339,14,114,0.010000,12061
19340,15,128,0.010000,12061
19341,14,110,0.010000,12061
19342,19,152,0.010000,12061
19343,4,37,0.010000,12061
19344,15,151,0.010000,12061
19345,19,153,0.010000,12061
19346,13,90,0.010000,12062
19347,18,208,0.010000,12062
19348,18,158,0.010000,12062
19349,13,87,0.010000,12062
19350,19,168,0.010000,12062
19351,8,49,0.010000,12063
19352,9,76,0.010000,12063
19353,4,23,0.010000,12063
19354,12,93,0.010000,12063
19355,17,122,0.010000,12063
19356,11,90,0.010000,12064
19357,13,97,0.010000,12064
19358,26,202,0.010000,12064
19359,28,248,0.010000,12064
19360,21,198,0.010000,12065
19361,1,9,0.010000,12065
19362,9,64,0.010000,12065
19363,17,134,0.010000,12065
19364,14,116,0.010000,12065
19365,9,73,0.010000,12065
19366,16,136,0.010000,12065
19367,18,140,0.010000,12065
19368,10,71,0.010000,12066
19369,20,132,0.010000,12066
19370,21,164,0.010000,12066
19371,18,152,0.010000,12067
19372,20,188,0.010000,12067
19373,19,133,0.010000,12067
19374,8,66,0.010000,12067
19375,7,63,0.010000,12067
19376,8,70,0.010000,12067
19377,17,180,0.010000,12067
19378,17,154,0.010000,12068
19379,22,231,0.010000,12068
19380,19,150,0.010000,12068
19381,12,107,0.010000,12068
19382,25,225,0.010000,12070
19383,23,195,0.010000,12070
19384,21,174,0.010000,12070
19385,8,62,0.010000,12070
19386,17,123,0.010000,12071
19387,18,178,0.010000,12071
19388,11,109,0.010000,12071
19389,22,219,0.010000,12072
19390,7,56,0.010000,12072
19391,12,85,0.010000,12073
19392,18,158,0.010000,12073
19393,16,130,0.010000,12073
19394,15,110,0.010000,12073
19395,20,158,0.010000,12073
19396,25,208,0.010000,12073
19397,20,179,0.010000,12073
19398,18,117,0.010000,12073
19399,10,79,0.010000,12073
19400,6,45,0.010000,12073
19401,12,80,0.010000,12074
19402,23,208,0.010000,12075
19403,11,67,0.010000,12075
19404,6,55,0.010000,12075
19405,12,94,0.010000,12075
19406,17,135,0.010000,12075
19407,12,99,0.010000,12075
19408,22,172,0.010000,12075
19409,24,169,0.010000,12075
19410,8,67,0.010000,12075
19411,22,179,0.010000,12075
19412,27,179,0.010000,12075
19413,17,168,0.010000,12075
19414,20,173,0.010000,12075
19415,12,91,0.010000,12075
19416,20,144,0.010000,12076
19417,16,112,0.010000,12076
19418,6,37,0.010000,12076
19419,17,141,0.010000,12076
19420,21,200,0.010000,12077
19421,16,156,0.010000,12077
19422,12,121,0.010000,12078
19423,16,131,0.010000,12078
19424,8,75,0.010000,12078
19425,16,159,0.010000,12078
19426,22,200,0.010000,12080
19427,19,167,0.010000,12080
19428,13,117,0.010000,12080
19429,8,47,0.010000,12080
19430,19,132,0.010000,12080
19431,0,6,0.010000,12080
19432,9,92,0.010000,12080
19433,6,31,0.010000,12081
19434,26,244,0.010000,12082
19435,14,84,0.010000,12082
19436,10,89,0.010000,12082
19437,18,151,0.010000,12082
19438,20,158,0.010000,12082
19439,14,115,0.010000,12082
19440,14,111,0.010000,12082
19441,18,125,0.010000,12082
19442,14,93,0.010000,12082
19443,21,205,0.010000,12082
19444,9,59,0.010000,12082
19445,14,108,0.010000,12082
19446,21,203,0.010000,12082
19447,19,191,0.010000,12083
19448,7,41,0.010000,12084
19449,16,137,0.010000,12084
19450,16,128,0.010000,12084
19451,18,196,0.010000,12084
19452,13,94,0.010000,12084
19453,18,163,0.010000,12084
19454,19,148,0.010000,12084
19455,15,115,0.010000,12085
19456,7,31,0.010000,12086
19457,10,81,0.010000,12087
19458,14,88,0.010000,12087
19459,13,86,0.010000,12087
19460,14,112,0.010000,12087
19461,18,114,0.010000,12087
19462,10,65,0.010000,12087
19463,26,207,0.010000,12087
19464,19,139,0.010000,12088
19465,18,207,0.010000,12088
19466,8,50,0.010000,12088
19467,22,189,0.010000,12088
19468,28,236,0.010000,12088
19469,7,51,0.010000,12088
19470,21,216,0.010000,12089
19471,20,170,0.010000,12089
19472,21,168,0.010000,12089
19473,9,63,0.010000,12089
19474,16,121,0.010000,12089
19475,16,147,0.010000,12089
19476,15,139,0.010000,12089
19477,11,59,0.010000,12089
19478,11,108,0.010000,12089
19479,19,189,0.010000,12089
19480,22,184,0.010000,12089
19481,11,87,0.010000,12089
19482,16,150,0.010000,12089
19483,8,57,0.010000,12089
19484,12,100,0.010000,12089
19485,12,82,0.010000,12090
19486,17,115,0.010000,12090
19487,21,185,0.010000,12090
19488,11,72,0.010000,12090
19489,19,146,0.010000,12090
19490,14,108,0.010000,12090
19491,17,170,0.010000,12090
19492,19,150,0.010000,12090
19493,16,125,0.010000,12090
19494,14,112,0.010000,12090
19495,13,92,0.010000,12090
19496,9,87,0.010000,12090
19497,22,148,0.010000,12090
19498,23,192,0.010000,12090
19499,14,111,0.010000,12090
19500,13,122,0.010000,12090
19501,26,178,0.010000,12090
19502,15,134,0.010000,12091
19503,9,66,0.010000,12091
19504,20,162,0.010000,12091
19505,15,127,0.010000,12091
19506,17,157,0.010000,12091
19507,6,35,0.010000,12091
19508,12,78,0.010000,12091
19509,21,201,0.010000,12091
19510,16,117,0.010000,12092
19511,14,108,0.010000,12092
19512,14,99,0.010000,12092
19513,21,151,0.010000,12092
19514,21,176,0.010000,12092
19515,5,47,0.010000,12092
19516,23,213,0.010000,12093
19517,14,96,0.010000,12093
19518,18,156,0.010000,12093
19519,16,132,0.010000,12094
19520,9,68,0.010000,12094
19521,25,198,0.010000,12096
19522,26,226,0.010000,12097
19523,15,133,0.010000,12097
19524,19,159,0.010000,12097
19525,22,159,0.010000,12097
19526,17,144,0.010000,12098
19527,19,182,0.010000,12098
19528,18,136,0.010000,12098
19529,19,151,0.010000,12098
19530,19,120,0.010000,12098
19531,18,133,0.010000,12098
19532,10,70,0.010000,12098
19533,25,195,0.010000,12098
19534,22,160,0.010000,12098
19535,13,105,0.010000,12098
19536,11,81,0.010000,12098
19537,15,113,0.010000,12098
19538,21,176,0.010000,12099
19539,15,137,0.010000,12099
19540,9,71,0.010000,12099
19541,3,23,0.010000,12099
19542,4,27,0.010000,12099
19543,19,167,0.010000,12099
19544,22,199,0.010000,12099
19545,16,120,0.010000,12099
19546,9,89,0.010000,12099
19547,18,135,0.010000,12099
19548,16,124,0.010000,12099
19549,17,115,0.010000,12099
19550,16,119,0.010000,12099
19551,19,149,0.010000,12099
19552,13,84,0.010000,12099
19553,23,231,0.010000,12099
19554,24,200,0.010000,12099
19555,15,108,0.010000,12100
19556,15,155,0.010000,12101
19557,11,83,0.010000,12101
19558,22,202,0.010000,12101
19559,13,126,0.010000,12101
19560,9,56,0.010000,12101
19561,19,190,0.010000,12101
19562,16,110,0.010000,12102
19563,20,144,0.010000,12103
19564,16,105,0.010000,12104
19565,15,137,0.010000,12105
19566,29,234,0.010000,12105
19567,23,204,0.010000,12105
19568,15,124,0.010000,12105
19569,17,138,0.010000,12105
19570,10,83,0.010000,12105
19571,25,210,0.010000,12106
19572,25,203,0.010000,12106
19573,4,32,0.010000,12106
19574,13,115,0.010000,12107
19575,28,217,0.010000,12108
19576,16,114,0.010000,12108
19577,14,107,0.010000,12108
19578,12,86,0.010000,12108
19579,20,175,0.010000,12108
19580,16,109,0.010000,12109
19581,18,140,0.010000,12109
19582,19,135,0.010000,12109
19583,18,125,0.010000,12109
19584,14,125,0.010000,12109
19585,18,165,0.010000,12109
19586,6,44,0.010000,12109
19587,17,113,0.010000,12109
19588,19,145,0.010000,12109
19589,3,25,0.010000,12109
19590,20,150,0.010000,12110
19591,10,59,0.010000,12111
19592,5,38,0.010000,12111
19593,8,59,0.010000,12111
19594,17,155,0.010000,12111
19595,22,200,0.010000,12111
19596,0,10,0.010000,12111
19597,21,152,0.010000,12111
19598,16,137,0.010000,12111
19599,24,170,0.010000,12111
19600,7,35,0.010000,12111
19601,15,113,0.010000,12111
19602,10,71,0.010000,12111
19603,5,27,0.010000,12112
19604,2,6,0.010000,12112
19605,10,42,0.010000,12112
19606,14,117,0.010000,12112
19607,23,182,0.010000,12112
19608,20,162,0.010000,12113
19609,9,67,0.010000,12113
19610,19,169,0.010000,12113
19611,19,139,0.010000,12113
19612,16,137,0.010000,12113
19613,9,79,0.010000,12114
19614,17,143,0.010000,12114
19615,5,32,0.010000,12114
19616,15,135,0.010000,12114
19617,12,140,0.010000,12114
19618,18,152,0.010000,12115
19619,19,174,0.010000,12115
19620,16,128,0.010000,12115
19621,10,79,0.010000,12115
19622,17,137,0.010000,12116
19623,10,66,0.010000,12116
19624,26,210,0.010000,12116
19625,14,109,0.010000,12116
19626,14,102,0.010000,12116
19627,18,144,0.010000,12117
19628,19,154,0.010000,12117
19629,22,157,0.010000,12117
19630,15,120,0.010000,12117
19631,17,130,0.010000,12117
19632,27,220,0.010000,12117
19633,12,93,0.010000,12117
19634,26,277,0.010000,12117
19635,19,175,0.010000,12118
19636,13,88,0.010000,12118
19637,6,43,0.010000,12118
19638,23,192,0.010000,12118
19639,8,50,0.010000,12118
19640,29,226,0.010000,12118
19641,14,99,0.010000,12118
19642,7,35,0.010000,12118
19643,9,69,0.010000,12118
19644,12,125,0.010000,12118
19645,11,78,0.010000,12118
19646,14,135,0.010000,12118
19647,16,90,0.010000,12118
19648,19,132,0.010000,12118
19649,15,130,0.010000,12118
19650,13,104,0.010000,12118
19651,10,64,0.010000,12118
19652,15,170,0.010000,12118
19653,3,17,0.010000,12118
19654,20,178,0.010000,12118
19655,14,114,0.010000,12118
19656,10,74,0.010000,12118
19657,6,71,0.010000,12118
19658,22,194,0.010000,12118
19659,17,132,0.010000,12118
19660,13,93,0.010000,12118
19661,16,126,0.010000,12119
19662,24,218,0.010000,12119
19663,11,102,0.010000,12120
19664,20,177,0.010000,12121
19665,11,85,0.010000,12121
19666,8,78,0.010000,12121
19667,19,132,0.010000,12121
19668,14,104,0.010000,12121
19669,16,114,0.010000,12121
19670,18,166,0.010000,12121
19671,12,101,0.010000,12121
19672,7,43,0.010000,12121
19673,15,98,0.010000,12121
19674,25,216,0.010000,12121
19675,13,108,0.010000,12121
19676,20,185,0.010000,12122
19677,2,12,0.010000,12122
19678,15,118,0.010000,12122
19679,15,120,0.010000,12122
19680,10,81,0.010000,12122
19681,18,145,0.010000,12122
19682,13,110,0.010000,12122
19683,19,155,0.010000,12122
19684,23,205,0.010000,12122
19685,12,96,0.010000,12122
19686,14,127,0.010000,12122
19687,18,132,0.010000,12122
19688,21,183,0.010000,12123
19689,20,206,0.010000,12124
19690,11,74,0.010000,12124
19691,25,246,0.010000,12125
19692,30,215,0.010000,12125
19693,14,135,0.010000,12125
19694,6,56,0.010000,12125
19695,16,165,0.010000,12126
19696,21,168,0.010000,12126
19697,16,116,0.010000,12126
19698,5,45,0.010000,12126
19699,23,173,0.010000,12126
19700,19,183,0.010000,12126
19701,15,150,0.010000,12126
19702,12,96,0.010000,12126
19703,15,117,0.010000,12126
19704,17,118,0.010000,12126
19705,15,117,0.010000,12126
19706,15,128,0.010000,12127
19707,9,86,0.010000,12127
19708,9,75,0.010000,12127
19709,10,75,0.010000,12127
19710,12,97,0.010000,12127
19711,13,126,0.010000,12127
19712,16,132,0.010000,12127
19713,21,175,0.010000,12127
19714,13,83,0.010000,12128
19715,11,70,0.010000,12128
19716,21,167,0.010000,12128
19717,21,176,0.010000,12128
19718,17,141,0.010000,12128
19719,15,140,0.010000,12128
19720,6,45,0.010000,12128
19721,10,84,0.010000,12128
19722,4,23,0.010000,12128
19723,16,107,0.010000,12128
19724,8,69,0.010000,12129
19725,16,120,0.010000,12129
19726,25,227,0.010000,12131
19727,17,162,0.010000,12131
19728,21,155,0.010000,12131
19729,11,109,0.010000,12131
19730,8,49,0.010000,12131
19731,13,92,0.010000,12131
19732,25,188,0.010000,12131
19733,14,110,0.010000,12131
19734,19,147,0.010000,12132
19735,12,105,0.010000,12132
19736,7,52,0.010000,12132
19737,7,80,0.010000,12132
19738,16,141,0.010000,12132
19739,19,151,0.010000,12132
19740,6,54,0.010000,12132
19741,16,123,0.010000,12132
19742,21,176,0.010000,12132
19743,14,123,0.010000,12132
19744,12,91,0.010000,12132
19745,14,125,0.010000,12132
19746,18,153,0.010000,12132
19747,21,156,0.010000,12133
19748,14,95,0.010000,12133
19749,5,39,0.010000,12133
19750,21,190,0.010000,12133
19751,10,81,0.010000,12133
19752,8,46,0.010000,12134
19753,14,109,0.010000,12134
19754,20,122,0.010000,12134
19755,19,184,0.010000,12134
19756,10,92,0.010000,12134
19757,24,233,0.010000,12134
19758,20,183,0.010000,12134
19759,7,30,0.010000,12134
19760,18,113,0.010000,12134
19761,20,206,0.010000,12134
19762,19,150,0.010000,12135
19763,9,53,0.010000,12135
19764,15,113,0.010000,12135
19765,16,132,0.010000,12135
19766,12,109,0.010000,12135
19767,32,274,0.010000,12136
19768,14,151,0.010000,12136
19769,15,157,0.010000,12136
19770,14,134,0.010000,12136
19771,14,91,0.010000,12137
19772,17,152,0.010000,12137
19773,18,177,0.010000,12137
19774,10,88,0.010000,12137
19775,15,91,0.010000,12137
19776,24,202,0.010000,12137
19777,10,81,0.010000,12137
19778,20,189,0.010000,12137
19779,22,180,0.010000,12138
19780,4,27,0.010000,12138
19781,9,76,0.010000,12138
19782,22,188,0.010000,12140
19783,21,199,0.010000,12140
19784,19,166,0.010000,12140
19785,12,91,0.010000,12140
19786,11,100,0.010000,12140
19787,21,139,0.010000,12140
19788,19,164,0.010000,12140
19789,13,90,0.010000,12140
19790,34,260,0.010000,12142
19791,16,137,0.010000,12142
19792,16,136,0.010000,12142
19793,9,55,0.010000,12142
19794,15,110,0.010000,12142
19795,13,101,0.010000,12143
19796,16,114,0.010000,12143
19797,6,45,0.010000,12143
19798,18,110,0.010000,12143
19799,12,116,0.010000,12143
19800,12,82,0.010000,12143
19801,15,103,0.010000,12144
19802,19,184,0.010000,12144
19803,19,140,0.010000,12144
19804,7,43,0.010000,12144
19805,13,102,0.010000,12144
19806,13,99,0.010000,12144
19807,16,124,0.010000,12144
19808,13,115,0.010000,12145
19809,8,68,0.010000,12145
19810,15,124,0.010000,12145
19811,18,141,0.010000,12145
19812,15,136,0.010000,12145
19813,8,53,0.010000,12145
19814,2,9,0.010000,12145
19815,17,158,0.010000,12145
19816,12,74,0.010000,12145
19817,17,152,0.010000,12146
19818,19,165,0.010000,12146
19819,12,96,0.010000,12146
19820,9,70,0.010000,12146
19821,8,59,0.010000,12146
19822,15,124,0.010000,12146
19823,22,162,0.010000,12146
19824,11,101,0.010000,12146
19825,14,105,0.010000,12146
19826,17,133,0.010000,12146
19827,22,205,0.010000,12146
19828,21,148,0.010000,12146
19829,26,224,0.010000,12146
19830,18,132,0.010000,12146
19831,14,107,0.010000,12147
19832,14,107,0.010000,12147
19833,12,110,0.010000,12147
19834,13,79,0.010000,12147
19835,19,139,0.010000,12148
19836,16,161,0.010000,12148
19837,12,127,0.010000,12148
19838,1,15,0.010000,12148
19839,18,195,0.010000,12148
19840,13,130,0.010000,12149
19841,17,136,0.010000,12149
19842,10,65,0.010000,12149
19843,23,228,0.010000,12150
19844,11,60,0.010000,12150
19845,9,80,0.010000,12150
19846,12,108,0.010000,12150
19847,10,89,0.010000,12150
19848,15,97,0.010000,12150
19849,12,88,0.010000,12151
19850,14,108,0.010000,12152
19851,11,74,0.010000,12153
19852,15,122,0.010000,12153
19853,10,81,0.010000,12153
19854,22,172,0.010000,12153
19855,19,124,0.010000,12153
19856,13,91,0.010000,12153
19857,16,151,0.010000,12153
19858,15,138,0.010000,12154
19859,14,129,0.010000,12154
19860,7,37,0.010000,12154
19861,17,127,0.010000,12154
19862,12,78,0.010000,12154
19863,25,242,0.010000,12155
19864,16,112,0.010000,12155
19865,14,137,0.010000,12155
19866,17,130,0.010000,12156
19867,11,79,0.010000,12157
19868,16,121,0.010000,12157
19869,13,112,0.010000,12158
19870,24,203,0.010000,12158
19871,7,43,0.010000,12158
19872,13,122,0.010000,12159
19873,13,94,0.010000,12160
19874,6,48,0.010000,12160
19875,12,79,0.010000,12162
19876,18,118,0.010000,12162
19877,23,176,0.010000,12162
19878,12,94,0.010000,12162
19879,11,103,0.010000,12163
19880,16,104,0.010000,12163
19881,30,316,0.010000,12163
19882,5,46,0.010000,12163
19883,22,193,0.010000,12163
19884,17,162,0.010000,12163
19885,15,98,0.010000,12163
19886,18,146,0.010000,12163
19887,14,111,0.010000,12163
19888,21,175,0.010000,12163
19889,18,159,0.010000,12163
19890,7,70,0.010000,12163
19891,20,169,0.010000,12163
19892,10,57,0.010000,12163
19893,11,75,0.010000,12163
19894,8,59,0.010000,12163
19895,15,153,0.010000,12163
19896,19,193,0.010000,12164
19897,10,61,0.010000,12164
19898,12,108,0.010000,12164
19899,17,153,0.010000,12164
19900,18,142,0.010000,12165
19901,14,108,0.010000,12165
19902,13,101,0.010000,12166
19903,17,83,0.010000,12166
19904,22,161,0.010000,12168
19905,4,46,0.010000,12168
19906,22,192,0.010000,12170
19907,24,164,0.010000,12170
19908,12,114,0.010000,12170
19909,20,211,0.010000,12170
19910,17,152,0.010000,12170
19911,17,135,0.010000,12170
19912,24,160,0.010000,12170
19913,9,89,0.010000,12170
19914,6,35,0.010000,12171
19915,16,120,0.010000,12171
19916,18,129,0.010000,12171
19917,18,142,0.010000,12171
19918,12,117,0.010000,12171
19919,6,47,0.010000,12171
19920,17,140,0.010000,12172
19921,22,198,0.010000,12172
19922,26,227,0.010000,12172
19923,14,123,0.010000,12172
19924,20,148,0.010000,12173
19925,17,141,0.010000,12173
19926,17,125,0.010000,12174
19927,0,5,0.010000,12174
19928,19,177,0.010000,12174
19929,19,140,0.010000,12174
19930,25,206,0.010000,12174
19931,26,170,0.010000,12174
19932,17,138,0.010000,12174
19933,11,102,0.010000,12175
19934,21,183,0.010000,12175
19935,15,120,0.010000,12176
19936,21,169,0.010000,12176
19937,19,153,0.010000,12176
19938,24,195,0.010000,12176
19939,11,105,0.010000,12176
19940,24,218,0.010000,12176
19941,14,152,0.010000,12176
19942,15,96,0.010000,12176
19943,22,177,0.010000,12176
19944,22,149,0.010000,12176
19945,25,217,0.010000,12176
19946,18,143,0.010000,12177
19947,11,81,0.010000,12177
19948,16,115,0.010000,12177
19949,23,180,0.010000,12177
19950,11,79,0.010000,12177
19951,12,122,0.010000,12177
19952,24,166,0.010000,12178
19953,19,155,0.010000,12178
19954,19,136,0.010000,12178
19955,6,49,0.010000,12178
19956,11,89,0.010000,12178
19957,24,182,0.010000,12179
19958,13,100,0.010000,12179
19959,16,117,0.010000,12179
19960,15,118,0.010000,12179
19961,21,220,0.010000,12179
19962,8,69,0.010000,12179
19963,16,125,0.010000,12180
19964,22,181,0.010000,12181
19965,19,140,0.010000,12182
19966,11,101,0.010000,12182
19967,23,205,0.010000,12182
19968,13,110,0.010000,12182
19969,18,149,0.010000,12182
19970,24,208,0.010000,12182
19971,11,93,0.010000,12184
19972,23,232,0.010000,12184
19973,21,178,0.010000,12184
19974,22,195,0.010000,12186
19975,18,155,0.010000,12186
19976,14,114,0.010000,12186
19977,10,69,0.010000,12186
19978,16,161,0.010000,12186
19979,11,76,0.010000,12186
19980,28,224,0.010000,12186
19981,20,156,0.010000,12186
19982,29,267,0.010000,12186
19983,25,217,0.010000,12186
19984,12,106,0.010000,12186
19985,16,120,0.010000,12186
19986,14,157,0.010000,12186
19987,18,125,0.010000,12187
19988,22,168,0.010000,12187
19989,18,164,0.010000,12187
19990,15,90,0.010000,12187
19991,18,165,0.010000,12187
19992,18,167,0.010000,12187
19993,10,73,0.010000,12187
19994,15,128,0.010000,12187
19995,15,102,0.010000,12187
19996,22,166,0.010000,12187
19997,13,128,0.010000,12187
19998,16,130,0.010000,12187
19999,17,131,0.010000,12187
20000,17,154,0.010000,12187
20001,17,160,0.010000,12188
20002,16,161,0.010000,12188
20003,19,134,0.010000,12188
20004,20,171,0.010000,12188
20005,14,104,0.010000,12188
20006,23,189,0.010000,12188
20007,16,127,0.010000,12188
20008,17,137,0.010000,12188
20009,13,89,0.010000,12188
20010,24,158,0.010000,12189
20011,18,135,0.010000,12189
20012,18,170,0.010000,12189
20013,11,82,0.010000,12189
20014,20,172,0.010000,12189
20015,9,69,0.010000,12189
20016,20,178,0.010000,12189
20017,12,66,0.010000,12190
20018,15,93,0.010000,12191
20019,16,126,0.010000,12191
20020,13,96,0.010000,12191
20021,18,154,0.010000,12191
20022,21,169,0.010000,12191
20023,10,83,0.010000,12193
20024,22,168,0.010000,12193
20025,19,164,0.010000,12193
20026,18,149,0.010000,12193
20027,8,67,0.010000,12193
20028,13,95,0.010000,12193
20029,9,55,0.010000,12193
20030,18,156,0.010000,12193
20031,15,104,0.010000,12193
20032,18,126,0.010000,12193
20033,9,86,0.010000,12193
20034,2,22,0.010000,12193
20035,8,90,0.010000,12194
20036,22,171,0.010000,12194
20037,18,138,0.010000,12194
20038,13,129,0.010000,12194
20039,20,132,0.010000,12195
20040,21,177,0.010000,12195
20041,17,163,0.010000,12195
20042,14,125,0.010000,12195
20043,14,83,0.010000,12196
20044,13,94,0.010000,12196
20045,15,119,0.010000,12196
20046,17,156,0.010000,12196
20047,15,110,0.010000,12196
20048,10,81,0.010000,12196
20049,13,135,0.010000,12196
20050,15,103,0.010000,12196
20051,16,135,0.010000,12197
20052,17,144,0.010000,12198
20053,16,185,0.010000,12198
20054,17,113,0.010000,12198
20055,18,131,0.010000,12198
20056,19,140,0.010000,12198
20057,20,171,0.010000,12199
20058,18,161,0.010000,12199
20059,17,127,0.010000,12199
20060,23,188,0.010000,12199
20061,11,99,0.010000,12199
20062,19,184,0.010000,12199
20063,11,76,0.010000,12199
20064,20,166,0.010000,12199
20065,15,120,0.010000,12199
20066,18,166,0.010000,12199
20067,19,161,0.010000,12199
20068,16,119,0.010000,12199
20069,20,179,0.010000,12199
20070,14,110,0.010000,12199
20071,9,64,0.010000,12199
20072,14,109,0.010000,12199
20073,22,165,0.010000,12199
20074,18,145,0.010000,12199
20075,3,20,0.010000,12199
20076,8,89,0.010000,12199
20077,16,138,0.010000,12199
20078,19,135,0.010000,12199
20079,13,91,0.010000,12199
20080,20,199,0.010000,12202
20081,6,42,0.010000,12202
20082,13,84,0.010000,12203
20083,7,54,0.010000,12203
20084,14,107,0.010000,12203
20085,18,125,0.010000,12203
20086,12,93,0.010000,12203
20087,10,75,0.010000,12203
20088,15,118,0.010000,12204
20089,16,139,0.010000,12205
20090,15,135,0.010000,12206
20091,16,109,0.010000,12207
20092,7,64,0.010000,12207
20093,20,168,0.010000,12207
20094,24,180,0.010000,12208
20095,10,98,0.010000,12208
20096,14,114,0.010000,12208
20097,10,72,0.010000,12208
20098,16,122,0.010000,12208
20099,18,128,0.010000,12208
20100,10,78,0.010000,12208
20101,18,125,0.010000,12208
20102,11,80,0.010000,12208
20103,20,203,0.010000,12208
20104,13,84,0.010000,12208
20105,10,62,0.010000,12208
20106,16,130,0.010000,12208
20107,24,249,0.010000,12208
20108,12,83,0.010000,12208
20109,21,160,0.010000,12208
20110,10,74,0.010000,12208
20111,18,149,0.010000,12208
20112,13,78,0.010000,12208
20113,19,139,0.010000,12208
20114,10,71,0.010000,12208
20115,19,175,0.010000,12209
20116,26,186,0.010000,12209
20117,15,92,0.010000,12210
20118,3,27,0.010000,12210
20119,11,96,0.010000,12210
20120,25,225,0.010000,12210
20121,13,103,0.010000,12210
20122,10,81,0.010000,12210
20123,15,122,0.010000,12210
20124,23,226,0.010000,12210
20125,13,100,0.010000,12210
20126,18,127,0.010000,12210
20127,15,112,0.010000,12210
20128,6,30,0.010000,12210
20129,9,74,0.010000,12210
20130,15,123,0.010000,12210
20131,5,40,0.010000,12210
20132,20,143,0.010000,12210
20133,17,137,0.010000,12211
20134,11,85,0.010000,12211
20135,18,154,0.010000,12211
20136,11,75,0.010000,12211
20137,11,60,0.010000,12212
20138,8,56,0.010000,12213
20139,19,150,0.010000,12213
20140,17,153,0.010000,12214
20141,10,92,0.010000,12214
20142,28,224,0.010000,12214
20143,11,63,0.010000,12214
20144,28,238,0.010000,12216
20145,22,214,0.010000,12216
20146,18,124,0.010000,12216
20147,10,67,0.010000,12216
20148,11,118,0.010000,12216
20149,16,131,0.010000,12216
20150,20,168,0.010000,12216
20151,19,141,0.010000,12216
20152,14,124,0.010000,12216
20153,18,139,0.010000,12216
20154,7,54,0.010000,12216
20155,13,132,0.010000,12217
20156,22,172,0.010000,12217
20157,6,31,0.010000,12217
20158,9,58,0.010000,12217
20159,15,133,0.010000,12217
20160,17,128,0.010000,12217
20161,18,158,0.010000,12217
20162,12,97,0.010000,12217
20163,22,192,0.010000,12218
20164,16,128,0.010000,12218
20165,20,147,0.010000,12218
20166,9,71,0.010000,12218
20167,14,132,0.010000,12218
20168,15,95,0.010000,12218
20169,27,219,0.010000,12218
20170,17,134,0.010000,12219
20171,11,119,0.010000,12220
20172,6,36,0.010000,12220
20173,10,82,0.010000,12220
20174,12,85,0.010000,12220
20175,20,163,0.010000,12220
20176,21,194,0.010000,12221
20177,19,161,0.010000,12222
20178,12,93,0.010000,12223
20179,20,188,0.010000,12224
20180,17,168,0.010000,12224
20181,19,179,0.010000,12224
20182,19,148,0.010000,12224
20183,17,140,0.010000,12224
20184,15,120,0.010000,12225
20185,5,44,0.010000,12225
20186,13,86,0.010000,12226
20187,20,158,0.010000,12226
20188,16,130,0.010000,12226
20189,12,77,0.010000,12226
20190,16,111,0.010000,12226
20191,13,83,0.010000,12226
20192,19,179,0.010000,12226
20193,23,222,0.010000,12227
20194,13,123,0.010000,12229
20195,10,68,0.010000,12229
20196,16,130,0.010000,12229
20197,17,183,0.010000,12229
20198,18,153,0.010000,12230
20199,4,32,0.010000,12230
20200,6,31,0.010000,12230
20201,15,116,0.010000,12231
20202,12,88,0.010000,12231
20203,21,163,0.010000,12231
20204,17,142,0.010000,12231
20205,22,187,0.010000,12231
20206,25,248,0.010000,12233
20207,17,153,0.010000,12235
20208,16,140,0.010000,12235
20209,17,131,0.010000,12235
20210,19,172,0.010000,12235
20211,21,167,0.010000,12235
20212,6,42,0.010000,12235
20213,22,180,0.010000,12236
20214,8,56,0.010000,12236
20215,21,177,0.010000,12236
20216,10,89,0.010000,12236
20217,18,139,0.010000,12236
20218,22,194,0.010000,12236
20219,13,112,0.010000,12236
20220,14,70,0.010000,12236
20221,8,49,0.010000,12236
20222,22,215,0.010000,12236
20223,23,182,0.010000,12237
20224,23,167,0.010000,12238
20225,4,31,0.010000,12238
20226,9,61,0.010000,12238
20227,30,266,0.010000,12239
20228,14,82,0.010000,12239
20229,20,150,0.010000,12239
20230,12,94,0.010000,12239
20231,18,161,0.010000,12239
20232,0,8,0.010000,12239
20233,18,112,0.010000,12239
20234,7,38,0.010000,12240
20235,18,151,0.010000,12240
20236,23,150,0.010000,12240
20237,18,144,0.010000,12240
20238,19,140,0.010000,12240
20239,8,50,0.010000,12240
20240,18,161,0.010000,12240
20241,14,108,0.010000,12240
20242,15,148,0.010000,12240
20243,10,67,0.010000,12240
20244,10,69,0.010000,12240
20245,4,27,0.010000,12240
20246,18,153,0.010000,12242
20247,9,55,0.010000,12242
20248,10,75,0.010000,12242
20249,10,75,0.010000,12242
20250,13,106,0.010000,12242
20251,13,102,0.010000,12242
20252,8,51,0.010000,12242
20253,16,156,0.010000,12243
20254,11,99,0.010000,12243
20255,15,136,0.010000,12243
20256,21,187,0.010000,12244
20257,10,102,0.010000,12244
20258,22,199,0.010000,12244
20259,22,163,0.010000,12244
20260,20,134,0.010000,12244
20261,9,62,0.010000,12245
20262,20,170,0.010000,12245
20263,19,141,0.010000,12245
20264,9,68,0.010000,12245
20265,14,132,0.010000,12245
20266,22,174,0.010000,12245
20267,10,72,0.010000,12245
20268,14,104,0.010000,12245
20269,14,120,0.010000,12245
20270,14,113,0.010000,12245
20271,19,174,0.010000,12246
20272,18,144,0.010000,12247
20273,13,90,0.010000,12247
20274,7,51,0.010000,12247
20275,21,175,0.010000,12247
20276,30,274,0.010000,12247
20277,28,225,0.010000,12247
20278,26,231,0.010000,12247
20279,8,58,0.010000,12247
20280,19,166,0.010000,12247
20281,11,70,0.010000,12247
20282,13,108,0.010000,12247
20283,11,82,0.010000,12247
20284,15,110,0.010000,12247
20285,13,135,0.010000,12248
20286,10,75,0.010000,12248
20287,24,201,0.010000,12248
20288,11,73,0.010000,12249
20289,13,106,0.010000,12249
20290,11,93,0.010000,12250
20291,15,127,0.010000,12250
20292,13,94,0.010000,12250
20293,9,63,0.010000,12250
20294,2,18,0.010000,12250
20295,12,100,0.010000,12250
20296,20,143,0.010000,12250
20297,23,180,0.010000,12252
20298,23,207,0.010000,12252
20299,20,218,0.010000,12252
20300,15,115,0.010000,12252
20301,16,137,0.010000,12252
20302,9,68,0.010000,12252
20303,16,122,0.010000,12252
20304,20,173,0.010000,12252
20305,14,128,0.010000,12252
20306,16,133,0.010000,12252
20307,18,148,0.010000,12252
20308,7,68,0.010000,12252
20309,15,120,0.010000,12252
20310,12,59,0.010000,12252
20311,26,198,0.010000,12253
20312,14,129,0.010000,12253
20313,12,84,0.010000,12253
20314,6,27,0.010000,12253
20315,21,161,0.010000,12254
20316,28,226,0.010000,12254
20317,23,162,0.010000,12254
20318,9,71,0.010000,12255
20319,22,154,0.010000,12255
20320,10,63,0.010000,12255
20321,11,85,0.010000,12255
20322,12,114,0.010000,12256
20323,9,57,0.010000,12256
20324,18,128,0.010000,12256
20325,18,148,0.010000,12256
20326,15,133,0.010000,12256
20327,11,89,0.010000,12256
20328,23,157,0.010000,12256
20329,24,224,0.010000,12256
20330,19,160,0.010000,12256
20331,19,129,0.010000,12256
20332,7,62,0.010000,12256
20333,16,159,0.010000,12256
20334,12,70,0.010000,12258
20335,15,133,0.010000,12258
20336,12,110,0.010000,12258
20337,23,232,0.010000,12258
20338,19,162,0.010000,12258
20339,9,68,0.010000,12258
20340,13,98,0.010000,12258
20341,12,102,0.010000,12258
20342,20,162,0.010000,12258
20343,8,60,0.010000,12259
20344,12,100,0.010000,12259
20345,9,48,0.010000,12259
20346,6,52,0.010000,12259
20347,21,203,0.010000,12260
20348,22,206,0.010000,12260
20349,19,170,0.010000,12260
20350,6,32,0.010000,12260
20351,15,133,0.010000,12261
20352,11,90,0.010000,12261
20353,20,174,0.010000,12261
20354,21,168,0.010000,12262
20355,21,168,0.010000,12263
20356,6,53,0.010000,12263
20357,19,161,0.010000,12263
20358,22,185,0.010000,12263
20359,20,187,0.010000,12263
20360,21,159,0.010000,12263
20361,13,99,0.010000,12263
20362,8,69,0.010000,12263
20363,11,104,0.010000,12263
20364,21,150,0.010000,12263
20365,11,90,0.010000,12263
20366,23,213,0.010000,12264
20367,0,7,0.010000,12264
20368,6,40,0.010000,12264
20369,12,106,0.010000,12264
20370,20,155,0.010000,12267
20371,16,148,0.010000,12267
20372,16,153,0.010000,12267
20373,16,146,0.010000,12267
20374,7,37,0.010000,12267
20375,24,198,0.010000,12267
20376,18,150,0.010000,12267
20377,17,131,0.010000,12267
20378,16,149,0.010000,12267
20379,17,143,0.010000,12268
20380,16,136,0.010000,12268
20381,10,71,0.010000,12268
20382,20,153,0.010000,12268
20383,14,112,0.010000,12268
20384,12,79,0.010000,12268
20385,13,111,0.010000,12268
20386,11,60,0.010000,12268
20387,12,77,0.010000,12268
20388,15,137,0.010000,12268
20389,16,131,0.010000,12269
20390,13,107,0.010000,12269
20391,14,108,0.010000,12269
20392,17,101,0.010000,12271
20393,11,74,0.010000,12271
20394,20,172,0.010000,12272
20395,12,86,0.010000,12273
20396,1,12,0.010000,12273
20397,17,130,0.010000,12273
20398,20,153,0.010000,12273
20399,19,139,0.010000,12273
20400,3,16,0.010000,12273
20401,7,56,0.010000,12273
20402,17,156,0.010000,12273
20403,22,218,0.010000,12273
20404,19,175,0.010000,12274
20405,11,85,0.010000,12275
20406,12,111,0.010000,12275
20407,23,217,0.010000,12275
20408,13,100,0.010000,12275
20409,24,163,0.010000,12275
20410,35,301,0.010000,12275
20411,23,186,0.010000,12275
20412,17,122,0.010000,12275
20413,26,203,0.010000,12275
20414,23,179,0.010000,12275
20415,17,131,0.010000,12275
20416,8,45,0.010000,12275
20417,16,161,0.010000,12275
20418,12,93,0.010000,12275
20419,13,99,0.010000,12275
20420,12,77,0.010000,12275
20421,8,61,0.010000,12275
20422,15,134,0.010000,12275
20423,18,197,0.010000,12275
20424,4,24,0.010000,12275
20425,0,7,0.010000,12275
20426,16,113,0.010000,12275
20427,11,63,0.010000,12275
20428,26,233,0.010000,12277
20429,9,55,0.010000,12277
20430,8,64,0.010000,12277
20431,5,43,0.010000,12277
20432,10,90,0.010000,12277
20433,16,148,0.010000,12277
20434,22,174,0.010000,12277
20435,21,172,0.010000,12277
20436,20,145,0.010000,12277
20437,18,143,0.010000,12278
20438,7,64,0.010000,12279
20439,20,214,0.010000,12280
20440,10,85,0.010000,12280
20441,18,114,0.010000,12280
20442,19,129,0.010000,12280
20443,17,137,0.010000,12281
20444,14,132,0.010000,12281
20445,23,192,0.010000,12281
20446,16,147,0.010000,12281
20447,20,186,0.010000,12281
20448,11,76,0.010000,12281
20449,17,152,0.010000,12281
20450,10,87,0.010000,12282
20451,20,163,0.010000,12282
20452,18,141,0.010000,12282
20453,21,176,0.010000,12282
20454,16,142,0.010000,12282
20455,11,84,0.010000,12282
20456,4,30,0.010000,12282
20457,19,162,0.010000,12282
20458,10,87,0.010000,12282
20459,8,67,0.010000,12282
20460,18,125,0.010000,12282
20461,7,52,0.010000,12282
20462,20,166,0.010000,12283
20463,17,152,0.010000,12283
20464,11,88,0.010000,12283
20465,15,118,0.010000,12283
20466,21,189,0.010000,12283
20467,18,175,0.010000,12283
20468,7,70,0.010000,12283
20469,18,140,0.010000,12283
20470,15,105,0.010000,12283
20471,8,85,0.010000,12283
20472,21,180,0.010000,12283
20473,10,71,0.010000,12283
20474,12,75,0.010000,12284
20475,11,105,0.010000,12284
20476,17,144,0.010000,12284
20477,8,58,0.010000,12284
20478,11,66,0.010000,12285
20479,26,234,0.010000,12286
20480,18,175,0.010000,12286
20481,21,194,0.010000,12286
20482,16,127,0.010000,12286
20483,11,89,0.010000,12287
20484,13,90,0.010000,12287
20485,14,123,0.010000,12287
20486,23,169,0.010000,12288
20487,10,83,0.010000,12288
20488,17,135,0.010000,12288
20489,7,52,0.010000,12288
20490,13,96,0.010000,12288
20491,19,157,0.010000,12288
20492,14,120,0.010000,12288
20493,21,200,0.010000,12288
20494,19,189,0.010000,12288
20495,5,54,0.010000,12288
20496,16,116,0.010000,12288
20497,23,202,0.010000,12289
20498,16,146,0.010000,12289
20499,23,212,0.010000,12289
20500,22,211,0.010000,12289
20501,1,6,0.010000,12289
20502,15,128,0.010000,12289
20503,25,215,0.010000,12290
20504,20,157,0.010000,12290
20505,10,59,0.010000,12290
20506,14,122,0.010000,12290
20507,12,95,0.010000,12290
20508,13,79,0.010000,12290
20509,16,119,0.010000,12290
20510,19,153,0.010000,12291
20511,18,139,0.010000,12291
20512,12,99,0.010000,12291
20513,8,42,0.010000,12291
20514,22,177,0.010000,12292
20515,4,30,0.010000,12292
20516,11,99,0.010000,12293
20517,22,220,0.010000,12293
20518,19,146,0.010000,12294
20519,8,57,0.010000,12294
20520,20,174,0.010000,12294
20521,16,122,0.010000,12294
20522,16,129,0.010000,12294
20523,11,66,0.010000,12295
20524,8,59,0.010000,12296
20525,20,166,0.010000,12296
20526,9,60,0.010000,12296
20527,10,87,0.010000,12296
20528,20,188,0.010000,12296
20529,13,101,0.010000,12296
20530,6,52,0.010000,12296
20531,15,124,0.010000,12296
20532,15,134,0.010000,12296
20533,14,103,0.010000,12296
20534,18,183,0.010000,12296
20535,18,174,0.010000,12296
20536,20,178,0.010000,12296
20537,19,137,0.010000,12296
20538,24,195,0.010000,12296
20539,20,133,0.010000,12296
20540,11,90,0.010000,12296
20541,12,84,0.010000,12296
20542,3,34,0.010000,12296
20543,13,109,0.010000,12296
20544,19,177,0.010000,12296
20545,15,98,0.010000,12296
20546,18,138,0.010000,12297
20547,21,202,0.010000,12297
20548,19,135,0.010000,12297
20549,21,188,0.010000,12297
20550,26,281,0.010000,12297
20551,10,73,0.010000,12297
20552,22,191,0.010000,12297
20553,11,88,0.010000,12297
20554,17,168,0.010000,12297
20555,15,141,0.010000,12297
20556,14,121,0.010000,12297
20557,17,133,0.010000,12298
20558,17,154,0.010000,12298
20559,23,180,0.010000,12298
20560,1,8,0.010000,12298
20561,16,149,0.010000,12298
20562,12,99,0.010000,12298
20563,18,155,0.010000,12298
20564,15,128,0.010000,12298
20565,2,11,0.010000,12298
20566,14,102,0.010000,12298
20567,14,99,0.010000,12298
20568,7,50,0.010000,12298
20569,13,106,0.010000,12299
20570,19,154,0.010000,12299
20571,18,146,0.010000,12299
20572,16,117,0.010000,12299
20573,20,198,0.010000,12300
20574,14,101,0.010000,12300
20575,4,18,0.010000,12300
20576,10,75,0.010000,12300
20577,17,150,0.010000,12300
20578,10,74,0.010000,12300
20579,19,148,0.010000,12300
20580,21,161,0.010000,12300
20581,15,125,0.010000,12300
20582,8,81,0.010000,12300
20583,14,107,0.010000,12300
20584,9,64,0.010000,12302
20585,13,105,0.010000,12302
20586,13,108,0.010000,12302
20587,10,82,0.010000,12302
20588,17,120,0.010000,12303
20589,8,52,0.010000,12304
20590,20,183,0.010000,12304
20591,17,156,0.010000,12304
20592,27,197,0.010000,12304
20593,16,109,0.010000,12304
20594,8,56,0.010000,12304
20595,12,59,0.010000,12304
20596,33,269,0.010000,12304
20597,11,93,0.010000,12304
20598,8,83,0.010000,12304
20599,9,75,0.010000,12304
20600,21,171,0.010000,12304
20601,12,106,0.010000,12305
20602,14,124,0.010000,12305
20603,23,221,0.010000,12305
20604,11,103,0.010000,12305
20605,5,42,0.010000,12305
20606,21,247,0.010000,12305
20607,12,103,0.010000,12305
20608,9,67,0.010000,12305
20609,14,97,0.010000,12305
20610,28,295,0.010000,12306
20611,16,122,0.010000,12306
20612,17,189,0.010000,12306
20613,15,111,0.010000,12306
20614,14,128,0.010000,12306
20615,9,77,0.010000,12306
20616,24,183,0.010000,12308
20617,18,154,0.010000,12308
20618,6,53,0.010000,12308
20619,23,221,0.010000,12309
20620,9,93,0.010000,12309
20621,12,81,0.010000,12309
20622,29,320,0.010000,12309
20623,19,202,0.010000,12309
20624,22,241,0.010000,12309
20625,16,146,0.010000,12309
20626,14,115,0.010000,12309
20627,31,278,0.010000,12310
20628,20,161,0.010000,12310
20629,16,100,0.010000,12310
20630,13,121,0.010000,12311
20631,14,98,0.010000,12311
20632,19,136,0.010000,12311
20633,15,125,0.010000,12311
20634,4,23,0.010000,12311
20635,16,130,0.010000,12311
20636,14,130,0.010000,12311
20637,17,118,0.010000,12311
20638,13,117,0.010000,12312
20639,4,26,0.010000,12312
20640,12,112,0.010000,12312
20641,12,86,0.010000,12312
20642,12,109,0.010000,12312
20643,18,108,0.010000,12312
20644,19,143,0.010000,12312
20645,17,122,0.010000,12312
20646,7,46,0.010000,12312
20647,28,271,0.010000,12312
20648,17,121,0.010000,12314
20649,16,139,0.010000,12314
20650,20,147,0.010000,12314
20651,11,73,0.010000,12314
20652,24,186,0.010000,12314
20653,16,137,0.010000,12314
20654,7,63,0.010000,12314
20655,9,70,0.010000,12314
20656,12,115,0.010000,12315
20657,16,149,0.010000,12315
20658,16,136,0.010000,12315
20659,8,70,0.010000,12315
20660,23,153,0.010000,12315
20661,19,169,0.010000,12315
20662,12,93,0.010000,12315
20663,15,104,0.010000,12316
20664,9,60,0.010000,12316
20665,17,147,0.010000,12316
20666,13,73,0.010000,12316
20667,6,53,0.010000,12316
20668,17,150,0.010000,12317
20669,16,136,0.010000,12317
20670,15,96,0.010000,12317
20671,11,71,0.010000,12317
20672,5,56,0.010000,12317
20673,12,83,0.010000,12317
20674,13,95,0.010000,12317
20675,16,144,0.010000,12318
20676,15,127,0.010000,12318
20677,16,141,0.010000,12318
20678,19,145,0.010000,12318
20679,24,206,0.010000,12318
20680,19,179,0.010000,12319
20681,13,110,0.010000,12320
20682,11,74,0.010000,12320
20683,14,118,0.010000,12320
20684,27,199,0.010000,12320
20685,18,149,0.010000,12320
20686,10,87,0.010000,12320
20687,12,86,0.010000,12320
20688,20,148,0.010000,12320
20689,17,132,0.010000,12320
20690,19,156,0.010000,12320
20691,9,78,0.010000,12320
20692,20,194,0.010000,12320
20693,15,104,0.010000,12320
20694,17,146,0.010000,12320
20695,9,57,0.010000,12321
20696,20,160,0.010000,12321
20697,9,58,0.010000,12321
20698,9,70,0.010000,12322
20699,10,79,0.010000,12322
20700,18,151,0.010000,12322
20701,14,139,0.010000,12322
20702,27,258,0.010000,12322
20703,0,5,0.010000,12322
20704,15,150,0.010000,12322
20705,18,146,0.010000,12322
20706,19,181,0.010000,12322
20707,30,238,0.010000,12323
20708,14,115,0.010000,12323
20709,20,160,0.010000,12324
20710,23,183,0.010000,12325
20711,20,183,0.010000,12325
20712,15,111,0.010000,12325
20713,22,181,0.010000,12326
20714,12,79,0.010000,12326
20715,18,150,0.010000,12326
20716,14,126,0.010000,12326
20717,21,181,0.010000,12326
20718,15,143,0.010000,12327
20719,14,103,0.010000,12327
20720,12,113,0.010000,12327
20721,15,116,0.010000,12327
20722,12,64,0.010000,12327
20723,13,101,0.010000,12327
20724,18,137,0.010000,12327
20725,21,158,0.010000,12327
20726,16,117,0.010000,12327
20727,16,128,0.010000,12327
20728,8,66,0.010000,12327
20729,26,233,0.010000,12329
20730,18,124,0.010000,12329
20731,21,169,0.010000,12329
20732,17,153,0.010000,12329
20733,7,53,0.010000,12329
20734,10,93,0.010000,12329
20735,25,162,0.010000,12329
20736,18,153,0.010000,12329
20737,17,130,0.010000,12329
20738,16,135,0.010000,12329
20739,10,106,0.010000,12329
20740,21,159,0.010000,12329
20741,15,139,0.010000,12329
20742,18,132,0.010000,12329
20743,2,9,0.010000,12329
20744,16,132,0.010000,12329
20745,12,98,0.010000,12329
20746,19,146,0.010000,12329
20747,13,74,0.010000,12329
20748,14,92,0.010000,12329
20749,14,85,0.010000,12330
20750,23,178,0.010000,12330
20751,12,95,0.010000,12331
20752,4,38,0.010000,12331
20753,14,135,0.010000,12331
20754,18,130,0.010000,12331
20755,17,137,0.010000,12331
20756,18,152,0.010000,12331
20757,21,189,0.010000,12331
20758,8,62,0.010000,12331
20759,7,40,0.010000,12332
20760,23,190,0.010000,12332
20761,5,12,0.010000,12332
20762,17,102,0.010000,12332
20763,13,126,0.010000,12332
20764,17,127,0.010000,12332
20765,25,189,0.010000,12333
20766,14,77,0.010000,12333
20767,18,140,0.010000,12333
20768,14,108,0.010000,12333
20769,13,92,0.010000,12333
20770,17,134,0.010000,12333
20771,13,120,0.010000,12333
20772,24,252,0.010000,12333
20773,13,96,0.010000,12333
20774,12,106,0.010000,12333
20775,9,101,0.010000,12333
20776,11,93,0.010000,12333
20777,11,69,0.010000,12333
20778,20,186,0.010000,12333
20779,4,22,0.010000,12333
20780,19,166,0.010000,12333
20781,13,107,0.010000,12333
20782,23,200,0.010000,12333
20783,6,38,0.010000,12333
20784,15,133,0.010000,12333
20785,20,130,0.010000,12333
20786,15,117,0.010000,12333
20787,0,9,0.010000,12333
20788,10,73,0.010000,12333
20789,25,226,0.010000,12333
20790,8,53,0.010000,12333
20791,3,10,0.010000,12333
20792,8,62,0.010000,12333
20793,16,121,0.010000,12333
20794,11,87,0.010000,12334
20795,19,191,0.010000,12334
20796,20,145,0.010000,12334
20797,16,152,0.010000,12334
20798,11,90,0.010000,12334
20799,8,47,0.010000,12334
20800,10,83,0.010000,12334
20801,22,181,0.010000,12334
20802,17,95,0.010000,12335
20803,6,40,0.010000,12335
20804,9,55,0.010000,12335
20805,18,170,0.010000,12335
20806,19,183,0.010000,12335
20807,22,185,0.010000,12335
20808,6,33,0.010000,12335
20809,13,94,0.010000,12335
20810,16,179,0.010000,12335
20811,11,89,0.010000,12335
20812,16,127,0.010000,12335
20813,9,92,0.010000,12335
20814,19,136,0.010000,12335
20815,14,123,0.010000,12336
20816,17,123,0.010000,12337
20817,28,218,0.010000,12338
20818,7,69,0.010000,12338
20819,21,187,0.010000,12339
20820,18,169,0.010000,12340
20821,7,49,0.010000,12340
20822,23,167,0.010000,12340
20823,18,132,0.010000,12340
20824,3,29,0.010000,12340
20825,16,160,0.010000,12340
20826,0,6,0.010000,12340
20827,16,130,0.010000,12340
20828,14,107,0.010000,12340
20829,11,66,0.010000,12340
20830,16,149,0.010000,12340
20831,13,116,0.010000,12340
20832,16,148,0.010000,12340
20833,19,135,0.010000,12340
20834,13,111,0.010000,12340
20835,15,131,0.010000,12340
20836,16,120,0.010000,12340
20837,19,154,0.010000,12340
20838,14,94,0.010000,12340
20839,16,130,0.010000,12340
20840,14,134,0.010000,12340
20841,19,164,0.010000,12340
20842,18,175,0.010000,12340
20843,18,132,0.010000,12340
20844,15,123,0.010000,12340
20845,6,33,0.010000,12340
20846,18,152,0.010000,12340
20847,20,169,0.010000,12340
20848,12,86,0.010000,12340
20849,26,246,0.010000,12340
20850,21,162,0.010000,12340
20851,16,171,0.010000,12341
20852,15,134,0.010000,12341
20853,16,130,0.010000,12341
20854,17,151,0.010000,12342
20855,21,174,0.010000,12342
20856,18,161,0.010000,12342
20857,15,118,0.010000,12342
20858,16,101,0.010000,12342
20859,18,156,0.010000,12342
20860,23,213,0.010000,12343
20861,15,104,0.010000,12343
20862,25,218,0.010000,12343
20863,11,86,0.010000,12344
20864,14,110,0.010000,12344
20865,9,88,0.010000,12344
20866,3,13,0.010000,12345
20867,11,100,0.010000,12345
20868,26,225,0.010000,12346
20869,9,66,0.010000,12347
20870,18,147,0.010000,12347
20871,4,21,0.010000,12347
20872,18,145,0.010000,12347
20873,3,25,0.010000,12347
20874,21,190,0.010000,12347
20875,19,175,0.010000,12347
20876,12,94,0.010000,12347
20877,15,148,0.010000,12348
20878,7,69,0.010000,12348
20879,16,122,0.010000,12348
20880,14,118,0.010000,12348
20881,9,48,0.010000,12348
20882,10,81,0.010000,12348
20883,19,149,0.010000,12348
20884,14,109,0.010000,12348
20885,23,178,0.010000,12348
20886,10,71,0.010000,12348
20887,16,135,0.010000,12348
20888,13,117,0.010000,12348
20889,20,176,0.010000,12348
20890,18,159,0.010000,12349
20891,5,20,0.010000,12350
20892,11,89,0.010000,12350
20893,15,128,0.010000,12350
20894,10,69,0.010000,12350
20895,5,29,0.010000,12350
20896,17,123,0.010000,12350
20897,12,65,0.010000,12350
20898,24,172,0.010000,12350
20899,12,92,0.010000,12350
20900,10,75,0.010000,12350
20901,14,111,0.010000,12350
20902,11,79,0.010000,12351
20903,21,153,0.010000,12351
20904,14,100,0.010000,12351
20905,10,62,0.010000,12351
20906,19,143,0.010000,12352
20907,26,258,0.010000,12352
20908,17,121,0.010000,12352
20909,14,130,0.010000,12352
20910,33,286,0.010000,12353
20911,16,129,0.010000,12353
20912,13,120,0.010000,12353
20913,8,76,0.010000,12353
20914,12,76,0.010000,12353
20915,12,118,0.010000,12353
20916,22,239,0.010000,12353
20917,9,86,0.010000,12353
20918,14,102,0.010000,12353
20919,24,207,0.010000,12354
20920,13,110,0.010000,12354
20921,15,144,0.010000,12355
20922,17,169,0.010000,12356
20923,18,149,0.010000,12356
20924,18,157,0.010000,12356
20925,15,165,0.010000,12356
20926,13,107,0.010000,12356
20927,14,119,0.010000,12356
20928,12,91,0.010000,12356
20929,8,58,0.010000,12356
20930,24,179,0.010000,12356
20931,32,290,0.010000,12356
20932,23,188,0.010000,12356
20933,14,101,0.010000,12356
20934,18,171,0.010000,12356
20935,1,8,0.010000,12356
20936,8,82,0.010000,12356
20937,24,192,0.010000,12356
20938,9,64,0.010000,12356
20939,17,149,0.010000,12357
20940,11,90,0.010000,12357
20941,15,98,0.010000,12357
20942,26,198,0.010000,12358
20943,12,99,0.010000,12358
20944,16,118,0.010000,12358
20945,30,272,0.010000,12358
20946,16,115,0.010000,12358
20947,14,120,0.010000,12358
20948,23,199,0.010000,12358
20949,12,102,0.010000,12358
20950,14,107,0.010000,12359
20951,12,125,0.010000,12359
20952,19,155,0.010000,12359
20953,15,124,0.010000,12359
20954,4,42,0.010000,12359
20955,17,147,0.010000,12359
20956,20,193,0.010000,12359
20957,17,121,0.010000,12359
20958,12,114,0.010000,12359
20959,26,233,0.010000,12359
20960,16,141,0.010000,12359
20961,19,149,0.010000,12359
20962,14,109,0.010000,12359
20963,7,42,0.010000,12359
20964,8,54,0.010000,12359
20965,7,47,0.010000,12359
20966,7,46,0.010000,12359
20967,18,168,0.010000,12359
20968,13,127,0.010000,12359
20969,14,89,0.010000,12359
20970,3,32,0.010000,12359
20971,15,130,0.010000,12359
20972,15,110,0.010000,12360
20973,11,90,0.010000,12360
20974,21,185,0.010000,12360
20975,14,113,0.010000,12360
20976,16,114,0.010000,12360
20977,28,262,0.010000,12360
20978,12,97,0.010000,12360
20979,23,198,0.010000,12360
20980,12,101,0.010000,12360
20981,17,152,0.010000,12360
20982,13,118,0.010000,12360
20983,20,171,0.010000,12360
20984,25,213,0.010000,12360
20985,10,87,0.010000,12360
20986,19,141,0.010000,12360
20987,25,240,0.010000,12360
20988,14,95,0.010000,12360
20989,18,146,0.010000,12360
20990,8,60,0.010000,12360
20991,9,63,0.010000,12360
20992,12,92,0.010000,12360
20993,17,115,0.010000,12360
20994,2,29,0.010000,12360
20995,10,72,0.010000,12360
20996,13,112,0.010000,12360
20997,22,176,0.010000,12361
20998,17,150,0.010000,12361
20999,23,196,0.010000,12361
21000,24,181,0.010000,12361
21001,15,78,0.010000,12361
21002,14,132,0.010000,12361
21003,16,139,0.010000,12361
21004,23,175,0.010000,12361
21005,11,78,0.010000,12361
21006,10,86,0.010000,12361
21007,8,71,0.010000,12361
21008,6,57,0.010000,12361
21009,13,81,0.010000,12362
21010,12,83,0.010000,12362
21011,18,136,0.010000,12362
21012,16,143,0.010000,12362
21013,20,190,0.010000,12362
21014,26,231,0.010000,12362
21015,25,255,0.010000,12362
21016,21,182,0.010000,12362
21017,24,193,0.010000,12362
21018,14,92,0.010000,12363
21019,11,82,0.010000,12363
21020,16,154,0.010000,12363
21021,16,106,0.010000,12363
21022,8,57,0.010000,12363
21023,17,155,0.010000,12363
21024,16,110,0.010000,12363
21025,11,82,0.010000,12363
21026,15,131,0.010000,12363
21027,9,77,0.010000,12363
21028,18,151,0.010000,12363
21029,17,132,0.010000,12363
21030,17,161,0.010000,12363
21031,16,143,0.010000,12363
21032,15,121,0.010000,12363
21033,24,218,0.010000,12365
21034,21,182,0.010000,12365
21035,18,193,0.010000,12365
21036,11,77,0.010000,12365
21037,28,233,0.010000,12365
21038,23,197,0.010000,12365
21039,17,147,0.010000,12365
21040,8,69,0.010000,12365
21041,20,152,0.010000,12365
21042,28,330,0.010000,12366
21043,7,56,0.010000,12366
21044,18,137,0.010000,12367
21045,11,86,0.010000,12370
21046,37,326,0.010000,12370
21047,13,93,0.010000,12370
21048,26,269,0.010000,12370
21049,14,115,0.010000,12370
21050,20,147,0.010000,12370
21051,19,159,0.010000,12372
21052,6,52,0.010000,12372
21053,17,164,0.010000,12372
21054,10,91,0.010000,12372
21055,17,115,0.010000,12372
21056,21,173,0.010000,12372
21057,16,140,0.010000,12372
21058,15,140,0.010000,12372
21059,18,141,0.010000,12372
21060,18,189,0.010000,12372
21061,20,181,0.010000,12372
21062,12,110,0.010000,12372
21063,15,161,0.010000,12372
21064,24,217,0.010000,12372
21065,29,248,0.010000,12372
21066,8,69,0.010000,12372
21067,7,41,0.010000,12372
21068,15,136,0.010000,12372
21069,17,153,0.010000,12372
21070,12,120,0.010000,12372
21071,26,216,0.010000,12372
21072,20,146,0.010000,12374
21073,12,94,0.010000,12374
21074,16,181,0.010000,12374
21075,17,164,0.010000,12374
21076,14,101,0.010000,12375
21077,17,135,0.010000,12375
21078,10,78,0.010000,12375
21079,25,226,0.010000,12376
21080,13,107,0.010000,12376
21081,16,131,0.010000,12376
21082,15,116,0.010000,12376
21083,12,89,0.010000,12376
21084,5,45,0.010000,12376
21085,10,70,0.010000,12376
21086,15,142,0.010000,12377
21087,9,64,0.010000,12377
21088,16,127,0.010000,12377
21089,10,85,0.010000,12377
21090,25,237,0.010000,12377
21091,13,112,0.010000,12377
21092,17,146,0.010000,12377
21093,12,103,0.010000,12377
21094,21,220,0.010000,12377
21095,15,116,0.010000,12377
21096,9,76,0.010000,12377
21097,16,167,0.010000,12377
21098,25,200,0.010000,12378
21099,19,161,0.010000,12378
21100,8,78,0.010000,12378
21101,19,162,0.010000,12378
21102,15,115,0.010000,12378
21103,18,172,0.010000,12378
21104,13,95,0.010000,12378
21105,19,141,0.010000,12378
21106,15,128,0.010000,12378
21107,18,166,0.010000,12378
21108,8,69,0.010000,12380
21109,20,149,0.010000,12380
21110,10,91,0.010000,12380
21111,22,203,0.010000,12380
21112,18,129,0.010000,12380
21113,17,127,0.010000,12380
21114,24,228,0.010000,12380
21115,7,47,0.010000,12380
21116,14,117,0.010000,12380
21117,16,126,0.010000,12380
21118,31,292,0.010000,12382
21119,26,229,0.010000,12382
21120,13,112,0.010000,12383
21121,17,144,0.010000,12383
21122,13,102,0.010000,12383
21123,13,114,0.010000,12383
21124,11,71,0.010000,12383
21125,9,64,0.010000,12383
21126,15,130,0.010000,12383
21127,25,245,0.010000,12383
21128,23,225,0.010000,12383
21129,18,137,0.010000,12383
21130,15,119,0.010000,12383
21131,13,114,0.010000,12383
21132,9,71,0.010000,12383
21133,8,45,0.010000,12383
21134,17,172,0.010000,12383
21135,8,50,0.010000,12383
21136,14,105,0.010000,12384
21137,12,107,0.010000,12384
21138,13,91,0.010000,12386
21139,20,144,0.010000,12387
21140,14,106,0.010000,12387
21141,2,26,0.010000,12387
21142,24,185,0.010000,12387
21143,19,155,0.010000,12387
21144,10,93,0.010000,12387
21145,20,153,0.010000,12388
21146,4,34,0.010000,12388
21147,0,6,0.010000,12388
21148,11,90,0.010000,12388
21149,12,104,0.010000,12389
21150,21,144,0.010000,12390
21151,12,66,0.010000,12390
21152,25,223,0.010000,12390
21153,11,96,0.010000,12390
21154,13,81,0.010000,12390
21155,13,92,0.010000,12390
21156,20,130,0.010000,12390
21157,21,194,0.010000,12390
21158,21,170,0.010000,12390
21159,21,168,0.010000,12390
21160,20,180,0.010000,12390
21161,24,205,0.010000,12390
21162,21,156,0.010000,12390
21163,9,69,0.010000,12390
21164,22,162,0.010000,12391
21165,9,66,0.010000,12391
21166,13,127,0.010000,12391
21167,14,105,0.010000,12391
21168,15,139,0.010000,12391
21169,19,172,0.010000,12391
21170,19,162,0.010000,12391
21171,26,226,0.010000,12391
21172,11,99,0.010000,12391
21173,13,108,0.010000,12391
21174,18,148,0.010000,12391
21175,24,230,0.010000,12391
21176,14,127,0.010000,12391
21177,21,221,0.010000,12392
21178,4,36,0.010000,12392
21179,22,188,0.010000,12392
21180,19,141,0.010000,12392
21181,21,164,0.010000,12392
21182,12,84,0.010000,12393
21183,19,162,0.010000,12393
21184,14,143,0.010000,12393
21185,13,81,0.010000,12393
21186,16,136,0.010000,12393
21187,20,183,0.010000,12393
21188,18,114,0.010000,12394
21189,13,93,0.010000,12394
21190,26,238,0.010000,12395
21191,11,94,0.010000,12395
21192,22,159,0.010000,12395
21193,8,61,0.010000,12396
21194,7,60,0.010000,12396
21195,13,112,0.010000,12396
21196,11,92,0.010000,12396
21197,19,180,0.010000,12396
21198,8,53,0.010000,12396
21199,16,111,0.010000,12396
21200,17,123,0.010000,12396
21201,19,163,0.010000,12396
21202,6,43,0.010000,12397
21203,11,80,0.010000,12397
21204,12,101,0.010000,12397
21205,11,73,0.010000,12397
21206,14,117,0.010000,12397
21207,21,216,0.010000,12398
21208,15,123,0.010000,12398
21209,15,127,0.010000,12398
21210,10,87,0.010000,12398
21211,16,109,0.010000,12398
21212,16,155,0.010000,12398
21213,17,137,0.010000,12398
21214,22,202,0.010000,12398
21215,15,99,0.010000,12398
21216,6,54,0.010000,12398
21217,12,97,0.010000,12398
21218,17,191,0.010000,12398
21219,6,40,0.010000,12398
21220,10,66,0.010000,12398
21221,9,62,0.010000,12398
21222,25,205,0.010000,12399
21223,20,165,0.010000,12399
21224,16,114,0.010000,12399
21225,12,74,0.010000,12399
21226,2,20,0.010000,12399
21227,17,111,0.010000,12400
21228,33,259,0.010000,12400
21229,5,28,0.010000,12400
21230,16,140,0.010000,12400
21231,12,109,0.010000,12400
21232,13,102,0.010000,12400
21233,20,198,0.010000,12400
21234,19,131,0.010000,12401
21235,6,48,0.010000,12401
21236,19,176,0.010000,12401
21237,17,122,0.010000,12401
21238,19,173,0.010000,12402
21239,14,111,0.010000,12402
21240,24,194,0.010000,12402
21241,12,83,0.010000,12402
21242,13,107,0.010000,12402
21243,19,179,0.010000,12403
21244,28,259,0.010000,12403
21245,16,138,0.010000,12403
21246,10,81,0.010000,12403
21247,18,137,0.010000,12403
21248,12,103,0.010000,12403
21249,25,231,0.010000,12405
21250,22,188,0.010000,12405
21251,21,150,0.010000,12405
21252,18,133,0.010000,12406
21253,10,59,0.010000,12406
21254,12,79,0.010000,12406
21255,2,18,0.010000,12407
21256,15,117,0.010000,12407
21257,18,103,0.010000,12407
21258,9,64,0.010000,12408
21259,21,181,0.010000,12408
21260,13,97,0.010000,12410
21261,11,63,0.010000,12410
21262,26,210,0.010000,12411
21263,16,130,0.010000,12412
21264,9,72,0.010000,12412
21265,18,167,0.010000,12412
21266,23,168,0.010000,12413
21267,4,43,0.010000,12413
21268,14,86,0.010000,12413
21269,12,97,0.010000,12413
21270,17,160,0.010000,12413
21271,13,106,0.010000,12413
21272,14,98,0.010000,12414
21273,19,198,0.010000,12414
21274,15,100,0.010000,12414
21275,17,144,0.010000,12414
21276,12,97,0.010000,12414
21277,7,32,0.010000,12414
21278,20,157,0.010000,12414
21279,19,185,0.010000,12414
21280,11,95,0.010000,12414
21281,7,52,0.010000,12414
21282,16,138,0.010000,12414
21283,18,165,0.010000,12414
21284,20,181,0.010000,12414
21285,21,122,0.010000,12415
21286,16,138,0.010000,12415
21287,14,94,0.010000,12415
21288,19,169,0.010000,12415
21289,20,180,0.010000,12415
21290,24,194,0.010000,12415
21291,19,148,0.010000,12415
21292,13,146,0.010000,12415
21293,9,73,0.010000,12415
21294,12,81,0.010000,12416
21295,24,219,0.010000,12416
21296,14,116,0.010000,12416
21297,9,98,0.010000,12416
21298,15,125,0.010000,12416
21299,8,70,0.010000,12416
21300,6,52,0.010000,12416
21301,31,287,0.010000,12416
21302,22,216,0.010000,12416
21303,15,128,0.010000,12416
21304,18,145,0.010000,12416
21305,14,127,0.010000,12416
21306,23,181,0.010000,12416
21307,12,100,0.010000,12416
21308,10,70,0.010000,12416
21309,10,57,0.010000,12416
21310,21,157,0.010000,12416
21311,16,128,0.010000,12416
21312,5,34,0.010000,12417
21313,18,123,0.010000,12417
21314,21,177,0.010000,12418
21315,11,80,0.010000,12418
21316,7,48,0.010000,12418
21317,8,40,0.010000,12419
21318,18,178,0.010000,12419
21319,9,93,0.010000,12419
21320,20,147,0.010000,12420
21321,15,144,0.010000,12420
21322,4,30,0.010000,12420
21323,15,138,0.010000,12420
21324,21,169,0.010000,12420
21325,13,91,0.010000,12420
21326,8,61,0.010000,12420
21327,25,203,0.010000,12421
21328,14,145,0.010000,12421
21329,21,183,0.010000,12421
21330,5,34,0.010000,12421
21331,21,173,0.010000,12421
21332,10,62,0.010000,12421
21333,23,217,0.010000,12421
21334,16,108,0.010000,12421
21335,8,54,0.010000,12421
21336,22,200,0.010000,12421
21337,26,214,0.010000,12422
21338,17,162,0.010000,12422
21339,13,146,0.010000,12423
21340,16,172,0.010000,12423
21341,16,140,0.010000,12423
21342,11,77,0.010000,12423
21343,11,86,0.010000,12423
21344,19,144,0.010000,12423
21345,15,92,0.010000,12423
21346,9,61,0.010000,12423
21347,28,280,0.010000,12423
21348,29,305,0.010000,12423
21349,16,131,0.010000,12423
21350,12,111,0.010000,12423
21351,26,215,0.010000,12423
21352,21,164,0.010000,12423
21353,16,129,0.010000,12423
21354,17,118,0.010000,12423
21355,5,46,0.010000,12423
21356,20,137,0.010000,12423
21357,10,78,0.010000,12423
21358,11,109,0.010000,12423
21359,14,93,0.010000,12424
21360,18,193,0.010000,12424
21361,20,156,0.010000,12424
21362,27,230,0.010000,12424
21363,24,173,0.010000,12425
21364,14,116,0.010000,12425
21365,15,129,0.010000,12425
21366,21,199,0.010000,12425
21367,19,180,0.010000,12425
21368,4,16,0.010000,12425
21369,9,53,0.010000,12426
21370,9,71,0.010000,12426
21371,17,129,0.010000,12426
21372,16,150,0.010000,12426
21373,14,102,0.010000,12426
21374,16,118,0.010000,12427
21375,13,120,0.010000,12427
21376,33,221,0.010000,12427
21377,4,32,0.010000,12427
21378,31,327,0.010000,12428
21379,7,48,0.010000,12428
21380,19,113,0.010000,12428
21381,18,126,0.010000,12428
21382,16,158,0.010000,12428
21383,9,75,0.010000,12428
21384,16,139,0.010000,12428
21385,24,197,0.010000,12429
21386,4,35,0.010000,12429
21387,11,98,0.010000,12429
21388,15,151,0.010000,12429
21389,4,24,0.010000,12429
21390,25,162,0.010000,12429
21391,16,136,0.010000,12429
21392,22,183,0.010000,12429
21393,11,92,0.010000,12429
21394,10,85,0.010000,12430
21395,19,156,0.010000,12430
21396,25,179,0.010000,12430
21397,13,73,0.010000,12430
21398,15,106,0.010000,12430
21399,7,55,0.010000,12430
21400,13,99,0.010000,12430
21401,6,45,0.010000,12430
21402,26,267,0.010000,12430
21403,13,109,0.010000,12430
21404,11,106,0.010000,12430
21405,23,190,0.010000,12431
21406,26,164,0.010000,12431
21407,11,82,0.010000,12431
21408,15,123,0.010000,12431
21409,22,208,0.010000,12431
21410,12,100,0.010000,12431
21411,10,72,0.010000,12431
21412,7,52,0.010000,12431
21413,24,224,0.010000,12431
21414,27,217,0.010000,12432
21415,23,178,0.010000,12432
21416,15,133,0.010000,12432
21417,16,102,0.010000,12432
21418,13,94,0.010000,12432
21419,14,123,0.010000,12432
21420,21,180,0.010000,12432
21421,15,148,0.010000,12432
21422,6,45,0.010000,12432
21423,15,153,0.010000,12432
21424,17,138,0.010000,12432
21425,18,168,0.010000,12432
21426,14,131,0.010000,12432
21427,18,158,0.010000,12432
21428,13,141,0.010000,12433
21429,14,108,0.010000,12434
21430,9,66,0.010000,12434
21431,11,73,0.010000,12434
21432,16,128,0.010000,12434
21433,11,96,0.010000,12434
21434,13,78,0.010000,12434
21435,19,148,0.010000,12434
21436,12,98,0.010000,12434
21437,13,106,0.010000,12434
21438,14,107,0.010000,12434
21439,24,153,0.010000,12435
21440,10,77,0.010000,12435
21441,12,87,0.010000,12435
21442,18,143,0.010000,12435
21443,13,112,0.010000,12435
21444,14,104,0.010000,12435
21445,7,83,0.010000,12435
21446,15,117,0.010000,12435
21447,17,119,0.010000,12435
21448,20,190,0.010000,12436
21449,10,59,0.010000,12436
21450,23,174,0.010000,12436
21451,7,56,0.010000,12436
21452,21,177,0.010000,12436
21453,20,175,0.010000,12436
21454,14,108,0.010000,12436
21455,16,114,0.010000,12436
21456,20,144,0.010000,12436
21457,15,147,0.010000,12436
21458,21,145,0.010000,12436
21459,10,71,0.010000,12436
21460,13,86,0.010000,12437
21461,23,216,0.010000,12437
21462,21,188,0.010000,12437
21463,27,263,0.010000,12437
21464,16,130,0.010000,12437
21465,13,108,0.010000,12437
21466,14,105,0.010000,12438
21467,16,133,0.010000,12438
21468,12,86,0.010000,12438
21469,19,165,0.010000,12438
21470,27,277,0.010000,12438
21471,10,94,0.010000,12438
21472,18,134,0.010000,12438
21473,14,93,0.010000,12438
21474,13,89,0.010000,12438
21475,29,237,0.010000,12439
21476,10,82,0.010000,12439
21477,18,130,0.010000,12439
21478,17,176,0.010000,12439
21479,9,40,0.010000,12439
21480,13,85,0.010000,12439
21481,10,67,0.010000,12439
21482,18,177,0.010000,12439
21483,20,187,0.010000,12439
21484,20,173,0.010000,12439
21485,22,161,0.010000,12439
21486,5,31,0.010000,12439
21487,19,175,0.010000,12439
21488,24,178,0.010000,12439
21489,8,55,0.010000,12439
21490,20,151,0.010000,12439
21491,10,86,0.010000,12439
21492,6,25,0.010000,12439
21493,27,239,0.010000,12440
21494,21,175,0.010000,12440
21495,10,79,0.010000,12440
21496,19,170,0.010000,12440
21497,11,91,0.010000,12440
21498,17,147,0.010000,12441
21499,26,195,0.010000,12441
21500,13,103,0.010000,12441
21501,22,180,0.010000,12441
21502,14,130,0.010000,12441
21503,10,90,0.010000,12441
21504,24,208,0.010000,12441
21505,7,47,0.010000,12442
21506,14,138,0.010000,12442
21507,19,150,0.010000,12443
21508,20,195,0.010000,12443
21509,19,154,0.010000,12443
21510,21,131,0.010000,12444
21511,5,30,0.010000,12445
21512,13,132,0.010000,12445
21513,14,126,0.010000,12445
21514,12,121,0.010000,12445
21515,8,61,0.010000,12445
21516,11,102,0.010000,12445
21517,22,185,0.010000,12445
21518,15,119,0.010000,12445
21519,15,128,0.010000,12445
21520,20,141,0.010000,12445
21521,16,103,0.010000,12445
21522,5,28,0.010000,12445
21523,13,120,0.010000,12445
21524,20,202,0.010000,12445
21525,25,169,0.010000,12445
21526,29,244,0.010000,12445
21527,27,199,0.010000,12446
21528,19,166,0.010000,12446
21529,8,75,0.010000,12446
21530,15,109,0.010000,12447
21531,17,138,0.010000,12447
21532,22,252,0.010000,12449
21533,20,164,0.010000,12449
21534,20,175,0.010000,12450
21535,9,65,0.010000,12450
21536,16,139,0.010000,12450
21537,14,118,0.010000,12450
21538,24,197,0.010000,12450
21539,15,97,0.010000,12451
21540,11,65,0.010000,12451
21541,15,91,0.010000,12451
21542,24,183,0.010000,12451
21543,19,176,0.010000,12451
21544,22,204,0.010000,12451
21545,23,220,0.010000,12451
21546,19,162,0.010000,12451
21547,20,188,0.010000,12451
21548,13,94,0.010000,12451
21549,13,84,0.010000,12451
21550,18,149,0.010000,12452
21551,22,214,0.010000,12452
21552,13,106,0.010000,12452
21553,12,85,0.010000,12452
21554,17,127,0.010000,12452
21555,21,191,0.010000,12452
21556,22,179,0.010000,12452
21557,17,121,0.010000,12452
21558,15,109,0.010000,12452
21559,17,151,0.010000,12452
21560,13,109,0.010000,12452
21561,15,124,0.010000,12452
21562,28,239,0.010000,12452
21563,13,134,0.010000,12452
21564,23,197,0.010000,12452
21565,15,114,0.010000,12452
21566,21,177,0.010000,12452
21567,20,154,0.010000,12452
21568,16,131,0.010000,12453
21569,29,266,0.010000,12453
21570,28,238,0.010000,12453
21571,13,72,0.010000,12454
21572,18,144,0.010000,12454
21573,16,146,0.010000,12454
21574,21,158,0.010000,12454
21575,18,138,0.010000,12454
21576,15,145,0.010000,12454
21577,25,228,0.010000,12455
21578,11,75,0.010000,12455
21579,15,138,0.010000,12455
21580,21,186,0.010000,12455
21581,11,94,0.010000,12456
21582,18,137,0.010000,12457
21583,24,191,0.010000,12457
21584,12,79,0.010000,12457
21585,14,131,0.010000,12457
21586,12,116,0.010000,12457
21587,15,112,0.010000,12457
21588,12,111,0.010000,12457
21589,15,123,0.010000,12457
21590,24,251,0.010000,12457
21591,22,156,0.010000,12457
21592,28,213,0.010000,12457
21593,16,149,0.010000,12457
21594,10,65,0.010000,12457
21595,8,59,0.010000,12457
21596,15,136,0.010000,12457
21597,23,151,0.010000,12458
21598,18,182,0.010000,12458
21599,8,67,0.010000,12458
21600,14,100,0.010000,12458
21601,17,133,0.010000,12458
21602,16,150,0.010000,12459
21603,19,129,0.010000,12459
21604,23,228,0.010000,12459
21605,17,147,0.010000,12459
21606,11,94,0.010000,12459
21607,20,162,0.010000,12459
21608,14,107,0.010000,12459
21609,14,116,0.010000,12459
21610,19,169,0.010000,12459
21611,22,164,0.010000,12459
21612,14,106,0.010000,12459
21613,15,132,0.010000,12460
21614,17,160,0.010000,12460
21615,18,179,0.010000,12460
21616,9,59,0.010000,12460
21617,22,206,0.010000,12460
21618,17,158,0.010000,12460
21619,12,104,0.010000,12460
21620,17,131,0.010000,12460
21621,10,73,0.010000,12461
21622,9,75,0.010000,12461
21623,15,141,0.010000,12461
21624,9,76,0.010000,12462
21625,14,115,0.010000,12462
21626,20,179,0.010000,12462
21627,17,152,0.010000,12462
21628,15,127,0.010000,12462
21629,19,164,0.010000,12462
21630,6,43,0.010000,12462
21631,11,83,0.010000,12463
21632,18,134,0.010000,12463
21633,6,44,0.010000,12463
21634,15,125,0.010000,12463
21635,13,91,0.010000,12464
21636,18,178,0.010000,12464
21637,10,106,0.010000,12464
21638,13,97,0.010000,12464
21639,13,99,0.010000,12464
21640,10,99,0.010000,12464
21641,13,125,0.010000,12464
21642,24,206,0.010000,12464
21643,12,90,0.010000,12464
21644,10,87,0.010000,12464
21645,15,108,0.010000,12464
21646,13,115,0.010000,12464
21647,11,106,0.010000,12464
21648,11,80,0.010000,12464
21649,16,157,0.010000,12464
21650,16,121,0.010000,12464
21651,10,74,0.010000,12465
21652,17,114,0.010000,12465
21653,25,229,0.010000,12465
21654,7,55,0.010000,12466
21655,9,72,0.010000,12466
21656,4,34,0.010000,12466
21657,9,48,0.010000,12466
21658,12,76,0.010000,12467
21659,22,188,0.010000,12467
21660,7,31,0.010000,12468
21661,24,202,0.010000,12468
21662,9,71,0.010000,12468
21663,16,115,0.010000,12468
21664,6,43,0.010000,12468
21665,14,112,0.010000,12468
21666,8,63,0.010000,12468
21667,15,118,0.010000,12468
21668,2,13,0.010000,12468
21669,26,253,0.010000,12468
21670,23,204,0.010000,12468
21671,6,40,0.010000,12468
21672,16,131,0.010000,12468
21673,15,129,0.010000,12468
21674,9,74,0.010000,12468
21675,11,85,0.010000,12468
21676,15,130,0.010000,12468
21677,19,148,0.010000,12469
21678,1,8,0.010000,12469
21679,28,234,0.010000,12469
21680,12,97,0.010000,12469
21681,15,110,0.010000,12469
21682,9,73,0.010000,12469
21683,16,120,0.010000,12469
21684,13,97,0.010000,12469
21685,12,90,0.010000,12469
21686,19,149,0.010000,12470
21687,16,130,0.010000,12471
21688,15,108,0.010000,12471
21689,5,29,0.010000,12471
21690,26,183,0.010000,12471
21691,30,262,0.010000,12471
21692,12,76,0.010000,12472
21693,17,150,0.010000,12474
21694,18,154,0.010000,12475
21695,10,67,0.010000,12475
21696,17,139,0.010000,12475
21697,15,99,0.010000,12475
21698,8,49,0.010000,12475
21699,11,95,0.010000,12476
21700,18,178,0.010000,12476
21701,14,109,0.010000,12476
21702,14,102,0.010000,12476
21703,23,164,0.010000,12477
21704,25,252,0.010000,12477
21705,14,115,0.010000,12477
21706,23,193,0.010000,12478
21707,18,142,0.010000,12478
21708,11,93,0.010000,12479
21709,10,96,0.010000,12479
21710,14,137,0.010000,12479
21711,23,200,0.010000,12479
21712,9,73,0.010000,12479
21713,28,232,0.010000,12481
21714,18,164,0.010000,12482
21715,20,190,0.010000,12482
21716,7,54,0.010000,12482
21717,0,5,0.010000,12482
21718,23,182,0.010000,12483
21719,16,135,0.010000,12483
21720,22,203,0.010000,12483
21721,22,154,0.010000,12483
21722,25,183,0.010000,12483
21723,14,100,0.010000,12483
21724,15,115,0.010000,12483
21725,24,211,0.010000,12483
21726,11,104,0.010000,12483
21727,11,73,0.010000,12484
21728,16,108,0.010000,12484
21729,25,258,0.010000,12484
21730,13,102,0.010000,12484
21731,14,111,0.010000,12484
21732,24,177,0.010000,12484
21733,15,127,0.010000,12484
21734,22,181,0.010000,12484
21735,17,158,0.010000,12484
21736,13,115,0.010000,12484
21737,18,147,0.010000,12484
21738,11,91,0.010000,12484
21739,2,21,0.010000,12484
21740,16,142,0.010000,12484
21741,11,70,0.010000,12484
21742,2,19,0.010000,12484
21743,10,75,0.010000,12484
21744,16,136,0.010000,12484
21745,18,155,0.010000,12484
21746,25,219,0.010000,12484
21747,14,151,0.010000,12484
21748,10,60,0.010000,12484
21749,20,149,0.010000,12484
21750,11,86,0.010000,12484
21751,17,148,0.010000,12484
21752,11,91,0.010000,12485
21753,14,108,0.010000,12486
21754,17,121,0.010000,12486
21755,8,81,0.010000,12486
21756,12,103,0.010000,12487
21757,12,110,0.010000,12487
21758,10,66,0.010000,12487
21759,19,143,0.010000,12487
21760,10,87,0.010000,12487
21761,11,96,0.010000,12487
21762,12,82,0.010000,12487
21763,18,146,0.010000,12487
21764,11,90,0.010000,12487
21765,22,211,0.010000,12487
21766,22,189,0.010000,12488
21767,19,190,0.010000,12489
21768,29,260,0.010000,12491
21769,16,119,0.010000,12491
21770,18,161,0.010000,12491
21771,5,39,0.010000,12491
21772,17,107,0.010000,12491
21773,18,166,0.010000,12493
21774,24,187,0.010000,12493
21775,11,108,0.010000,12493
21776,19,122,0.010000,12493
21777,14,122,0.010000,12493
21778,11,85,0.010000,12493
21779,24,227,0.010000,12493
21780,10,81,0.010000,12493
21781,23,162,0.010000,12494
21782,1,12,0.010000,12494
21783,14,142,0.010000,12494
21784,10,69,0.010000,12494
21785,20,143,0.010000,12494
21786,12,92,0.010000,12494
21787,12,92,0.010000,12494
21788,23,200,0.010000,12494
21789,17,147,0.010000,12494
21790,13,133,0.010000,12494
21791,17,134,0.010000,12495
21792,24,184,0.010000,12495
21793,8,58,0.010000,12495
21794,22,146,0.010000,12495
21795,13,108,0.010000,12496
21796,22,225,0.010000,12496
21797,16,130,0.010000,12496
21798,12,92,0.010000,12496
21799,17,105,0.010000,12496
21800,20,173,0.010000,12496
21801,12,93,0.010000,12496
21802,15,84,0.010000,12496
21803,14,97,0.010000,12496
21804,17,136,0.010000,12496
21805,15,98,0.010000,12497
21806,23,224,0.010000,12499
21807,27,243,0.010000,12499
21808,11,95,0.010000,12500
21809,6,42,0.010000,12500
21810,11,74,0.010000,12500
21811,5,29,0.010000,12501
21812,20,187,0.010000,12501
21813,26,189,0.010000,12501
21814,20,168,0.010000,12501
21815,16,119,0.010000,12501
21816,4,26,0.010000,12501
21817,0,6,0.010000,12501
21818,28,271,0.010000,12501
21819,13,100,0.010000,12501
21820,8,55,0.010000,12501
21821,14,137,0.010000,12501
21822,22,160,0.010000,12501
21823,8,52,0.010000,12501
21824,27,256,0.010000,12501
21825,18,193,0.010000,12501
21826,29,233,0.010000,12501
21827,20,155,0.010000,12501
21828,18,164,0.010000,12502
21829,18,163,0.010000,12503
21830,18,156,0.010000,12503
21831,21,240,0.010000,12503
21832,24,170,0.010000,12503
21833,16,128,0.010000,12503
21834,15,108,0.010000,12503
21835,18,145,0.010000,12504
21836,16,128,0.010000,12504
21837,9,62,0.010000,12504
21838,18,145,0.010000,12504
21839,22,203,0.010000,12504
21840,18,150,0.010000,12504
21841,12,78,0.010000,12504
21842,11,67,0.010000,12505
21843,17,125,0.010000,12505
21844,18,132,0.010000,12505
21845,12,96,0.010000,12506
21846,9,72,0.010000,12506
21847,20,157,0.010000,12506
21848,31,224,0.010000,12507
21849,0,7,0.010000,12507
21850,6,60,0.010000,12507
21851,18,127,0.010000,12507
21852,13,91,0.010000,12508
21853,24,168,0.010000,12508
21854,15,121,0.010000,12508
21855,26,190,0.010000,12508
21856,23,265,0.010000,12509
21857,13,119,0.010000,12509
21858,21,211,0.010000,12510
21859,17,136,0.010000,12511
21860,6,34,0.010000,12511
21861,22,183,0.010000,12511
21862,13,124,0.010000,12513
21863,23,212,0.010000,12513
21864,22,191,0.010000,12514
21865,15,114,0.010000,12514
21866,16,115,0.010000,12514
21867,9,59,0.010000,12514
21868,27,216,0.010000,12514
21869,10,58,0.010000,12514
21870,13,142,0.010000,12514
21871,11,100,0.010000,12514
21872,13,101,0.010000,12514
21873,6,57,0.010000,12514
21874,12,110,0.010000,12514
21875,20,183,0.010000,12514
21876,17,126,0.010000,12514
21877,4,32,0.010000,12514
21878,17,129,0.010000,12514
21879,20,180,0.010000,12514
21880,16,112,0.010000,12515
21881,15,128,0.010000,12515
21882,10,73,0.010000,12516
21883,19,147,0.010000,12517
21884,20,186,0.010000,12517
21885,14,95,0.010000,12517
21886,13,68,0.010000,12517
21887,12,103,0.010000,12517
21888,20,148,0.010000,12517
21889,17,143,0.010000,12518
21890,10,55,0.010000,12518
21891,31,285,0.010000,12518
21892,26,203,0.010000,12518
21893,14,124,0.010000,12518
21894,14,113,0.010000,12518
21895,11,83,0.010000,12518
21896,18,157,0.010000,12518
21897,19,155,0.010000,12518
21898,15,108,0.010000,12518
21899,18,145,0.010000,12518
21900,20,164,0.010000,12518
21901,22,236,0.010000,12518
21902,10,60,0.010000,12518
21903,19,168,0.010000,12519
21904,21,215,0.010000,12519
21905,20,191,0.010000,12519
21906,15,123,0.010000,12519
21907,13,101,0.010000,12519
21908,25,194,0.010000,12519
21909,11,77,0.010000,12519
21910,19,104,0.010000,12519
21911,22,215,0.010000,12520
21912,0,6,0.010000,12520
21913,19,218,0.010000,12520
21914,17,109,0.010000,12520
21915,19,150,0.010000,12520
21916,26,235,0.010000,12520
21917,20,181,0.010000,12520
21918,18,130,0.010000,12520
21919,11,93,0.010000,12520
21920,19,163,0.010000,12520
21921,16,133,0.010000,12520
21922,16,110,0.010000,12520
21923,22,174,0.010000,12520
21924,19,150,0.010000,12521
21925,8,53,0.010000,12522
21926,14,135,0.010000,12522
21927,9,43,0.010000,12522
21928,5,53,0.010000,12522
21929,20,210,0.010000,12522
21930,9,70,0.010000,12522
21931,15,136,0.010000,12522
21932,20,183,0.010000,12522
21933,18,119,0.010000,12522
21934,16,138,0.010000,12522
21935,25,153,0.010000,12522
21936,6,57,0.010000,12522
21937,24,202,0.010000,12523
21938,18,149,0.010000,12523
21939,18,154,0.010000,12523
21940,13,131,0.010000,12523
21941,17,154,0.010000,12523
21942,17,151,0.010000,12523
21943,21,181,0.010000,12523
21944,22,191,0.010000,12523
21945,18,121,0.010000,12523
21946,19,154,0.010000,12524
21947,20,195,0.010000,12524
21948,21,210,0.010000,12524
21949,19,165,0.010000,12525
21950,9,64,0.010000,12525
21951,22,249,0.010000,12525
21952,17,133,0.010000,12525
21953,30,304,0.010000,12526
21954,6,59,0.010000,12526
21955,14,125,0.010000,12526
21956,5,38,0.010000,12527
21957,17,101,0.010000,12528
21958,19,197,0.010000,12528
21959,9,78,0.010000,12528
21960,14,107,0.010000,12528
21961,21,193,0.010000,12528
21962,12,107,0.010000,12528
21963,16,116,0.010000,12528
21964,22,204,0.010000,12528
21965,14,139,0.010000,12528
21966,20,169,0.010000,12528
21967,17,137,0.010000,12529
21968,13,120,0.010000,12529
21969,13,94,0.010000,12529
21970,25,187,0.010000,12530
21971,20,138,0.010000,12531
21972,11,92,0.010000,12531
21973,15,112,0.010000,12531
21974,12,94,0.010000,12531
21975,10,63,0.010000,12531
21976,16,117,0.010000,12531
21977,17,134,0.010000,12532
21978,6,52,0.010000,12532
21979,19,174,0.010000,12532
21980,24,206,0.010000,12532
21981,12,82,0.010000,12532
21982,22,178,0.010000,12532
21983,6,46,0.010000,12532
21984,12,66,0.010000,12532
21985,15,118,0.010000,12533
21986,18,162,0.010000,12533
21987,21,178,0.010000,12533
21988,7,61,0.010000,12533
21989,7,67,0.010000,12533
21990,8,53,0.010000,12533
21991,1,13,0.010000,12533
21992,3,31,0.010000,12533
21993,20,160,0.010000,12533
21994,15,149,0.010000,12533
21995,15,137,0.010000,12534
21996,13,101,0.010000,12535
21997,24,227,0.010000,12535
21998,19,178,0.010000,12535
21999,13,113,0.010000,12535
22000,17,143,0.010000,12535
22001,23,237,0.010000,12535
22002,21,171,0.010000,12535
22003,16,117,0.010000,12535
22004,22,180,0.010000,12535
22005,22,152,0.010000,12535
22006,14,114,0.010000,12535
22007,27,209,0.010000,12535
22008,9,60,0.010000,12535
22009,20,155,0.010000,12535
22010,13,95,0.010000,12535
22011,12,94,0.010000,12535
22012,7,49,0.010000,12535
22013,16,132,0.010000,12535
22014,21,197,0.010000,12535
22015,20,144,0.010000,12535
22016,21,178,0.010000,12535
22017,21,162,0.010000,12535
22018,3,14,0.010000,12535
22019,9,80,0.010000,12535
22020,22,199,0.010000,12535
22021,17,152,0.010000,12535
22022,17,109,0.010000,12535
22023,6,43,0.010000,12535
22024,10,76,0.010000,12535
22025,11,89,0.010000,12535
22026,25,235,0.010000,12536
22027,16,127,0.010000,12536
22028,15,102,0.010000,12536
22029,15,114,0.010000,12536
22030,18,123,0.010000,12536
22031,23,200,0.010000,12536
22032,18,192,0.010000,12536
22033,14,137,0.010000,12536
22034,22,132,0.010000,12536
22035,23,202,0.010000,12536
22036,24,181,0.010000,12536
22037,12,72,0.010000,12536
22038,17,106,0.010000,12536
22039,16,149,0.010000,12536
22040,14,121,0.010000,12536
22041,17,128,0.010000,12536
22042,13,98,0.010000,12536
22043,16,130,0.010000,12536
22044,21,191,0.010000,12536
22045,14,121,0.010000,12536
22046,10,77,0.010000,12536
22047,20,166,0.010000,12536
22048,15,151,0.010000,12537
22049,18,143,0.010000,12538
22050,17,117,0.010000,12538
22051,16,128,0.010000,12538
22052,20,173,0.010000,12538
22053,7,37,0.010000,12539
22054,21,177,0.010000,12539
22055,21,238,0.010000,12540
22056,23,193,0.010000,12541
22057,18,157,0.010000,12542
22058,11,95,0.010000,12542
22059,24,197,0.010000,12542
22060,19,200,0.010000,12542
22061,18,183,0.010000,12542
22062,12,98,0.010000,12542
22063,18,127,0.010000,12543
22064,15,105,0.010000,12543
22065,9,68,0.010000,12543
22066,11,91,0.010000,12543
22067,7,60,0.010000,12543
22068,20,151,0.010000,12543
22069,25,249,0.010000,12543
22070,11,67,0.010000,12543
22071,21,199,0.010000,12543
22072,9,82,0.010000,12543
22073,13,87,0.010000,12543
22074,18,151,0.010000,12543
22075,19,164,0.010000,12543
22076,13,94,0.010000,12543
22077,12,129,0.010000,12543
22078,15,117,0.010000,12543
22079,12,99,0.010000,12543
22080,17,165,0.010000,12544
22081,23,240,0.010000,12545
22082,17,148,0.010000,12545
22083,17,176,0.010000,12545
22084,28,208,0.010000,12545
22085,12,92,0.010000,12546
22086,18,149,0.010000,12546
22087,20,174,0.010000,12546
22088,20,198,0.010000,12546
22089,17,152,0.010000,12546
22090,10,73,0.010000,12546
22091,19,185,0.010000,12546
22092,23,176,0.010000,12546
22093,25,217,0.010000,12546
22094,13,130,0.010000,12546
22095,11,75,0.010000,12546
22096,20,158,0.010000,12546
22097,9,84,0.010000,12546
22098,13,118,0.010000,12547
22099,16,132,0.010000,12547
22100,15,112,0.010000,12547
22101,10,97,0.010000,12547
22102,19,198,0.010000,12547
22103,15,101,0.010000,12547
22104,10,99,0.010000,12547
22105,16,134,0.010000,12548
22106,24,241,0.010000,12548
22107,15,141,0.010000,12549
22108,22,181,0.010000,12549
22109,15,123,0.010000,12549
22110,11,94,0.010000,12549
22111,14,108,0.010000,12549
22112,25,228,0.010000,12549
22113,21,166,0.010000,12549
22114,29,290,0.010000,12550
22115,23,194,0.010000,12551
22116,22,186,0.010000,12551
22117,16,120,0.010000,12551
22118,19,161,0.010000,12551
22119,14,112,0.010000,12551
22120,19,163,0.010000,12552
22121,24,245,0.010000,12552
22122,7,64,0.010000,12552
22123,7,55,0.010000,12553
22124,12,108,0.010000,12553
22125,24,201,0.010000,12553
22126,16,147,0.010000,12553
22127,16,134,0.010000,12553
22128,19,187,0.010000,12554
22129,19,165,0.010000,12554
22130,15,116,0.010000,12554
22131,10,90,0.010000,12554
22132,7,76,0.010000,12554
22133,13,105,0.010000,12554
22134,21,167,0.010000,12554
22135,18,147,0.010000,12554
22136,22,185,0.010000,12554
22137,17,122,0.010000,12555
22138,15,116,0.010000,12555
22139,7,53,0.010000,12555
22140,12,103,0.010000,12555
22141,12,111,0.010000,12555
22142,17,169,0.010000,12555
22143,15,128,0.010000,12555
22144,13,100,0.010000,12556
22145,21,140,0.010000,12556
22146,2,11,0.010000,12556
22147,24,214,0.010000,12556
22148,24,226,0.010000,12556
22149,16,174,0.010000,12556
22150,19,155,0.010000,12556
22151,14,125,0.010000,12556
22152,18,154,0.010000,12557
22153,28,248,0.010000,12557
22154,19,213,0.010000,12557
22155,23,197,0.010000,12557
22156,22,197,0.010000,12557
22157,18,152,0.010000,12557
22158,19,141,0.010000,12558
22159,24,249,0.010000,12558
22160,29,279,0.010000,12558
22161,11,91,0.010000,12558
22162,20,197,0.010000,12558
22163,7,64,0.010000,12558
22164,11,98,0.010000,12558
22165,21,175,0.010000,12558
22166,16,130,0.010000,12558
22167,6,73,0.010000,12558
22168,17,117,0.010000,12558
22169,16,126,0.010000,12558
22170,10,64,0.010000,12558
22171,27,248,0.010000,12558
22172,27,201,0.010000,12558
22173,24,217,0.010000,12559
22174,15,98,0.010000,12560
22175,29,256,0.010000,12560
22176,16,111,0.010000,12560
22177,18,172,0.010000,12560
22178,14,131,0.010000,12560
22179,20,160,0.010000,12561
22180,12,84,0.010000,12561
22181,11,80,0.010000,12561
22182,13,124,0.010000,12561
22183,8,59,0.010000,12561
22184,14,107,0.010000,12561
22185,12,93,0.010000,12561
22186,19,179,0.010000,12562
22187,1,9,0.010000,12562
22188,21,187,0.010000,12562
22189,17,140,0.010000,12563
22190,12,96,0.010000,12563
22191,18,163,0.010000,12563
22192,13,89,0.010000,12563
22193,18,173,0.010000,12563
22194,18,170,0.010000,12563
22195,20,182,0.010000,12563
22196,13,79,0.010000,12563
22197,19,159,0.010000,12563
22198,19,161,0.010000,12563
22199,9,54,0.010000,12563
22200,9,71,0.010000,12564
22201,16,132,0.010000,12564
22202,25,188,0.010000,12564
22203,13,111,0.010000,12564
22204,26,235,0.010000,12564
22205,10,66,0.010000,12564
22206,9,66,0.010000,12564
22207,20,147,0.010000,12564
22208,10,103,0.010000,12564
22209,11,79,0.010000,12564
22210,2,16,0.010000,12564
22211,23,152,0.010000,12564
22212,16,153,0.010000,12564
22213,11,102,0.010000,12565
22214,16,134,0.010000,12565
22215,17,147,0.010000,12565
22216,30,242,0.010000,12565
22217,12,99,0.010000,12566
22218,18,141,0.010000,12566
22219,24,216,0.010000,12566
22220,21,197,0.010000,12566
22221,15,125,0.010000,12566
22222,30,233,0.010000,12566
22223,17,162,0.010000,12566
22224,24,176,0.010000,12566
22225,14,129,0.010000,12566
22226,6,27,0.010000,12566
22227,14,106,0.010000,12566
22228,14,133,0.010000,12566
22229,21,201,0.010000,12566
22230,12,84,0.010000,12566
22231,16,96,0.010000,12566
22232,16,145,0.010000,12566
22233,7,60,0.010000,12566
22234,3,36,0.010000,12566
22235,15,114,0.010000,12566
22236,13,142,0.010000,12566
22237,10,84,0.010000,12566
22238,10,67,0.010000,12566
22239,20,180,0.010000,12566
22240,24,213,0.010000,12566
22241,8,83,0.010000,12566
22242,10,63,0.010000,12566
22243,13,99,0.010000,12566
22244,17,111,0.010000,12567
22245,16,137,0.010000,12567
22246,24,208,0.010000,12568
22247,16,138,0.010000,12568
22248,10,87,0.010000,12568
22249,12,75,0.010000,12568
22250,15,105,0.010000,12568
22251,15,147,0.010000,12568
22252,7,46,0.010000,12569
22253,7,37,0.010000,12570
22254,23,174,0.010000,12571
22255,5,57,0.010000,12571
22256,9,83,0.010000,12571
22257,8,76,0.010000,12571
22258,15,110,0.010000,12572
22259,19,182,0.010000,12572
22260,13,108,0.010000,12572
22261,26,208,0.010000,12572
22262,18,163,0.010000,12572
22263,15,133,0.010000,12572
22264,21,241,0.010000,12572
22265,14,124,0.010000,12573
22266,17,134,0.010000,12573
22267,16,116,0.010000,12573
22268,6,48,0.010000,12573
22269,18,143,0.010000,12573
22270,7,43,0.010000,12573
22271,22,128,0.010000,12574
22272,13,107,0.010000,12574
22273,18,127,0.010000,12574
22274,19,164,0.010000,12574
22275,16,100,0.010000,12574
22276,16,113,0.010000,12574
22277,20,162,0.010000,12574
22278,18,134,0.010000,12574
22279,17,143,0.010000,12574
22280,20,160,0.010000,12574
22281,18,152,0.010000,12574
22282,12,114,0.010000,12574
22283,0,6,0.010000,12574
22284,2,11,0.010000,12574
22285,17,127,0.010000,12574
22286,19,141,0.010000,12574
22287,14,116,0.010000,12576
22288,10,101,0.010000,12577
22289,17,141,0.010000,12577
22290,16,115,0.010000,12577
22291,22,189,0.010000,12577
22292,19,185,0.010000,12577
22293,12,100,0.010000,12577
22294,22,172,0.010000,12577
22295,21,147,0.010000,12577
22296,18,129,0.010000,12577
22297,19,186,0.010000,12577
22298,22,186,0.010000,12577
22299,8,75,0.010000,12577
22300,8,46,0.010000,12577
22301,18,149,0.010000,12577
22302,18,162,0.010000,12577
22303,23,167,0.010000,12578
22304,10,69,0.010000,12578
22305,19,154,0.010000,12578
22306,9,73,0.010000,12579
22307,9,90,0.010000,12579
22308,23,177,0.010000,12579
22309,27,251,0.010000,12580
22310,17,136,0.010000,12580
22311,12,105,0.010000,12580
22312,14,98,0.010000,12580
22313,14,110,0.010000,12580
22314,3,21,0.010000,12580
22315,18,145,0.010000,12580
22316,15,142,0.010000,12580
22317,14,143,0.010000,12580
22318,23,222,0.010000,12580
22319,17,145,0.010000,12580
22320,19,131,0.010000,12580
22321,14,133,0.010000,12580
22322,11,70,0.010000,12581
22323,24,188,0.010000,12581
22324,28,218,0.010000,12581
22325,16,115,0.010000,12581
22326,11,79,0.010000,12581
22327,13,124,0.010000,12581
22328,8,67,0.010000,12581
22329,11,93,0.010000,12581
22330,19,179,0.010000,12581
22331,18,157,0.010000,12581
22332,16,174,0.010000,12581
22333,18,147,0.010000,12582
22334,13,119,0.010000,12583
22335,27,230,0.010000,12584
22336,11,95,0.010000,12584
22337,15,118,0.010000,12584
22338,12,82,0.010000,12584
22339,20,179,0.010000,12584
22340,24,202,0.010000,12584
22341,5,35,0.010000,12584
22342,7,50,0.010000,12584
22343,16,126,0.010000,12584
22344,21,155,0.010000,12584
22345,7,41,0.010000,12584
22346,23,188,0.010000,12584
22347,14,107,0.010000,12584
22348,12,72,0.010000,12584
22349,8,68,0.010000,12584
22350,15,140,0.010000,12584
22351,26,255,0.010000,12584
22352,11,85,0.010000,12584
22353,2,21,0.010000,12584
22354,17,142,0.010000,12585
22355,16,142,0.010000,12585
22356,14,124,0.010000,12585
22357,16,122,0.010000,12585
22358,12,99,0.010000,12585
22359,19,154,0.010000,12585
22360,21,167,0.010000,12585
22361,3,18,0.010000,12585
22362,14,95,0.010000,12585
22363,15,110,0.010000,12585
22364,9,74,0.010000,12586
22365,21,137,0.010000,12586
22366,20,195,0.010000,12586
22367,29,258,0.010000,12586
22368,11,90,0.010000,12587
22369,6,44,0.010000,12587
22370,13,108,0.010000,12587
22371,17,155,0.010000,12587
22372,18,156,0.010000,12587
22373,19,164,0.010000,12587
22374,21,174,0.010000,12587
22375,18,145,0.010000,12587
22376,19,167,0.010000,12587
22377,15,102,0.010000,12587
22378,12,83,0.010000,12587
22379,18,134,0.010000,12587
22380,17,152,0.010000,12587
22381,16,150,0.010000,12587
22382,13,74,0.010000,12587
22383,21,115,0.010000,12588
22384,15,123,0.010000,12588
22385,8,69,0.010000,12588
22386,14,114,0.010000,12588
22387,26,253,0.010000,12588
22388,11,72,0.010000,12588
22389,18,152,0.010000,12588
22390,22,185,0.010000,12588
22391,12,96,0.010000,12588
22392,14,109,0.010000,12588
22393,6,45,0.010000,12588
22394,11,95,0.010000,12588
22395,14,134,0.010000,12588
22396,16,131,0.010000,12588
22397,9,51,0.010000,12588
22398,15,121,0.010000,12588
22399,9,50,0.010000,12588
22400,22,175,0.010000,12588
22401,8,69,0.010000,12588
22402,17,159,0.010000,12588
22403,7,53,0.010000,12588
22404,4,28,0.010000,12588
22405,14,114,0.010000,12589
22406,8,56,0.010000,12589
22407,20,165,0.010000,12589
22408,11,81,0.010000,12589
22409,18,144,0.010000,12589
22410,13,87,0.010000,12590
22411,19,151,0.010000,12590
22412,13,96,0.010000,12590
22413,13,98,0.010000,12590
22414,13,120,0.010000,12590
22415,15,102,0.010000,12590
22416,13,90,0.010000,12590
22417,12,81,0.010000,12590
22418,14,112,0.010000,12590
22419,15,126,0.010000,12590
22420,18,136,0.010000,12590
22421,28,267,0.010000,12590
22422,20,172,0.010000,12590
22423,17,150,0.010000,12590
22424,18,160,0.010000,12590
22425,12,101,0.010000,12590
22426,10,77,0.010000,12590
22427,7,55,0.010000,12590
22428,12,83,0.010000,12590
22429,23,176,0.010000,12590
22430,15,136,0.010000,12591
22431,13,76,0.010000,12591
22432,3,11,0.010000,12591
22433,20,173,0.010000,12591
22434,14,102,0.010000,12591
22435,8,75,0.010000,12591
22436,6,46,0.010000,12591
22437,10,78,0.010000,12591
22438,20,194,0.010000,12591
22439,28,275,0.010000,12591
22440,15,86,0.010000,12592
22441,15,128,0.010000,12593
22442,12,93,0.010000,12593
22443,22,152,0.010000,12593
22444,15,99,0.010000,12593
22445,24,243,0.010000,12593
22446,14,86,0.010000,12593
22447,15,116,0.010000,12594
22448,25,177,0.010000,12594
22449,17,116,0.010000,12594
22450,18,183,0.010000,12594
22451,10,83,0.010000,12594
22452,9,62,0.010000,12594
22453,16,125,0.010000,12594
22454,13,118,0.010000,12595
22455,22,195,0.010000,12595
22456,10,89,0.010000,12595
22457,16,140,0.010000,12595
22458,19,155,0.010000,12595
22459,9,53,0.010000,12595
22460,11,97,0.010000,12595
22461,20,187,0.010000,12595
22462,6,36,0.010000,12595
22463,9,79,0.010000,12595
22464,20,206,0.010000,12595
22465,14,133,0.010000,12595
22466,26,254,0.010000,12595
22467,15,125,0.010000,12596
22468,13,115,0.010000,12597
22469,19,138,0.010000,12597
22470,20,154,0.010000,12597
22471,24,194,0.010000,12597
22472,14,112,0.010000,12597
22473,11,118,0.010000,12597
22474,12,105,0.010000,12597
22475,14,99,0.010000,12597
22476,17,138,0.010000,12597
22477,23,196,0.010000,12597
22478,10,93,0.010000,12597
22479,13,106,0.010000,12597
22480,13,107,0.010000,12597
22481,12,105,0.010000,12597
22482,18,119,0.010000,12597
22483,18,129,0.010000,12597
22484,10,79,0.010000,12597
22485,4,27,0.010000,12597
22486,16,136,0.010000,12597
22487,7,52,0.010000,12597
22488,5,22,0.010000,12598
22489,13,74,0.010000,12598
22490,25,186,0.010000,12598
22491,9,66,0.010000,12598
22492,22,172,0.010000,12598
22493,11,95,0.010000,12599
22494,11,103,0.010000,12599
22495,15,111,0.010000,12599
22496,21,162,0.010000,12600
22497,9,76,0.010000,12600
22498,8,65,0.010000,12600
22499,17,120,0.010000,12601
22500,19,184,0.010000,12601
22501,13,110,0.010000,12601
22502,27,232,0.010000,12601
22503,23,171,0.010000,12601
22504,12,122,0.010000,12601
22505,16,146,0.010000,12601
22506,16,94,0.010000,12601
22507,26,181,0.010000,12601
22508,6,44,0.010000,12601
22509,16,123,0.010000,12602
22510,12,114,0.010000,12602
22511,21,171,0.010000,12602
22512,13,108,0.010000,12602
22513,14,130,0.010000,12602
22514,10,105,0.010000,12602
22515,16,117,0.010000,12602
22516,5,43,0.010000,12602
22517,17,149,0.010000,12602
22518,16,117,0.010000,12602
22519,12,105,0.010000,12602
22520,19,132,0.010000,12602
22521,15,143,0.010000,12602
22522,6,43,0.010000,12602
22523,2,14,0.010000,12602
22524,20,158,0.010000,12602
22525,2,19,0.010000,12602
22526,18,193,0.010000,12603
22527,9,43,0.010000,12603
22528,18,151,0.010000,12603
22529,20,188,0.010000,12603
22530,20,184,0.010000,12603
22531,12,90,0.010000,12603
22532,15,112,0.010000,12603
22533,22,159,0.010000,12603
22534,25,161,0.010000,12603
22535,19,116,0.010000,12603
22536,12,105,0.010000,12603
22537,20,165,0.010000,12603
22538,15,132,0.010000,12603
22539,16,133,0.010000,12603
22540,19,169,0.010000,12603
22541,8,77,0.010000,12603
22542,20,157,0.010000,12603
22543,21,219,0.010000,12603
22544,17,145,0.010000,12604
22545,14,97,0.010000,12604
22546,14,89,0.010000,12605
22547,17,159,0.010000,12605
22548,17,123,0.010000,12605
22549,23,255,0.010000,12605
22550,9,80,0.010000,12605
22551,10,85,0.010000,12605
22552,16,86,0.010000,12605
22553,9,82,0.010000,12605
22554,14,82,0.010000,12605
22555,15,121,0.010000,12605
22556,23,207,0.010000,12605
22557,11,57,0.010000,12605
22558,24,243,0.010000,12605
22559,2,24,0.010000,12605
22560,28,261,0.010000,12605
22561,16,98,0.010000,12606
22562,18,131,0.010000,12607
22563,5,31,0.010000,12607
22564,14,135,0.010000,12607
22565,15,125,0.010000,12608
22566,20,176,0.010000,12608
22567,13,124,0.010000,12608
22568,16,134,0.010000,12608
22569,15,115,0.010000,12608
22570,20,146,0.010000,12608
22571,15,130,0.010000,12609
22572,16,125,0.010000,12609
22573,18,156,0.010000,12609
22574,28,242,0.010000,12609
22575,15,114,0.010000,12610
22576,23,166,0.010000,12610
22577,16,139,0.010000,12610
22578,13,90,0.010000,12610
22579,22,165,0.010000,12610
22580,23,193,0.010000,12610
22581,21,175,0.010000,12610
22582,12,78,0.010000,12611
22583,13,112,0.010000,12611
22584,13,107,0.010000,12611
22585,18,184,0.010000,12611
22586,12,98,0.010000,12611
22587,16,126,0.010000,12612
22588,14,114,0.010000,12612
22589,6,48,0.010000,12612
22590,14,111,0.010000,12612
22591,18,160,0.010000,12613
22592,12,113,0.010000,12613
22593,15,120,0.010000,12613
22594,22,182,0.010000,12613
22595,17,161,0.010000,12613
22596,2,12,0.010000,12613
22597,1,7,0.010000,12613
22598,21,198,0.010000,12613
22599,11,96,0.010000,12613
22600,19,153,0.010000,12613
22601,20,145,0.010000,12613
22602,10,81,0.010000,12613
22603,17,134,0.010000,12614
22604,2,20,0.010000,12614
22605,8,52,0.010000,12614
22606,12,104,0.010000,12614
22607,10,71,0.010000,12614
22608,10,73,0.010000,12614
22609,18,147,0.010000,12614
22610,7,33,0.010000,12614
22611,18,162,0.010000,12614
22612,12,92,0.010000,12614
22613,16,127,0.010000,12614
22614,1,11,0.010000,12614
22615,11,66,0.010000,12614
22616,18,183,0.010000,12614
22617,16,134,0.010000,12614
22618,24,200,0.010000,12614
22619,9,52,0.010000,12614
22620,8,68,0.010000,12614
22621,12,98,0.010000,12614
22622,16,131,0.010000,12614
22623,13,124,0.010000,12614
22624,23,165,0.010000,12614
22625,19,177,0.010000,12614
22626,13,92,0.010000,12614
22627,21,165,0.010000,12614
22628,18,106,0.010000,12614
22629,11,76,0.010000,12614
22630,28,243,0.010000,12614
22631,8,67,0.010000,12614
22632,24,178,0.010000,12615
22633,22,171,0.010000,12615
22634,8,57,0.010000,12616
22635,18,152,0.010000,12616
22636,27,257,0.010000,12616
22637,18,143,0.010000,12616
22638,20,172,0.010000,12616
22639,10,83,0.010000,12616
22640,11,78,0.010000,12616
22641,26,197,0.010000,12617
22642,25,215,0.010000,12617
22643,23,181,0.010000,12617
22644,14,91,0.010000,12617
22645,24,204,0.010000,12617
22646,3,17,0.010000,12617
22647,12,91,0.010000,12617
22648,15,116,0.010000,12618
22649,12,91,0.010000,12618
22650,22,232,0.010000,12620
22651,10,64,0.010000,12620
22652,18,152,0.010000,12620
22653,7,38,0.010000,12620
22654,18,131,0.010000,12621
22655,16,139,0.010000,12621
22656,18,176,0.010000,12621
22657,13,102,0.010000,12621
22658,3,22,0.010000,12621
22659,9,69,0.010000,12621
22660,22,203,0.010000,12621
22661,20,169,0.010000,12621
22662,3,34,0.010000,12621
22663,22,177,0.010000,12621
22664,13,105,0.010000,12621
22665,14,103,0.010000,12621
22666,21,172,0.010000,12621
22667,10,71,0.010000,12621
22668,10,89,0.010000,12621
22669,8,91,0.010000,12622
22670,7,42,0.010000,12623
22671,11,87,0.010000,12623
22672,6,43,0.010000,12623
22673,12,86,0.010000,12623
22674,14,102,0.010000,12623
22675,9,65,0.010000,12623
22676,12,104,0.010000,12623
22677,15,138,0.010000,12623
22678,9,84,0.010000,12623
22679,23,222,0.010000,12624
22680,14,104,0.010000,12624
22681,7,51,0.010000,12624
22682,10,71,0.010000,12624
22683,20,190,0.010000,12624
22684,18,153,0.010000,12624
22685,23,174,0.010000,12626
22686,14,96,0.010000,12626
22687,15,142,0.010000,12626
22688,22,183,0.010000,12626
22689,15,117,0.010000,12626
22690,21,183,0.010000,12627
22691,1,14,0.010000,12627
22692,3,28,0.010000,12627
22693,7,46,0.010000,12627
22694,16,117,0.010000,12627
22695,7,57,0.010000,12627
22696,16,121,0.010000,12627
22697,16,141,0.010000,12627
22698,22,168,0.010000,12627
22699,10,75,0.010000,12627
22700,14,115,0.010000,12627
22701,18,144,0.010000,12627
22702,21,155,0.010000,12627
22703,9,75,0.010000,12627
22704,23,202,0.010000,12627
22705,17,117,0.010000,12627
22706,9,65,0.010000,12628
22707,28,201,0.010000,12628
22708,18,154,0.010000,12628
22709,25,214,0.010000,12628
22710,14,97,0.010000,12628
22711,22,196,0.010000,12631
22712,24,231,0.010000,12632
22713,15,124,0.010000,12632
22714,23,183,0.010000,12632
22715,14,101,0.010000,12632
22716,18,149,0.010000,12632
22717,10,85,0.010000,12632
22718,13,81,0.010000,12634
22719,20,159,0.010000,12635
22720,13,127,0.010000,12635
22721,16,152,0.010000,12636
22722,22,179,0.010000,12636
22723,16,169,0.010000,12636
22724,11,84,0.010000,12637
22725,8,58,0.010000,12637
22726,14,110,0.010000,12637
22727,11,93,0.010000,12637
22728,17,102,0.010000,12637
22729,7,60,0.010000,12637
22730,19,162,0.010000,12637
22731,14,97,0.010000,12637
22732,17,167,0.010000,12637
22733,12,96,0.010000,12637
22734,29,235,0.010000,12638
22735,29,201,0.010000,12638
22736,17,113,0.010000,12638
22737,18,153,0.010000,12638
22738,16,109,0.010000,12638
22739,12,83,0.010000,12638
22740,5,45,0.010000,12638
22741,12,128,0.010000,12638
22742,13,116,0.010000,12638
22743,6,54,0.010000,12638
22744,11,80,0.010000,12638
22745,20,178,0.010000,12638
22746,12,107,0.010000,12638
22747,16,143,0.010000,12638
22748,10,79,0.010000,12638
22749,19,138,0.010000,12638
22750,11,77,0.010000,12638
22751,22,174,0.010000,12639
22752,12,87,0.010000,12639
22753,11,87,0.010000,12639
22754,20,152,0.010000,12639
22755,8,77,0.010000,12639
22756,12,88,0.010000,12639
22757,20,181,0.010000,12639
22758,17,146,0.010000,12639
22759,3,20,0.010000,12639
22760,18,144,0.010000,12639
22761,14,138,0.010000,12639
22762,1,9,0.010000,12639
22763,20,171,0.010000,12639
22764,14,128,0.010000,12639
22765,2,19,0.010000,12639
22766,5,45,0.010000,12639
22767,21,195,0.010000,12639
22768,8,78,0.010000,12639
22769,18,111,0.010000,12639
22770,20,151,0.010000,12639
22771,18,131,0.010000,12639
22772,18,150,0.010000,12639
22773,17,132,0.010000,12639
22774,15,122,0.010000,12639
22775,12,92,0.010000,12639
22776,17,129,0.010000,12639
22777,24,211,0.010000,12639
22778,17,159,0.010000,12639
22779,13,83,0.010000,12639
22780,15,119,0.010000,12639
22781,13,108,0.010000,12639
22782,23,178,0.010000,12639
22783,10,82,0.010000,12639
22784,10,68,0.010000,12639
22785,16,125,0.010000,12640
22786,17,156,0.010000,12640
22787,11,103,0.010000,12640
22788,18,156,0.010000,12640
22789,11,76,0.010000,12640
22790,21,173,0.010000,12640
22791,19,136,0.010000,12641
22792,22,153,0.010000,12641
22793,11,82,0.010000,12641
22794,21,173,0.010000,12641
22795,12,103,0.010000,12641
22796,18,150,0.010000,12641
22797,18,126,0.010000,12642
22798,2,19,0.010000,12642
22799,18,170,0.010000,12642
22800,22,164,0.010000,12643
22801,6,28,0.010000,12643
22802,11,96,0.010000,12643
22803,17,176,0.010000,12643
22804,22,175,0.010000,12644
22805,14,114,0.010000,12644
22806,18,137,0.010000,12644
22807,25,201,0.010000,12644
22808,20,150,0.010000,12644
22809,15,129,0.010000,12644
22810,22,190,0.010000,12644
22811,18,168,0.010000,12644
22812,13,114,0.010000,12645
22813,20,146,0.010000,12645
22814,17,134,0.010000,12646
22815,14,142,0.010000,12646
22816,22,200,0.010000,12646
22817,28,230,0.010000,12646
22818,19,162,0.010000,12646
22819,13,88,0.010000,12646
22820,3,22,0.010000,12646
22821,10,87,0.010000,12646
22822,22,188,0.010000,12646
22823,20,150,0.010000,12646
22824,21,173,0.010000,12646
22825,7,48,0.010000,12646
22826,16,137,0.010000,12646
22827,6,47,0.010000,12646
22828,15,127,0.010000,12646
22829,26,171,0.010000,12646
22830,17,102,0.010000,12646
22831,24,229,0.010000,12646
22832,31,241,0.010000,12646
22833,11,76,0.010000,12647
22834,18,172,0.010000,12647
22835,18,155,0.010000,12647
22836,22,176,0.010000,12647
22837,20,119,0.010000,12647
22838,11,74,0.010000,12647
22839,17,150,0.010000,12648
22840,2,18,0.010000,12648
22841,29,222,0.010000,12648
22842,11,76,0.010000,12648
22843,12,109,0.010000,12648
22844,20,133,0.010000,12648
22845,21,148,0.010000,12648
22846,24,173,0.010000,12648
22847,19,138,0.010000,12648
22848,15,140,0.010000,12648
22849,8,60,0.010000,12648
22850,16,129,0.010000,12648
22851,18,129,0.010000,12648
22852,22,173,0.010000,12648
22853,7,47,0.010000,12648
22854,19,144,0.010000,12648
22855,5,49,0.010000,12648
22856,4,23,0.010000,12648
22857,16,114,0.010000,12649
22858,13,109,0.010000,12649
22859,27,245,0.010000,12650
22860,0,6,0.010000,12650
22861,21,202,0.010000,12650
22862,19,180,0.010000,12650
22863,20,213,0.010000,12650
22864,25,238,0.010000,12650
22865,17,147,0.010000,12650
22866,21,172,0.010000,12650
22867,16,147,0.010000,12650
22868,6,72,0.010000,12650
22869,19,158,0.010000,12650
22870,11,110,0.010000,12650
22871,10,82,0.010000,12650
22872,8,82,0.010000,12651
22873,9,72,0.010000,12651
22874,23,191,0.010000,12651
22875,18,131,0.010000,12652
22876,14,117,0.010000,12652
22877,15,142,0.010000,12652
22878,21,161,0.010000,12652
22879,8,48,0.010000,12652
22880,15,129,0.010000,12653
22881,15,120,0.010000,12653
22882,10,55,0.010000,12653
22883,17,109,0.010000,12653
22884,18,170,0.010000,12653
22885,15,111,0.010000,12653
22886,14,92,0.010000,12653
22887,18,113,0.010000,12653
22888,12,87,0.010000,12653
22889,10,96,0.010000,12653
22890,28,253,0.010000,12653
22891,10,69,0.010000,12654
22892,14,105,0.010000,12654
22893,11,82,0.010000,12654
22894,15,93,0.010000,12654
22895,13,125,0.010000,12654
22896,22,153,0.010000,12654
22897,13,103,0.010000,12654
22898,20,173,0.010000,12654
22899,25,220,0.010000,12655
22900,17,126,0.010000,12656
22901,16,105,0.010000,12656
22902,13,107,0.010000,12656
22903,13,119,0.010000,12656
22904,13,110,0.010000,12656
22905,8,71,0.010000,12656
22906,19,167,0.010000,12657
22907,17,171,0.010000,12657
22908,16,117,0.010000,12657
22909,22,174,0.010000,12657
22910,14,121,0.010000,12657
22911,8,82,0.010000,12657
22912,10,55,0.010000,12657
22913,12,121,0.010000,12657
22914,21,174,0.010000,12657
22915,11,70,0.010000,12657
22916,7,52,0.010000,12657
22917,17,138,0.010000,12657
22918,20,144,0.010000,12658
22919,17,146,0.010000,12658
22920,17,193,0.010000,12658
22921,9,65,0.010000,12658
22922,21,173,0.010000,12658
22923,12,87,0.010000,12658
22924,16,139,0.010000,12658
22925,12,86,0.010000,12658
22926,10,57,0.010000,12658
22927,13,107,0.010000,12658
22928,20,151,0.010000,12658
22929,16,138,0.010000,12658
22930,14,122,0.010000,12658
22931,20,182,0.010000,12658
22932,14,109,0.010000,12658
22933,18,164,0.010000,12658
22934,21,195,0.010000,12658
22935,13,92,0.010000,12658
22936,20,181,0.010000,12658
22937,22,166,0.010000,12658
22938,22,167,0.010000,12658
22939,18,180,0.010000,12658
22940,21,167,0.010000,12658
22941,6,39,0.010000,12658
22942,15,105,0.010000,12659
22943,24,189,0.010000,12659
22944,14,133,0.010000,12659
22945,18,162,0.010000,12659
22946,9,85,0.010000,12659
22947,24,204,0.010000,12659
22948,7,53,0.010000,12659
22949,21,199,0.010000,12659
22950,16,132,0.010000,12659
22951,15,86,0.010000,12659
22952,18,168,0.010000,12659
22953,16,118,0.010000,12659
22954,8,59,0.010000,12659
22955,20,144,0.010000,12659
22956,22,181,0.010000,12659
22957,3,17,0.010000,12659
22958,14,88,0.010000,12659
22959,14,133,0.010000,12659
22960,11,106,0.010000,12659
22961,13,102,0.010000,12659
22962,17,166,0.010000,12660
22963,17,121,0.010000,12660
22964,16,139,0.010000,12660
22965,17,136,0.010000,12660
22966,18,157,0.010000,12660
22967,23,154,0.010000,12660
22968,20,209,0.010000,12660
22969,20,142,0.010000,12660
22970,15,119,0.010000,12660
22971,17,136,0.010000,12660
22972,13,80,0.010000,12660
22973,12,95,0.010000,12660
22974,28,200,0.010000,12660
22975,19,108,0.010000,12660
22976,9,61,0.010000,12660
22977,18,142,0.010000,12660
22978,21,173,0.010000,12660
22979,15,100,0.010000,12660
22980,27,280,0.010000,12661
22981,12,118,0.010000,12661
22982,16,125,0.010000,12661
22983,9,81,0.010000,12662
22984,19,193,0.010000,12662
22985,9,49,0.010000,12662
22986,18,167,0.010000,12662
22987,13,107,0.010000,12663
22988,27,237,0.010000,12664
22989,24,204,0.010000,12664
22990,3,22,0.010000,12664
22991,12,123,0.010000,12664
22992,17,114,0.010000,12664
22993,14,125,0.010000,12664
22994,14,106,0.010000,12664
22995,18,135,0.010000,12665
22996,23,201,0.010000,12665
22997,16,103,0.010000,12665
22998,20,202,0.010000,12665
22999,9,62,0.010000,12665
23000,3,20,0.010000,12665
23001,18,142,0.010000,12665
23002,15,154,0.010000,12665
23003,3,17,0.010000,12665
23004,28,248,0.010000,12666
23005,21,185,0.010000,12667
23006,21,214,0.010000,12667
23007,16,167,0.010000,12667
23008,13,99,0.010000,12667
23009,13,119,0.010000,12667
23010,12,94,0.010000,12668
23011,19,191,0.010000,12669
23012,20,187,0.010000,12669
23013,24,197,0.010000,12669
23014,19,181,0.010000,12669
23015,13,109,0.010000,12669
23016,19,150,0.010000,12669
23017,27,235,0.010000,12669
23018,22,177,0.010000,12669
23019,13,81,0.010000,12669
23020,14,123,0.010000,12669
23021,13,76,0.010000,12669
23022,15,97,0.010000,12669
23023,16,132,0.010000,12669
23024,15,114,0.010000,12669
23025,18,182,0.010000,12669
23026,8,51,0.010000,12669
23027,19,180,0.010000,12669
23028,8,55,0.010000,12669
23029,16,152,0.010000,12669
23030,17,149,0.010000,12670
23031,19,152,0.010000,12670
23032,8,68,0.010000,12670
23033,19,182,0.010000,12670
23034,12,81,0.010000,12670
23035,23,196,0.010000,12670
23036,21,187,0.010000,12670
23037,3,22,0.010000,12670
23038,17,135,0.010000,12670
23039,14,132,0.010000,12672
23040,34,315,0.010000,12672
23041,18,143,0.010000,12672
23042,12,133,0.010000,12672
23043,18,148,0.010000,12672
23044,26,186,0.010000,12672
23045,17,129,0.010000,12672
23046,5,28,0.010000,12672
23047,13,101,0.010000,12672
23048,2,11,0.010000,12672
23049,18,126,0.010000,12672
23050,19,174,0.010000,12672
23051,30,215,0.010000,12672
23052,16,133,0.010000,12672
23053,7,62,0.010000,12672
23054,27,241,0.010000,12672
23055,18,143,0.010000,12672
23056,15,97,0.010000,12672
23057,28,236,0.010000,12672
23058,13,152,0.010000,12672
23059,1,10,0.010000,12672
23060,14,135,0.010000,12672
23061,12,100,0.010000,12672
23062,15,135,0.010000,12672
23063,9,77,0.010000,12672
23064,12,102,0.010000,12672
23065,12,113,0.010000,12672
23066,18,185,0.010000,12672
23067,19,157,0.010000,12672
23068,10,94,0.010000,12672
23069,14,109,0.010000,12672
23070,15,137,0.010000,12673
23071,24,196,0.010000,12673
23072,18,185,0.010000,12673
23073,11,91,0.010000,12673
23074,15,132,0.010000,12673
23075,24,210,0.010000,12673
23076,18,161,0.010000,12673
23077,26,245,0.010000,12673
23078,17,172,0.010000,12673
23079,7,60,0.010000,12674
23080,16,168,0.010000,12674
23081,13,112,0.010000,12674
23082,16,119,0.010000,12674
23083,21,204,0.010000,12674
23084,13,93,0.010000,12674
23085,14,88,0.010000,12674
23086,14,97,0.010000,12674
23087,18,152,0.010000,12674
23088,15,116,0.010000,12674
23089,19,173,0.010000,12674
23090,10,84,0.010000,12674
23091,3,13,0.010000,12675
23092,15,98,0.010000,12675
23093,31,304,0.010000,12675
23094,6,51,0.010000,12675
23095,22,171,0.010000,12675
23096,15,114,0.010000,12676
23097,8,64,0.010000,12676
23098,3,19,0.010000,12676
23099,18,173,0.010000,12676
23100,15,145,0.010000,12677
23101,22,231,0.010000,12677
23102,5,35,0.010000,12677
23103,18,145,0.010000,12677
23104,18,165,0.010000,12678
23105,16,123,0.010000,12678
23106,7,47,0.010000,12678
23107,13,83,0.010000,12678
23108,21,193,0.010000,12678
23109,25,232,0.010000,12678
23110,22,141,0.010000,12679
23111,25,209,0.010000,12679
23112,13,56,0.010000,12679
23113,20,184,0.010000,12680
23114,10,62,0.010000,12680
23115,6,48,0.010000,12680
23116,18,142,0.010000,12680
23117,14,100,0.010000,12680
23118,10,80,0.010000,12680
23119,16,151,0.010000,12681
23120,18,133,0.010000,12682
23121,13,134,0.010000,12682
23122,13,98,0.010000,12682
23123,19,143,0.010000,12682
23124,10,102,0.010000,12682
23125,23,200,0.010000,12682
23126,17,137,0.010000,12682
23127,11,80,0.010000,12683
23128,6,33,0.010000,12683
23129,22,177,0.010000,12683
23130,4,30,0.010000,12684
23131,14,104,0.010000,12684
23132,12,93,0.010000,12684
23133,15,127,0.010000,12684
23134,20,186,0.010000,12684
23135,18,128,0.010000,12684
23136,20,149,0.010000,12684
23137,8,72,0.010000,12684
23138,13,103,0.010000,12684
23139,10,87,0.010000,12684
23140,13,127,0.010000,12684
23141,18,162,0.010000,12684
23142,16,121,0.010000,12684
23143,9,74,0.010000,12684
23144,18,123,0.010000,12684
23145,13,127,0.010000,12684
23146,20,138,0.010000,12684
23147,13,106,0.010000,12684
23148,17,138,0.010000,12684
23149,10,74,0.010000,12685
23150,9,87,0.010000,12685
23151,16,151,0.010000,12685
23152,15,132,0.010000,12685
23153,20,167,0.010000,12685
23154,20,173,0.010000,12685
23155,11,91,0.010000,12685
23156,12,109,0.010000,12685
23157,10,99,0.010000,12685
23158,7,58,0.010000,12685
23159,21,197,0.010000,12685
23160,14,111,0.010000,12685
23161,16,123,0.010000,12685
23162,6,50,0.010000,12685
23163,13,111,0.010000,12685
23164,13,101,0.010000,12685
23165,12,119,0.010000,12685
23166,16,159,0.010000,12685
23167,2,11,0.010000,12685
23168,2,14,0.010000,12685
23169,16,130,0.010000,12685
23170,12,91,0.010000,12686
23171,12,99,0.010000,12686
23172,14,130,0.010000,12686
23173,7,31,0.010000,12686
23174,18,144,0.010000,12686
23175,21,148,0.010000,12686
23176,18,147,0.010000,12686
23177,9,73,0.010000,12686
23178,19,187,0.010000,12686
23179,24,246,0.010000,12686
23180,16,121,0.010000,12686
23181,18,147,0.010000,12686
23182,15,114,0.010000,12686
23183,24,219,0.010000,12686
23184,17,115,0.010000,12686
23185,13,75,0.010000,12686
23186,8,53,0.010000,12686
23187,31,227,0.010000,12686
23188,17,114,0.010000,12686
23189,9,57,0.010000,12686
23190,20,177,0.010000,12686
23191,21,164,0.010000,12686
23192,19,137,0.010000,12686
23193,26,217,0.010000,12686
23194,17,112,0.010000,12686
23195,25,204,0.010000,12686
23196,11,89,0.010000,12686
23197,32,258,0.010000,12687
23198,14,101,0.010000,12687
23199,16,141,0.010000,12687
23200,12,92,0.010000,12687
23201,26,241,0.010000,12687
23202,18,156,0.010000,12687
23203,10,72,0.010000,12687
23204,22,208,0.010000,12687
23205,8,76,0.010000,12688
23206,23,192,0.010000,12688
23207,24,221,0.010000,12688
23208,23,185,0.010000,12689
23209,7,52,0.010000,12689
23210,21,168,0.010000,12689
23211,16,121,0.010000,12689
23212,9,77,0.010000,12689
23213,9,53,0.010000,12689
23214,27,227,0.010000,12689
23215,14,123,0.010000,12689
23216,29,255,0.010000,12689
23217,20,197,0.010000,12690
23218,21,163,0.010000,12690
23219,22,189,0.010000,12690
23220,15,144,0.010000,12690
23221,18,129,0.010000,12690
23222,12,108,0.010000,12690
23223,18,146,0.010000,12690
23224,23,215,0.010000,12690
23225,15,159,0.010000,12690
23226,22,164,0.010000,12690
23227,15,146,0.010000,12690
23228,23,223,0.010000,12690
23229,23,213,0.010000,12690
23230,18,161,0.010000,12690
23231,13,104,0.010000,12690
23232,23,212,0.010000,12691
23233,20,108,0.010000,12691
23234,17,154,0.010000,12691
23235,21,177,0.010000,12691
23236,13,78,0.010000,12691
23237,18,161,0.010000,12691
23238,20,156,0.010000,12691
23239,15,117,0.010000,12691
23240,26,305,0.010000,12691
23241,17,135,0.010000,12692
23242,17,134,0.010000,12692
23243,10,99,0.010000,12692
23244,3,27,0.010000,12694
23245,13,93,0.010000,12694
23246,27,212,0.010000,12694
23247,19,161,0.010000,12694
23248,13,133,0.010000,12694
23249,28,229,0.010000,12695
23250,11,66,0.010000,12695
23251,13,107,0.010000,12695
23252,12,77,0.010000,12695
23253,10,62,0.010000,12695
23254,9,85,0.010000,12695
23255,13,94,0.010000,12695
23256,20,152,0.010000,12695
23257,20,135,0.010000,12695
23258,21,175,0.010000,12696
23259,16,121,0.010000,12696
23260,12,85,0.010000,12696
23261,18,122,0.010000,12696
23262,8,55,0.010000,12696
23263,18,134,0.010000,12696
23264,8,68,0.010000,12696
23265,6,41,0.010000,12696
23266,18,139,0.010000,12696
23267,9,77,0.010000,12696
23268,15,93,0.010000,12696
23269,12,98,0.010000,12696
23270,29,191,0.010000,12696
23271,26,284,0.010000,12696
23272,9,79,0.010000,12697
23273,23,174,0.010000,12697
23274,27,227,0.010000,12697
23275,11,102,0.010000,12697
23276,16,114,0.010000,12697
23277,19,145,0.010000,12698
23278,15,121,0.010000,12698
23279,18,147,0.010000,12699
23280,14,96,0.010000,12699
23281,18,129,0.010000,12699
23282,10,85,0.010000,12699
23283,17,153,0.010000,12699
23284,9,47,0.010000,12699
23285,7,50,0.010000,12699
23286,12,94,0.010000,12699
23287,9,80,0.010000,12699
23288,9,86,0.010000,12699
23289,7,55,0.010000,12700
23290,15,134,0.010000,12700
23291,6,41,0.010000,12700
23292,25,240,0.010000,12700
23293,20,152,0.010000,12700
23294,10,73,0.010000,12700
23295,15,122,0.010000,12700
23296,13,93,0.010000,12700
23297,11,86,0.010000,12700
23298,23,222,0.010000,12701
23299,27,257,0.010000,12702
23300,16,127,0.010000,12702
23301,12,110,0.010000,12702
23302,2,20,0.010000,12702
23303,10,82,0.010000,12702
23304,12,81,0.010000,12702
23305,28,249,0.010000,12703
23306,19,156,0.010000,12703
23307,4,17,0.010000,12703
23308,27,217,0.010000,12703
23309,9,89,0.010000,12703
23310,8,58,0.010000,12703
23311,23,203,0.010000,12703
23312,24,222,0.010000,12703
23313,18,135,0.010000,12703
23314,18,169,0.010000,12703
23315,18,140,0.010000,12703
23316,21,181,0.010000,12703
23317,22,200,0.010000,12703
23318,14,104,0.010000,12703
23319,21,183,0.010000,12703
23320,12,115,0.010000,12703
23321,31,308,0.010000,12703
23322,12,96,0.010000,12705
23323,10,77,0.010000,12705
23324,19,163,0.010000,12705
23325,25,226,0.010000,12705
23326,14,121,0.010000,12705
23327,22,219,0.010000,12705
23328,16,126,0.010000,12705
23329,18,156,0.010000,12706
23330,13,117,0.010000,12706
23331,16,134,0.010000,12706
23332,9,80,0.010000,12706
23333,17,127,0.010000,12706
23334,16,127,0.010000,12706
23335,5,27,0.010000,12706
23336,12,86,0.010000,12706
23337,19,148,0.010000,12706
23338,10,70,0.010000,12707
23339,9,57,0.010000,12707
23340,8,67,0.010000,12707
23341,17,132,0.010000,12707
23342,16,124,0.010000,12707
23343,12,98,0.010000,12707
23344,9,76,0.010000,12707
23345,15,124,0.010000,12708
23346,25,229,0.010000,12708
23347,18,140,0.010000,12710
23348,21,144,0.010000,12710
23349,14,107,0.010000,12711
23350,21,141,0.010000,12711
23351,18,149,0.010000,12711
23352,22,189,0.010000,12711
23353,19,175,0.010000,12712
23354,10,78,0.010000,12713
23355,13,119,0.010000,12714
23356,14,111,0.010000,12714
23357,12,78,0.010000,12714
23358,21,147,0.010000,12714
23359,21,149,0.010000,12714
23360,8,73,0.010000,12714
23361,13,87,0.010000,12714
23362,9,65,0.010000,12714
23363,22,178,0.010000,12714
23364,11,83,0.010000,12714
23365,15,127,0.010000,12714
23366,13,96,0.010000,12714
23367,19,160,0.010000,12714
23368,9,73,0.010000,12714
23369,15,94,0.010000,12714
23370,17,158,0.010000,12714
23371,19,166,0.010000,12715
23372,13,109,0.010000,12715
23373,13,118,0.010000,12716
23374,22,202,0.010000,12716
23375,4,40,0.010000,12716
23376,11,69,0.010000,12716
23377,14,89,0.010000,12716
23378,0,8,0.010000,12716
23379,22,173,0.010000,12716
23380,20,131,0.010000,12716
23381,17,124,0.010000,12716
23382,14,153,0.010000,12716
23383,10,86,0.010000,12716
23384,22,163,0.010000,12716
23385,2,14,0.010000,12716
23386,8,53,0.010000,12716
23387,16,131,0.010000,12717
23388,14,78,0.010000,12717
23389,23,204,0.010000,12717
23390,14,100,0.010000,12717
23391,21,179,0.010000,12717
23392,13,91,0.010000,12717
23393,19,169,0.010000,12717
23394,14,109,0.010000,12717
23395,17,121,0.010000,12717
23396,20,167,0.010000,12717
23397,15,118,0.010000,12717
23398,14,153,0.010000,12717
23399,21,199,0.010000,12717
23400,9,74,0.010000,12717
23401,14,115,0.010000,12717
23402,19,172,0.010000,12717
23403,8,73,0.010000,12717
23404,18,144,0.010000,12717
23405,15,136,0.010000,12717
23406,8,55,0.010000,12717
23407,8,51,0.010000,12717
23408,20,162,0.010000,12717
23409,20,187,0.010000,12718
23410,5,38,0.010000,12718
23411,17,142,0.010000,12718
23412,10,65,0.010000,12718
23413,16,121,0.010000,12718
23414,13,99,0.010000,12718
23415,17,139,0.010000,12718
23416,13,98,0.010000,12719
23417,21,169,0.010000,12719
23418,21,144,0.010000,12719
23419,18,153,0.010000,12719
23420,21,166,0.010000,12719
23421,18,190,0.010000,12719
23422,15,106,0.010000,12719
23423,24,173,0.010000,12719
23424,0,7,0.010000,12719
23425,26,197,0.010000,12719
23426,10,89,0.010000,12719
23427,19,166,0.010000,12719
23428,5,37,0.010000,12719
23429,15,134,0.010000,12719
23430,14,109,0.010000,12719
23431,13,87,0.010000,12719
23432,19,155,0.010000,12720
23433,13,104,0.010000,12720
23434,17,135,0.010000,12720
23435,22,153,0.010000,12720
23436,10,68,0.010000,12720
23437,17,164,0.010000,12720
23438,7,47,0.010000,12721
23439,22,204,0.010000,12721
23440,22,179,0.010000,12721
23441,12,111,0.010000,12721
23442,20,176,0.010000,12721
23443,18,154,0.010000,12721
23444,10,81,0.010000,12721
23445,8,68,0.010000,12722
23446,2,8,0.010000,12722
23447,22,176,0.010000,12722
23448,10,57,0.010000,12722
23449,9,59,0.010000,12723
23450,27,220,0.010000,12723
23451,18,144,0.010000,12723
23452,21,199,0.010000,12723
23453,22,172,0.010000,12723
23454,12,96,0.010000,12724
23455,1,8,0.010000,12724
23456,20,147,0.010000,12724
23457,10,91,0.010000,12724
23458,10,65,0.010000,12724
23459,13,91,0.010000,12724
23460,20,134,0.010000,12724
23461,20,172,0.010000,12724
23462,20,199,0.010000,12724
23463,8,74,0.010000,12724
23464,22,149,0.010000,12724
23465,18,133,0.010000,12724
23466,19,157,0.010000,12724
23467,12,105,0.010000,12724
23468,15,103,0.010000,12724
23469,20,185,0.010000,12724
23470,25,213,0.010000,12724
23471,11,112,0.010000,12724
23472,19,150,0.010000,12724
23473,15,147,0.010000,12724
23474,26,195,0.010000,12724
23475,12,82,0.010000,12724
23476,16,129,0.010000,12724
23477,15,108,0.010000,12725
23478,26,238,0.010000,12725
23479,21,188,0.010000,12725
23480,16,127,0.010000,12725
23481,20,150,0.010000,12725
23482,18,169,0.010000,12725
23483,3,18,0.010000,12725
23484,20,153,0.010000,12725
23485,7,52,0.010000,12725
23486,35,304,0.010000,12725
23487,12,95,0.010000,12726
23488,18,134,0.010000,12726
23489,20,153,0.010000,12726
23490,9,68,0.010000,12727
23491,19,152,0.010000,12727
23492,18,144,0.010000,12727
23493,17,141,0.010000,12727
23494,7,46,0.010000,12727
23495,14,124,0.010000,12727
23496,17,153,0.010000,12727
23497,18,112,0.010000,12727
23498,23,186,0.010000,12727
23499,6,38,0.010000,12727
23500,18,172,0.010000,12727
23501,25,234,0.010000,12727
23502,25,214,0.010000,12727
23503,25,204,0.010000,12727
23504,20,191,0.010000,12728
23505,13,92,0.010000,12728
23506,29,216,0.010000,12728
23507,3,18,0.010000,12728
23508,12,100,0.010000,12728
23509,12,100,0.010000,12728
23510,26,209,0.010000,12729
23511,16,108,0.010000,12729
23512,15,117,0.010000,12730
23513,12,87,0.010000,12730
23514,22,174,0.010000,12730
23515,1,8,0.010000,12730
23516,29,239,0.010000,12730
23517,14,91,0.010000,12730
23518,14,93,0.010000,12730
23519,18,136,0.010000,12730
23520,15,90,0.010000,12730
23521,6,52,0.010000,12730
23522,14,107,0.010000,12730
23523,7,47,0.010000,12730
23524,21,166,0.010000,12730
23525,19,124,0.010000,12730
23526,13,96,0.010000,12730
23527,23,205,0.010000,12730
23528,10,85,0.010000,12730
23529,14,117,0.010000,12730
23530,21,184,0.010000,12730
23531,15,127,0.010000,12730
23532,14,115,0.010000,12730
23533,6,49,0.010000,12730
23534,13,84,0.010000,12730
23535,16,139,0.010000,12730
23536,24,198,0.010000,12730
23537,17,123,0.010000,12730
23538,18,133,0.010000,12730
23539,21,175,0.010000,12732
23540,9,66,0.010000,12732
23541,8,62,0.010000,12733
23542,20,153,0.010000,12733
23543,19,145,0.010000,12733
23544,6,50,0.010000,12733
23545,19,158,0.010000,12733
23546,21,182,0.010000,12733
23547,20,170,0.010000,12733
23548,15,128,0.010000,12733
23549,14,141,0.010000,12733
23550,24,215,0.010000,12733
23551,14,99,0.010000,12733
23552,8,56,0.010000,12733
23553,19,173,0.010000,12733
23554,21,154,0.010000,12733
23555,17,149,0.010000,12733
23556,14,133,0.010000,12733
23557,11,75,0.010000,12733
23558,8,50,0.010000,12733
23559,17,145,0.010000,12733
23560,13,119,0.010000,12733
23561,16,183,0.010000,12734
23562,13,75,0.010000,12734
23563,19,173,0.010000,12734
23564,21,160,0.010000,12734
23565,21,206,0.010000,12734
23566,20,160,0.010000,12734
23567,9,84,0.010000,12734
23568,14,96,0.010000,12734
23569,15,106,0.010000,12734
23570,4,34,0.010000,12734
23571,28,330,0.010000,12734
23572,3,26,0.010000,12734
23573,17,123,0.010000,12734
23574,13,91,0.010000,12734
23575,21,151,0.010000,12734
23576,10,51,0.010000,12734
23577,13,106,0.010000,12734
23578,17,136,0.010000,12734
23579,16,120,0.010000,12734
23580,18,174,0.010000,12735
23581,20,142,0.010000,12736
23582,24,179,0.010000,12736
23583,12,84,0.010000,12737
23584,14,154,0.010000,12738
23585,11,80,0.010000,12738
23586,15,125,0.010000,12738
23587,23,264,0.010000,12738
23588,11,99,0.010000,12738
23589,27,264,0.010000,12738
23590,26,256,0.010000,12738
23591,18,138,0.010000,12738
23592,6,51,0.010000,12738
23593,15,113,0.010000,12738
23594,21,161,0.010000,12738
23595,17,143,0.010000,12738
23596,10,95,0.010000,12738
23597,15,114,0.010000,12738
23598,17,171,0.010000,12738
23599,17,149,0.010000,12738
23600,11,74,0.010000,12738
23601,15,104,0.010000,12738
23602,7,56,0.010000,12738
23603,22,221,0.010000,12739
23604,15,118,0.010000,12739
23605,15,114,0.010000,12740
23606,17,126,0.010000,12740
23607,17,168,0.010000,12740
23608,19,174,0.010000,12741
23609,22,167,0.010000,12741
23610,16,131,0.010000,12744
23611,26,208,0.010000,12744
23612,15,95,0.010000,12744
23613,20,173,0.010000,12744
23614,8,75,0.010000,12744
23615,19,177,0.010000,12744
23616,18,138,0.010000,12744
23617,18,161,0.010000,12744
23618,9,67,0.010000,12744
23619,10,81,0.010000,12744
23620,20,156,0.010000,12744
23621,9,62,0.010000,12744
23622,14,105,0.010000,12744
23623,10,69,0.010000,12744
23624,16,136,0.010000,12744
23625,9,72,0.010000,12744
23626,14,130,0.010000,12744
23627,17,156,0.010000,12744
23628,11,84,0.010000,12744
23629,3,34,0.010000,12744
23630,11,78,0.010000,12744
23631,15,143,0.010000,12744
23632,14,110,0.010000,12744
23633,12,102,0.010000,12745
23634,8,64,0.010000,12745
23635,22,226,0.010000,12745
23636,17,143,0.010000,12745
23637,18,158,0.010000,12745
23638,16,141,0.010000,12746
23639,16,140,0.010000,12746
23640,18,138,0.010000,12746
23641,21,206,0.010000,12746
23642,18,148,0.010000,12746
23643,21,160,0.010000,12747
23644,12,112,0.010000,12747
23645,8,54,0.010000,12747
23646,12,95,0.010000,12747
23647,21,211,0.010000,12747
23648,8,87,0.010000,12747
23649,27,221,0.010000,12747
23650,15,122,0.010000,12748
23651,16,134,0.010000,12748
23652,15,113,0.010000,12748
23653,12,102,0.010000,12748
23654,21,136,0.010000,12748
23655,5,43,0.010000,12748
23656,22,185,0.010000,12748
23657,22,224,0.010000,12748
23658,13,74,0.010000,12748
23659,15,111,0.010000,12748
23660,18,150,0.010000,12748
23661,14,127,0.010000,12748
23662,15,136,0.010000,12748
23663,25,202,0.010000,12748
23664,5,54,0.010000,12748
23665,12,101,0.010000,12748
23666,5,48,0.010000,12748
23667,16,143,0.010000,12749
23668,13,113,0.010000,12749
23669,24,247,0.010000,12751
23670,18,154,0.010000,12751
23671,23,225,0.010000,12751
23672,9,70,0.010000,12751
23673,19,156,0.010000,12751
23674,16,136,0.010000,12751
23675,14,123,0.010000,12751
23676,12,133,0.010000,12751
23677,14,112,0.010000,12751
23678,15,121,0.010000,12752
23679,13,85,0.010000,12752
23680,13,112,0.010000,12753
23681,22,166,0.010000,12753
23682,9,81,0.010000,12753
23683,22,194,0.010000,12753
23684,24,222,0.010000,12754
23685,12,73,0.010000,12755
23686,19,188,0.010000,12757
23687,10,78,0.010000,12757
23688,21,131,0.010000,12757
23689,21,203,0.010000,12757
23690,26,217,0.010000,12757
23691,21,165,0.010000,12757
23692,17,163,0.010000,12757
23693,13,119,0.010000,12757
23694,19,157,0.010000,12757
23695,9,89,0.010000,12757
23696,19,149,0.010000,12757
23697,19,135,0.010000,12757
23698,20,146,0.010000,12758
23699,3,30,0.010000,12758
23700,14,134,0.010000,12758
23701,21,168,0.010000,12758
23702,26,226,0.010000,12758
23703,8,47,0.010000,12758
23704,30,275,0.010000,12758
23705,12,105,0.010000,12758
23706,10,78,0.010000,12758
23707,18,143,0.010000,12758
23708,16,99,0.010000,12758
23709,5,51,0.010000,12758
23710,9,70,0.010000,12758
23711,25,199,0.010000,12758
23712,22,182,0.010000,12758
23713,21,180,0.010000,12758
23714,18,180,0.010000,12758
23715,16,144,0.010000,12758
23716,12,94,0.010000,12758
23717,6,55,0.010000,12758
23718,7,65,0.010000,12758
23719,19,153,0.010000,12758
23720,12,92,0.010000,12758
23721,13,100,0.010000,12758
23722,13,103,0.010000,12758
23723,14,120,0.010000,12758
23724,13,100,0.010000,12758
23725,12,111,0.010000,12758
23726,12,72,0.010000,12758
23727,21,179,0.010000,12758
23728,14,117,0.010000,12758
23729,14,125,0.010000,12758
23730,4,30,0.010000,12758
23731,9,74,0.010000,12758
23732,11,101,0.010000,12758
23733,19,193,0.010000,12758
23734,12,123,0.010000,12758
23735,22,193,0.010000,12758
23736,13,118,0.010000,12758
23737,9,72,0.010000,12758
23738,12,84,0.010000,12758
23739,22,151,0.010000,12758
23740,12,97,0.010000,12758
23741,14,112,0.010000,12758
23742,8,58,0.010000,12758
23743,19,152,0.010000,12758
23744,8,75,0.010000,12758
23745,12,80,0.010000,12758
23746,9,96,0.010000,12758
23747,26,204,0.010000,12758
23748,16,121,0.010000,12758
23749,25,171,0.010000,12759
23750,19,147,0.010000,12760
23751,19,141,0.010000,12760
23752,13,105,0.010000,12761
23753,9,78,0.010000,12761
23754,14,65,0.010000,12761
23755,11,75,0.010000,12761
23756,19,161,0.010000,12761
23757,23,200,0.010000,12761
23758,17,158,0.010000,12761
23759,14,155,0.010000,12762
23760,22,200,0.010000,12762
23761,12,98,0.010000,12762
23762,15,126,0.010000,12762
23763,16,136,0.010000,12762
23764,15,153,0.010000,12763
23765,18,135,0.010000,12763
23766,12,108,0.010000,12763
23767,25,199,0.010000,12763
23768,18,136,0.010000,12763
23769,9,59,0.010000,12763
23770,10,68,0.010000,12763
23771,10,78,0.010000,12763
23772,18,131,0.010000,12763
23773,21,171,0.010000,12763
23774,9,75,0.010000,12763
23775,20,159,0.010000,12765
23776,16,87,0.010000,12765
23777,7,58,0.010000,12766
23778,15,137,0.010000,12766
23779,17,134,0.010000,12767
23780,16,128,0.010000,12767
23781,26,195,0.010000,12767
23782,11,107,0.010000,12767
23783,18,123,0.010000,12767
23784,8,46,0.010000,12767
23785,15,108,0.010000,12767
23786,17,157,0.010000,12768
23787,20,159,0.010000,12768
23788,14,96,0.010000,12768
23789,17,139,0.010000,12768
23790,0,7,0.010000,12768
23791,16,123,0.010000,12768
23792,23,224,0.010000,12769
23793,11,73,0.010000,12769
23794,11,90,0.010000,12769
23795,14,127,0.010000,12769
23796,16,122,0.010000,12769
23797,18,139,0.010000,12769
23798,11,92,0.010000,12769
23799,16,142,0.010000,12769
23800,23,170,0.010000,12769
23801,11,92,0.010000,12769
23802,4,29,0.010000,12769
23803,28,257,0.010000,12770
23804,20,137,0.010000,12770
23805,6,42,0.010000,12770
23806,10,72,0.010000,12770
23807,2,24,0.010000,12770
23808,17,126,0.010000,12770
23809,25,185,0.010000,12770
23810,26,192,0.010000,12770
23811,18,160,0.010000,12771
23812,17,100,0.010000,12771
23813,13,99,0.010000,12771
23814,3,23,0.010000,12771
23815,17,129,0.010000,12772
23816,3,15,0.010000,12772
23817,15,107,0.010000,12772
23818,18,147,0.010000,12772
23819,17,112,0.010000,12772
23820,19,140,0.010000,12772
23821,23,202,0.010000,12772
23822,19,180,0.010000,12772
23823,19,159,0.010000,12772
23824,4,27,0.010000,12773
23825,20,154,0.010000,12774
23826,6,52,0.010000,12774
23827,19,138,0.010000,12775
23828,20,201,0.010000,12775
23829,14,122,0.010000,12775
23830,18,168,0.010000,12775
23831,13,130,0.010000,12775
23832,26,197,0.010000,12775
23833,23,204,0.010000,12775
23834,16,154,0.010000,12776
23835,21,182,0.010000,12776
23836,10,67,0.010000,12776
23837,11,83,0.010000,12777
23838,20,179,0.010000,12777
23839,12,135,0.010000,12778
23840,2,18,0.010000,12778
23841,13,92,0.010000,12778
23842,4,33,0.010000,12778
23843,15,151,0.010000,12778
23844,4,32,0.010000,12778
23845,3,27,0.010000,12778
23846,16,153,0.010000,12778
23847,22,184,0.010000,12778
23848,12,89,0.010000,12778
23849,11,97,0.010000,12778
23850,10,90,0.010000,12778
23851,16,115,0.010000,12778
23852,23,164,0.010000,12778
23853,21,192,0.010000,12778
23854,14,92,0.010000,12779
23855,18,159,0.010000,12779
23856,10,57,0.010000,12779
23857,19,176,0.010000,12779
23858,22,169,0.010000,12780
23859,19,139,0.010000,12780
23860,14,101,0.010000,12780
23861,12,92,0.010000,12782
23862,19,137,0.010000,12783
23863,17,129,0.010000,12785
23864,27,210,0.010000,12785
23865,21,159,0.010000,12787
23866,27,240,0.010000,12788
23867,8,70,0.010000,12788
23868,14,124,0.010000,12788
23869,14,126,0.010000,12788
23870,20,138,0.010000,12788
23871,10,114,0.010000,12788
23872,28,213,0.010000,12788
23873,22,156,0.010000,12788
23874,28,210,0.010000,12788
23875,12,77,0.010000,12788
23876,7,54,0.010000,12788
23877,10,90,0.010000,12788
23878,18,151,0.010000,12789
23879,12,93,0.010000,12789
23880,19,167,0.010000,12789
23881,9,75,0.010000,12789
23882,2,13,0.010000,12789
23883,12,109,0.010000,12790
23884,5,24,0.010000,12790
23885,14,100,0.010000,12790
23886,10,73,0.010000,12790
23887,20,182,0.010000,12790
23888,16,134,0.010000,12791
23889,19,137,0.010000,12791
23890,28,299,0.010000,12791
23891,22,191,0.010000,12791
23892,12,83,0.010000,12791
23893,16,123,0.010000,12792
23894,18,135,0.010000,12792
23895,12,87,0.010000,12792
23896,24,186,0.010000,12792
23897,26,187,0.010000,12792
23898,8,59,0.010000,12792
23899,14,131,0.010000,12792
23900,9,84,0.010000,12793
23901,18,155,0.010000,12793
23902,1,9,0.010000,12793
23903,20,148,0.010000,12793
23904,8,70,0.010000,12793
23905,15,85,0.010000,12793
23906,17,167,0.010000,12793
23907,12,90,0.010000,12793
23908,7,50,0.010000,12793
23909,20,164,0.010000,12793
23910,18,153,0.010000,12793
23911,12,93,0.010000,12793
23912,22,164,0.010000,12794
23913,16,173,0.010000,12794
23914,9,70,0.010000,12794
23915,11,84,0.010000,12796
23916,11,101,0.010000,12796
23917,13,110,0.010000,12796
23918,13,83,0.010000,12796
23919,16,127,0.010000,12797
23920,28,190,0.010000,12797
23921,18,157,0.010000,12797
23922,17,183,0.010000,12797
23923,17,125,0.010000,12798
23924,10,55,0.010000,12798
23925,24,181,0.010000,12798
23926,9,88,0.010000,12798
23927,16,115,0.010000,12798
23928,10,66,0.010000,12798
23929,2,16,0.010000,12798
23930,16,158,0.010000,12798
23931,27,203,0.010000,12798
23932,16,137,0.010000,12798
23933,12,68,0.010000,12798
23934,5,50,0.010000,12798
23935,27,188,0.010000,12798
23936,7,43,0.010000,12798
23937,11,69,0.010000,12798
23938,9,79,0.010000,12798
23939,12,81,0.010000,12798
23940,4,37,0.010000,12798
23941,18,133,0.010000,12798
23942,11,76,0.010000,12798
23943,23,189,0.010000,12798
23944,18,135,0.010000,12798
23945,23,161,0.010000,12798
23946,15,153,0.010000,12798
23947,13,78,0.010000,12798
23948,20,122,0.010000,12798
23949,5,43,0.010000,12798
23950,11,79,0.010000,12798
23951,18,180,0.010000,12798
23952,18,170,0.010000,12799
23953,9,68,0.010000,12799
23954,14,130,0.010000,12799
23955,21,193,0.010000,12799
23956,14,87,0.010000,12799
23957,19,139,0.010000,12799
23958,10,65,0.010000,12799
23959,10,46,0.010000,12799
23960,12,96,0.010000,12799
23961,10,76,0.010000,12799
23962,22,175,0.010000,12799
23963,21,199,0.010000,12800
23964,15,110,0.010000,12801
23965,11,93,0.010000,12801
23966,12,93,0.010000,12801
23967,19,169,0.010000,12801
23968,21,181,0.010000,12801
23969,20,182,0.010000,12801
23970,7,68,0.010000,12801
23971,15,98,0.010000,12801
23972,18,142,0.010000,12801
23973,20,179,0.010000,12801
23974,16,131,0.010000,12801
23975,9,71,0.010000,12801
23976,18,165,0.010000,12801
23977,11,63,0.010000,12801
23978,8,81,0.010000,12801
23979,10,87,0.010000,12801
23980,11,60,0.010000,12801
23981,23,206,0.010000,12801
23982,21,173,0.010000,12801
23983,12,100,0.010000,12801
23984,6,39,0.010000,12801
23985,14,118,0.010000,12801
23986,26,215,0.010000,12801
23987,17,143,0.010000,12801
23988,9,78,0.010000,12801
23989,18,124,0.010000,12801
23990,17,142,0.010000,12801
23991,9,70,0.010000,12801
23992,19,149,0.010000,12801
23993,11,114,0.010000,12801
23994,12,85,0.010000,12801
23995,17,158,0.010000,12801
23996,14,108,0.010000,12801
23997,10,74,0.010000,12801
23998,14,98,0.010000,12801
23999,11,95,0.010000,12801
24000,9,66,0.010000,12801
24001,13,102,0.010000,12801
24002,23,231,0.010000,12801
24003,8,49,0.010000,12801
24004,8,41,0.010000,12801
24005,14,116,0.010000,12801
24006,26,195,0.010000,12801
24007,12,117,0.010000,12801
24008,9,62,0.010000,12801
24009,6,35,0.010000,12801
24010,13,103,0.010000,12801
24011,5,39,0.010000,12801
24012,23,187,0.010000,12801
24013,1,11,0.010000,12801
24014,31,262,0.010000,12801
24015,9,77,0.010000,12801
24016,14,107,0.010000,12801
24017,23,192,0.010000,12801
24018,13,100,0.010000,12801
24019,13,99,0.010000,12801
24020,29,254,0.010000,12801
24021,13,62,0.010000,12801
24022,16,117,0.010000,12801
24023,22,206,0.010000,12801
24024,8,57,0.010000,12801
24025,14,90,0.010000,12802
24026,22,189,0.010000,12802
24027,21,157,0.010000,12802
24028,19,129,0.010000,12802
24029,7,45,0.010000,12802
24030,27,261,0.010000,12803
24031,12,80,0.010000,12803
24032,14,81,0.010000,12803
24033,17,185,0.010000,12803
24034,8,62,0.010000,12803
24035,20,148,0.010000,12803
24036,23,212,0.010000,12803
24037,18,155,0.010000,12803
24038,20,165,0.010000,12803
24039,11,88,0.010000,12804
24040,13,139,0.010000,12804
24041,17,106,0.010000,12804
24042,12,108,0.010000,12804
24043,30,194,0.010000,12804
24044,18,165,0.010000,12804
24045,33,310,0.010000,12804
24046,15,106,0.010000,12804
24047,15,122,0.010000,12804
24048,18,139,0.010000,12804
24049,6,30,0.010000,12804
24050,15,139,0.010000,12804
24051,14,96,0.010000,12804
24052,11,71,0.010000,12804
24053,13,92,0.010000,12804
24054,18,172,0.010000,12804
24055,18,186,0.010000,12804
24056,12,94,0.010000,12804
24057,17,107,0.010000,12805
24058,13,93,0.010000,12805
24059,18,138,0.010000,12805
24060,15,118,0.010000,12806
24061,12,93,0.010000,12806
24062,10,94,0.010000,12806
24063,23,198,0.010000,12806
24064,18,165,0.010000,12806
24065,16,149,0.010000,12806
24066,20,136,0.010000,12806
24067,18,163,0.010000,12806
24068,20,167,0.010000,12806
24069,14,104,0.010000,12806
24070,14,113,0.010000,12806
24071,20,144,0.010000,12806
24072,11,102,0.010000,12806
24073,23,218,0.010000,12807
24074,26,216,0.010000,12807
24075,20,168,0.010000,12807
24076,11,80,0.010000,12807
24077,14,123,0.010000,12808
24078,9,64,0.010000,12808
24079,16,122,0.010000,12808
24080,15,85,0.010000,12809
24081,21,206,0.010000,12809
24082,9,58,0.010000,12809
24083,5,66,0.010000,12810
24084,24,196,0.010000,12810
24085,5,28,0.010000,12810
24086,14,122,0.010000,12810
24087,16,89,0.010000,12810
24088,10,71,0.010000,12811
24089,19,183,0.010000,12811
24090,13,120,0.010000,12811
24091,16,137,0.010000,12811
24092,20,187,0.010000,12811
24093,15,118,0.010000,12811
24094,7,61,0.010000,12812
24095,14,124,0.010000,12812
24096,21,184,0.010000,12812
24097,20,162,0.010000,12812
24098,19,133,0.010000,12812
24099,12,91,0.010000,12812
24100,18,131,0.010000,12812
24101,33,291,0.010000,12812
24102,19,146,0.010000,12813
24103,18,164,0.010000,12814
24104,13,90,0.010000,12814
24105,15,102,0.010000,12815
24106,21,150,0.010000,12816
24107,11,93,0.010000,12817
24108,19,151,0.010000,12817
24109,15,146,0.010000,12817
24110,17,125,0.010000,12817
24111,17,152,0.010000,12817
24112,20,162,0.010000,12817
24113,18,147,0.010000,12817
24114,11,101,0.010000,12817
24115,15,121,0.010000,12817
24116,21,154,0.010000,12817
24117,23,193,0.010000,12817
24118,21,161,0.010000,12817
24119,19,140,0.010000,12817
24120,3,40,0.010000,12817
24121,11,125,0.010000,12817
24122,12,100,0.010000,12817
24123,14,122,0.010000,12818
24124,23,184,0.010000,12818
24125,10,68,0.010000,12818
24126,15,126,0.010000,12818
24127,12,91,0.010000,12818
24128,12,107,0.010000,12818
24129,21,171,0.010000,12819
24130,22,209,0.010000,12819
24131,24,243,0.010000,12819
24132,11,58,0.010000,12819
24133,8,48,0.010000,12819
24134,22,184,0.010000,12819
24135,19,135,0.010000,12819
24136,7,50,0.010000,12819
24137,3,32,0.010000,12819
24138,14,101,0.010000,12819
24139,9,69,0.010000,12820
24140,19,173,0.010000,12820
24141,7,41,0.010000,12820
24142,21,202,0.010000,12820
24143,16,149,0.010000,12820
24144,16,149,0.010000,12820
24145,22,195,0.010000,12820
24146,6,40,0.010000,12820
24147,13,102,0.010000,12820
24148,17,150,0.010000,12820
24149,18,139,0.010000,12820
24150,6,50,0.010000,12820
24151,17,146,0.010000,12820
24152,14,119,0.010000,12820
24153,8,78,0.010000,12820
24154,18,172,0.010000,12820
24155,14,136,0.010000,12820
24156,24,227,0.010000,12820
24157,18,189,0.010000,12820
24158,16,117,0.010000,12820
24159,13,105,0.010000,12820
24160,1,11,0.010000,12820
24161,21,157,0.010000,12820
24162,10,76,0.010000,12820
24163,13,96,0.010000,12821
24164,20,186,0.010000,12821
24165,18,154,0.010000,12821
24166,7,55,0.010000,12821
24167,21,199,0.010000,12821
24168,9,62,0.010000,12822
24169,21,136,0.010000,12824
24170,18,169,0.010000,12824
24171,24,193,0.010000,12825
24172,6,58,0.010000,12825
24173,11,83,0.010000,12825
24174,19,140,0.010000,12825
24175,20,153,0.010000,12825
24176,10,67,0.010000,12825
24177,3,16,0.010000,12825
24178,22,197,0.010000,12825
24179,18,194,0.010000,12825
24180,14,103,0.010000,12825
24181,11,89,0.010000,12825
24182,12,89,0.010000,12825
24183,6,37,0.010000,12825
24184,21,209,0.010000,12825
24185,18,114,0.010000,12825
24186,22,158,0.010000,12825
24187,10,78,0.010000,12825
24188,17,127,0.010000,12825
24189,5,65,0.010000,12825
24190,18,151,0.010000,12825
24191,7,58,0.010000,12825
24192,12,100,0.010000,12826
24193,11,79,0.010000,12826
24194,21,166,0.010000,12827
24195,21,175,0.010000,12828
24196,14,90,0.010000,12828
24197,14,122,0.010000,12828
24198,25,213,0.010000,12828
24199,19,158,0.010000,12828
24200,12,83,0.010000,12828
24201,14,119,0.010000,12828
24202,25,215,0.010000,12828
24203,18,155,0.010000,12828
24204,5,31,0.010000,12828
24205,11,83,0.010000,12829
24206,11,83,0.010000,12829
24207,13,87,0.010000,12829
24208,12,103,0.010000,12830
24209,9,63,0.010000,12831
24210,21,172,0.010000,12831
24211,25,202,0.010000,12831
24212,11,81,0.010000,12831
24213,20,158,0.010000,12831
24214,21,156,0.010000,12831
24215,9,57,0.010000,12831
24216,9,74,0.010000,12831
24217,26,198,0.010000,12831
24218,15,123,0.010000,12831
24219,9,73,0.010000,12831
24220,24,175,0.010000,12831
24221,4,29,0.010000,12832
24222,19,145,0.010000,12832
24223,15,121,0.010000,12832
24224,9,80,0.010000,12832
24225,15,137,0.010000,12833
24226,22,164,0.010000,12833
24227,21,157,0.010000,12833
24228,9,66,0.010000,12833
24229,17,131,0.010000,12833
24230,21,173,0.010000,12833
24231,26,228,0.010000,12833
24232,16,112,0.010000,12833
24233,3,33,0.010000,12833
24234,2,16,0.010000,12833
24235,9,62,0.010000,12833
24236,8,51,0.010000,12833
24237,18,144,0.010000,12833
24238,24,242,0.010000,12833
24239,10,69,0.010000,12833
24240,11,93,0.010000,12833
24241,23,197,0.010000,12833
24242,16,124,0.010000,12833
24243,19,137,0.010000,12833
24244,8,71,0.010000,12833
24245,17,136,0.010000,12833
24246,5,51,0.010000,12833
24247,11,84,0.010000,12834
24248,18,158,0.010000,12834
24249,16,137,0.010000,12834
24250,26,218,0.010000,12834
24251,11,102,0.010000,12834
24252,9,91,0.010000,12834
24253,15,126,0.010000,12834
24254,14,112,0.010000,12834
24255,15,112,0.010000,12834
24256,18,171,0.010000,12834
24257,18,162,0.010000,12834
24258,26,228,0.010000,12834
24259,28,230,0.010000,12834
24260,8,52,0.010000,12834
24261,16,145,0.010000,12834
24262,3,33,0.010000,12834
24263,9,61,0.010000,12834
24264,18,163,0.010000,12834
24265,16,135,0.010000,12834
24266,10,61,0.010000,12834
24267,11,90,0.010000,12834
24268,15,122,0.010000,12834
24269,1,8,0.010000,12834
24270,26,220,0.010000,12834
24271,16,135,0.010000,12834
24272,22,226,0.010000,12834
24273,13,91,0.010000,12834
24274,13,94,0.010000,12834
24275,20,197,0.010000,12834
24276,15,107,0.010000,12834
24277,10,75,0.010000,12836
24278,6,69,0.010000,12836
24279,19,156,0.010000,12836
24280,21,201,0.010000,12836
24281,18,151,0.010000,12836
24282,22,188,0.010000,12836
24283,2,22,0.010000,12836
24284,19,194,0.010000,12837
24285,20,191,0.010000,12837
24286,5,32,0.010000,12838
24287,9,79,0.010000,12838
24288,16,111,0.010000,12838
24289,12,86,0.010000,12838
24290,14,137,0.010000,12838
24291,12,102,0.010000,12838
24292,23,188,0.010000,12838
24293,13,96,0.010000,12838
24294,15,126,0.010000,12838
24295,19,163,0.010000,12838
24296,12,102,0.010000,12838
24297,16,145,0.010000,12838
24298,9,60,0.010000,12838
24299,20,142,0.010000,12838
24300,9,62,0.010000,12838
24301,12,129,0.010000,12838
24302,19,172,0.010000,12838
24303,12,80,0.010000,12838
24304,11,91,0.010000,12838
24305,6,35,0.010000,12838
24306,12,80,0.010000,12838
24307,14,121,0.010000,12838
24308,17,136,0.010000,12838
24309,24,203,0.010000,12838
24310,18,170,0.010000,12838
24311,9,83,0.010000,12838
24312,16,119,0.010000,12838
24313,6,49,0.010000,12838
24314,22,242,0.010000,12838
24315,11,85,0.010000,12838
24316,17,116,0.010000,12838
24317,12,112,0.010000,12838
24318,17,133,0.010000,12838
24319,6,66,0.010000,12838
24320,14,105,0.010000,12838
24321,19,167,0.010000,12838
24322,8,59,0.010000,12838
24323,23,204,0.010000,12838
24324,14,100,0.010000,12838
24325,26,222,0.010000,12838
24326,6,47,0.010000,12838
24327,19,183,0.010000,12838
24328,21,160,0.010000,12838
24329,20,187,0.010000,12838
24330,15,113,0.010000,12838
24331,13,104,0.010000,12838
24332,15,164,0.010000,12839
24333,13,98,0.010000,12839
24334,5,33,0.010000,12840
24335,13,117,0.010000,12840
24336,2,20,0.010000,12840
24337,15,126,0.010000,12840
24338,13,116,0.010000,12840
24339,19,210,0.010000,12840
24340,13,86,0.010000,12840
24341,19,157,0.010000,12840
24342,12,89,0.010000,12840
24343,11,80,0.010000,12840
24344,13,91,0.010000,12840
24345,20,161,0.010000,12840
24346,20,158,0.010000,12840
24347,11,99,0.010000,12840
24348,18,130,0.010000,12840
24349,14,99,0.010000,12840
24350,2,10,0.010000,12840
24351,8,59,0.010000,12840
24352,19,145,0.010000,12840
24353,12,89,0.010000,12840
24354,27,260,0.010000,12840
24355,26,243,0.010000,12841
24356,12,89,0.010000,12841
24357,10,83,0.010000,12841
24358,13,81,0.010000,12841
24359,7,50,0.010000,12842
24360,28,278,0.010000,12842
24361,25,235,0.010000,12842
24362,18,129,0.010000,12842
24363,9,67,0.010000,12842
24364,23,193,0.010000,12842
24365,21,212,0.010000,12842
24366,10,72,0.010000,12842
24367,15,128,0.010000,12842
24368,27,289,0.010000,12843
24369,14,102,0.010000,12843
24370,8,66,0.010000,12843
24371,5,22,0.010000,12843
24372,19,145,0.010000,12843
24373,10,69,0.010000,12843
24374,19,146,0.010000,12843
24375,14,107,0.010000,12843
24376,1,10,0.010000,12843
24377,21,195,0.010000,12844
24378,21,191,0.010000,12844
24379,20,164,0.010000,12844
24380,12,104,0.010000,12844
24381,15,105,0.010000,12844
24382,11,74,0.010000,12845
24383,23,217,0.010000,12845
24384,19,142,0.010000,12845
24385,27,220,0.010000,12845
24386,11,78,0.010000,12845
24387,20,153,0.010000,12845
24388,19,117,0.010000,12845
24389,20,208,0.010000,12846
24390,15,122,0.010000,12846
24391,18,138,0.010000,12846
24392,13,114,0.010000,12846
24393,23,174,0.010000,12846
24394,26,263,0.010000,12846
24395,14,109,0.010000,12846
24396,20,164,0.010000,12846
24397,3,31,0.010000,12846
24398,18,130,0.010000,12846
24399,20,157,0.010000,12846
24400,18,140,0.010000,12846
24401,19,148,0.010000,12846
24402,11,93,0.010000,12847
24403,22,176,0.010000,12848
24404,15,100,0.010000,12848
24405,26,189,0.010000,12848
24406,26,316,0.010000,12848
24407,14,77,0.010000,12849
24408,15,88,0.010000,12849
24409,17,174,0.010000,12849
24410,20,175,0.010000,12849
24411,18,144,0.010000,12849
24412,12,92,0.010000,12849
24413,11,94,0.010000,12849
24414,20,153,0.010000,12849
24415,17,124,0.010000,12849
24416,14,91,0.010000,12850
24417,22,167,0.010000,12850
24418,17,156,0.010000,12850
24419,14,139,0.010000,12850
24420,26,273,0.010000,12850
24421,14,112,0.010000,12850
24422,14,110,0.010000,12850
24423,16,149,0.010000,12850
24424,16,143,0.010000,12850
24425,7,51,0.010000,12850
24426,20,144,0.010000,12850
24427,16,110,0.010000,12850
24428,10,81,0.010000,12850
24429,10,87,0.010000,12850
24430,13,111,0.010000,12850
24431,14,127,0.010000,12850
24432,12,99,0.010000,12850
24433,9,66,0.010000,12850
24434,10,87,0.010000,12850
24435,30,306,0.010000,12850
24436,23,181,0.010000,12850
24437,3,30,0.010000,12850
24438,8,55,0.010000,12850
24439,7,55,0.010000,12850
24440,17,152,0.010000,12850
24441,12,131,0.010000,12850
24442,14,135,0.010000,12850
24443,11,103,0.010000,12850
24444,20,145,0.010000,12850
24445,8,70,0.010000,12851
24446,15,114,0.010000,12851
24447,6,41,0.010000,12851
24448,7,32,0.010000,12852
24449,13,92,0.010000,12852
24450,23,189,0.010000,12852
24451,22,197,0.010000,12852
24452,34,317,0.010000,12852
24453,10,68,0.010000,12852
24454,29,208,0.010000,12852
24455,17,157,0.010000,12852
24456,19,187,0.010000,12852
24457,11,97,0.010000,12852
24458,19,182,0.010000,12852
24459,17,146,0.010000,12853
24460,13,92,0.010000,12853
24461,12,74,0.010000,12853
24462,18,162,0.010000,12853
24463,19,150,0.010000,12853
24464,10,95,0.010000,12853
24465,17,176,0.010000,12853
24466,11,84,0.010000,12854
24467,23,169,0.010000,12854
24468,16,114,0.010000,12854
24469,24,210,0.010000,12854
24470,25,206,0.010000,12854
24471,15,105,0.010000,12855
24472,8,62,0.010000,12855
24473,17,131,0.010000,12855
24474,15,133,0.010000,12855
24475,12,110,0.010000,12855
24476,21,165,0.010000,12855
24477,22,164,0.010000,12855
24478,20,192,0.010000,12855
24479,35,321,0.010000,12855
24480,13,121,0.010000,12857
24481,9,97,0.010000,12857
24482,20,177,0.010000,12857
24483,2,21,0.010000,12857
24484,18,171,0.010000,12857
24485,26,168,0.010000,12857
24486,14,100,0.010000,12858
24487,11,91,0.010000,12859
24488,5,27,0.010000,12859
24489,20,165,0.010000,12859
24490,3,27,0.010000,12859
24491,14,91,0.010000,12859
24492,5,43,0.010000,12859
24493,12,83,0.010000,12859
24494,15,104,0.010000,12859
24495,21,181,0.010000,12859
24496,7,56,0.010000,12860
24497,18,140,0.010000,12860
24498,19,171,0.010000,12860
24499,15,136,0.010000,12860
24500,12,104,0.010000,12860
24501,18,182,0.010000,12860
24502,26,224,0.010000,12860
24503,18,196,0.010000,12861
24504,25,243,0.010000,12862
24505,17,137,0.010000,12862
24506,16,130,0.010000,12862
24507,17,147,0.010000,12862
24508,13,104,0.010000,12862
24509,19,134,0.010000,12863
24510,10,77,0.010000,12863
24511,6,33,0.010000,12863
24512,17,148,0.010000,12863
24513,25,227,0.010000,12863
24514,12,114,0.010000,12863
24515,22,177,0.010000,12863
24516,2,16,0.010000,12863
24517,6,49,0.010000,12863
24518,12,97,0.010000,12863
24519,14,100,0.010000,12863
24520,9,73,0.010000,12863
24521,20,163,0.010000,12865
24522,20,211,0.010000,12866
24523,18,144,0.010000,12868
24524,14,100,0.010000,12868
24525,7,40,0.010000,12868
24526,12,90,0.010000,12868
24527,18,153,0.010000,12868
24528,26,175,0.010000,12870
24529,10,54,0.010000,12871
24530,12,121,0.010000,12871
24531,23,202,0.010000,12872
24532,21,173,0.010000,12873
24533,22,188,0.010000,12873
24534,3,28,0.010000,12873
24535,17,119,0.010000,12873
24536,5,44,0.010000,12873
24537,23,182,0.010000,12874
24538,19,166,0.010000,12874
24539,19,133,0.010000,12875
24540,27,263,0.010000,12875
24541,20,142,0.010000,12876
24542,21,175,0.010000,12876
24543,10,65,0.010000,12876
24544,17,134,0.010000,12877
24545,10,80,0.010000,12877
24546,6,48,0.010000,12878
24547,6,49,0.010000,12878
24548,16,117,0.010000,12878
24549,21,177,0.010000,12878
24550,28,244,0.010000,12878
24551,18,164,0.010000,12878
24552,16,104,0.010000,12878
24553,19,161,0.010000,12878
24554,9,63,0.010000,12878
24555,19,164,0.010000,12878
24556,19,164,0.010000,12878
24557,14,104,0.010000,12878
24558,7,54,0.010000,12878
24559,10,90,0.010000,12878
24560,13,100,0.010000,12879
24561,20,186,0.010000,12879
24562,20,188,0.010000,12880
24563,13,102,0.010000,12880
24564,21,167,0.010000,12880
24565,24,215,0.010000,12880
24566,15,118,0.010000,12880
24567,8,47,0.010000,12880
24568,21,171,0.010000,12881
24569,13,92,0.010000,12882
24570,13,92,0.010000,12882
24571,9,80,0.010000,12882
24572,15,113,0.010000,12882
24573,15,104,0.010000,12882
24574,17,134,0.010000,12882
24575,23,203,0.010000,12883
24576,5,47,0.010000,12883
24577,15,109,0.010000,12883
24578,19,150,0.010000,12883
24579,11,81,0.010000,12883
24580,13,90,0.010000,12883
24581,22,164,0.010000,12883
24582,9,88,0.010000,12883
24583,18,147,0.010000,12883
24584,11,102,0.010000,12883
24585,20,156,0.010000,12883
24586,11,98,0.010000,12883
24587,14,133,0.010000,12884
24588,19,157,0.010000,12884
24589,10,60,0.010000,12884
24590,12,102,0.010000,12884
24591,12,83,0.010000,12884
24592,22,174,0.010000,12884
24593,21,183,0.010000,12884
24594,16,149,0.010000,12884
24595,12,118,0.010000,12884
24596,14,131,0.010000,12884
24597,4,27,0.010000,12884
24598,14,84,0.010000,12886
24599,20,143,0.010000,12886
24600,10,87,0.010000,12886
24601,12,89,0.010000,12888
24602,14,114,0.010000,12888
24603,17,150,0.010000,12888
24604,13,106,0.010000,12888
24605,16,117,0.010000,12888
24606,20,146,0.010000,12888
24607,13,129,0.010000,12888
24608,20,177,0.010000,12888
24609,8,68,0.010000,12888
24610,20,164,0.010000,12888
24611,26,200,0.010000,12888
24612,30,290,0.010000,12888
24613,10,71,0.010000,12888
24614,15,127,0.010000,12888
24615,11,92,0.010000,12889
24616,10,74,0.010000,12889
24617,5,32,0.010000,12889
24618,11,94,0.010000,12889
24619,38,291,0.010000,12890
24620,20,132,0.010000,12890
24621,7,34,0.010000,12890
24622,10,76,0.010000,12890
24623,10,88,0.010000,12890
24624,22,193,0.010000,12891
24625,13,67,0.010000,12891
24626,17,144,0.010000,12891
24627,7,43,0.010000,12892
24628,13,78,0.010000,12892
24629,18,156,0.010000,12892
24630,26,200,0.010000,12892
24631,23,178,0.010000,12892
24632,6,62,0.010000,12892
24633,17,116,0.010000,12892
24634,15,153,0.010000,12892
24635,16,144,0.010000,12892
24636,12,79,0.010000,12892
24637,10,90,0.010000,12892
24638,8,81,0.010000,12892
24639,11,84,0.010000,12892
24640,17,169,0.010000,12892
24641,22,176,0.010000,12893
24642,18,149,0.010000,12893
24643,13,91,0.010000,12893
24644,13,94,0.010000,12894
24645,19,171,0.010000,12894
24646,25,194,0.010000,12894
24647,12,97,0.010000,12894
24648,24,191,0.010000,12895
24649,20,152,0.010000,12895
24650,23,186,0.010000,12896
24651,20,175,0.010000,12896
24652,13,91,0.010000,12896
24653,17,156,0.010000,12897
24654,7,51,0.010000,12897
24655,19,144,0.010000,12897
24656,9,70,0.010000,12897
24657,4,38,0.010000,12897
24658,26,243,0.010000,12897
24659,19,171,0.010000,12897
24660,17,131,0.010000,12897
24661,17,122,0.010000,12897
24662,20,161,0.010000,12897
24663,8,51,0.010000,12897
24664,14,146,0.010000,12897
24665,20,154,0.010000,12897
24666,7,52,0.010000,12897
24667,21,202,0.010000,12898
24668,12,103,0.010000,12898
24669,16,138,0.010000,12898
24670,17,135,0.010000,12898
24671,5,49,0.010000,12898
24672,24,199,0.010000,12898
24673,20,190,0.010000,12898
24674,15,136,0.010000,12898
24675,8,65,0.010000,12898
24676,30,274,0.010000,12898
24677,24,226,0.010000,12899
24678,14,116,0.010000,12899
24679,24,242,0.010000,12899
24680,7,81,0.010000,12900
24681,23,198,0.010000,12901
24682,13,97,0.010000,12901
24683,16,119,0.010000,12901
24684,23,183,0.010000,12901
24685,21,178,0.010000,12901
24686,22,180,0.010000,12901
24687,9,66,0.010000,12902
24688,14,117,0.010000,12902
24689,26,189,0.010000,12902
24690,13,106,0.010000,12902
24691,16,118,0.010000,12903
24692,22,186,0.010000,12903
24693,21,200,0.010000,12903
24694,3,25,0.010000,12903
24695,13,105,0.010000,12903
24696,17,121,0.010000,12903
24697,15,140,0.010000,12904
24698,20,172,0.010000,12904
24699,14,126,0.010000,12904
24700,19,140,0.010000,12905
24701,5,37,0.010000,12905
24702,0,5,0.010000,12905
24703,18,183,0.010000,12905
24704,22,156,0.010000,12905
24705,9,73,0.010000,12905
24706,23,218,0.010000,12905
24707,18,225,0.010000,12905
24708,15,107,0.010000,12905
24709,18,197,0.010000,12905
24710,15,125,0.010000,12905
24711,11,90,0.010000,12905
24712,10,64,0.010000,12905
24713,28,284,0.010000,12906
24714,14,82,0.010000,12906
24715,9,61,0.010000,12906
24716,29,275,0.010000,12906
24717,13,120,0.010000,12906
24718,26,211,0.010000,12906
24719,14,114,0.010000,12906
24720,12,99,0.010000,12906
24721,11,81,0.010000,12906
24722,18,147,0.010000,12906
24723,19,160,0.010000,12906
24724,6,38,0.010000,12906
24725,8,42,0.010000,12906
24726,20,192,0.010000,12906
24727,13,102,0.010000,12906
24728,8,81,0.010000,12907
24729,16,130,0.010000,12907
24730,19,169,0.010000,12907
24731,26,215,0.010000,12907
24732,20,158,0.010000,12907
24733,11,111,0.010000,12907
24734,9,56,0.010000,12907
24735,7,59,0.010000,12908
24736,27,246,0.010000,12908
24737,23,166,0.010000,12908
24738,10,62,0.010000,12908
24739,17,109,0.010000,12908
24740,10,86,0.010000,12908
24741,23,199,0.010000,12908
24742,20,164,0.010000,12908
24743,18,165,0.010000,12908
24744,8,72,0.010000,12908
24745,9,85,0.010000,12908
24746,22,190,0.010000,12908
24747,19,147,0.010000,12908
24748,12,102,0.010000,12908
24749,11,96,0.010000,12909
24750,7,33,0.010000,12910
24751,17,153,0.010000,12910
24752,19,168,0.010000,12910
24753,24,169,0.010000,12910
24754,15,88,0.010000,12910
24755,21,171,0.010000,12910
24756,9,74,0.010000,12910
24757,23,158,0.010000,12910
24758,17,137,0.010000,12910
24759,13,102,0.010000,12912
24760,17,146,0.010000,12912
24761,20,166,0.010000,12912
24762,12,92,0.010000,12912
24763,19,149,0.010000,12912
24764,17,153,0.010000,12912
24765,20,189,0.010000,12912
24766,14,120,0.010000,12912
24767,15,137,0.010000,12912
24768,21,151,0.010000,12912
24769,21,184,0.010000,12912
24770,10,62,0.010000,12912
24771,22,168,0.010000,12912
24772,21,171,0.010000,12912
24773,15,137,0.010000,12912
24774,9,66,0.010000,12912
24775,6,28,0.010000,12912
24776,15,96,0.010000,12913
24777,19,172,0.010000,12914
24778,15,128,0.010000,12914
24779,5,38,0.010000,12914
24780,2,16,0.010000,12914
24781,21,148,0.010000,12914
24782,19,153,0.010000,12914
24783,12,77,0.010000,12914
24784,11,86,0.010000,12914
24785,13,112,0.010000,12914
24786,9,74,0.010000,12914
24787,16,130,0.010000,12914
24788,15,107,0.010000,12915
24789,15,123,0.010000,12915
24790,28,202,0.010000,12915
24791,21,159,0.010000,12915
24792,15,101,0.010000,12915
24793,12,87,0.010000,12915
24794,4,33,0.010000,12915
24795,14,122,0.010000,12916
24796,22,150,0.010000,12916
24797,11,94,0.010000,12916
24798,16,117,0.010000,12917
24799,17,153,0.010000,12917
24800,22,179,0.010000,12917
24801,24,218,0.010000,12917
24802,17,132,0.010000,12917
24803,13,91,0.010000,12917
24804,16,140,0.010000,12917
24805,11,79,0.010000,12917
24806,10,57,0.010000,12917
24807,17,133,0.010000,12917
24808,22,148,0.010000,12917
24809,7,41,0.010000,12917
24810,1,12,0.010000,12917
24811,9,62,0.010000,12917
24812,27,264,0.010000,12918
24813,13,102,0.010000,12918
24814,20,183,0.010000,12918
24815,8,65,0.010000,12918
24816,11,87,0.010000,12918
24817,24,177,0.010000,12919
24818,15,100,0.010000,12919
24819,18,153,0.010000,12919
24820,14,117,0.010000,12919
24821,6,38,0.010000,12920
24822,13,119,0.010000,12920
24823,17,116,0.010000,12920
24824,15,113,0.010000,12920
24825,18,124,0.010000,12920
24826,20,179,0.010000,12920
24827,15,141,0.010000,12920
24828,21,211,0.010000,12920
24829,15,155,0.010000,12920
24830,12,86,0.010000,12920
24831,12,113,0.010000,12920
24832,16,133,0.010000,12920
24833,18,187,0.010000,12920
24834,8,73,0.010000,12920
24835,18,140,0.010000,12920
24836,21,175,0.010000,12920
24837,25,175,0.010000,12920
24838,6,41,0.010000,12920
24839,7,29,0.010000,12920
24840,10,86,0.010000,12920
24841,17,112,0.010000,12920
24842,16,100,0.010000,12920
24843,12,120,0.010000,12920
24844,20,161,0.010000,12920
24845,17,132,0.010000,12920
24846,12,83,0.010000,12920
24847,9,62,0.010000,12920
24848,31,277,0.010000,12920
24849,18,126,0.010000,12920
24850,12,84,0.010000,12920
24851,21,182,0.010000,12920
24852,13,77,0.010000,12920
24853,9,69,0.010000,12920
24854,14,103,0.010000,12920
24855,29,273,0.010000,12921
24856,15,123,0.010000,12921
24857,12,102,0.010000,12921
24858,4,41,0.010000,12922
24859,19,154,0.010000,12922
24860,16,120,0.010000,12922
24861,18,158,0.010000,12922
24862,14,125,0.010000,12923
24863,22,181,0.010000,12923
24864,24,193,0.010000,12923
24865,21,179,0.010000,12923
24866,17,150,0.010000,12923
24867,5,44,0.010000,12923
24868,5,41,0.010000,12923
24869,21,171,0.010000,12923
24870,17,125,0.010000,12923
24871,16,116,0.010000,12923
24872,17,125,0.010000,12923
24873,20,173,0.010000,12923
24874,15,122,0.010000,12923
24875,23,220,0.010000,12924
24876,6,52,0.010000,12924
24877,18,179,0.010000,12924
24878,11,81,0.010000,12924
24879,13,109,0.010000,12924
24880,25,208,0.010000,12924
24881,13,119,0.010000,12925
24882,12,67,0.010000,12925
24883,12,103,0.010000,12925
24884,9,86,0.010000,12925
24885,15,125,0.010000,12925
24886,3,21,0.010000,12925
24887,11,84,0.010000,12925
24888,11,73,0.010000,12925
24889,12,101,0.010000,12925
24890,16,114,0.010000,12925
24891,4,37,0.010000,12925
24892,7,58,0.010000,12925
24893,11,67,0.010000,12925
24894,11,113,0.010000,12925
24895,15,129,0.010000,12925
24896,21,194,0.010000,12927
24897,14,83,0.010000,12927
24898,20,153,0.010000,12927
24899,12,99,0.010000,12927
24900,14,85,0.010000,12927
24901,17,133,0.010000,12927
24902,20,169,0.010000,12927
24903,13,87,0.010000,12927
24904,8,87,0.010000,12927
24905,22,179,0.010000,12927
24906,22,154,0.010000,12927
24907,18,144,0.010000,12927
24908,18,156,0.010000,12928
24909,11,65,0.010000,12928
24910,8,63,0.010000,12928
24911,10,87,0.010000,12928
24912,8,50,0.010000,12928
24913,12,86,0.010000,12928
24914,21,177,0.010000,12928
24915,14,126,0.010000,12928
24916,15,134,0.010000,12928
24917,1,10,0.010000,12928
24918,20,168,0.010000,12928
24919,14,138,0.010000,12928
24920,22,168,0.010000,12928
24921,18,154,0.010000,12928
24922,9,45,0.010000,12928
24923,11,88,0.010000,12928
24924,10,73,0.010000,12928
24925,21,202,0.010000,12928
24926,15,106,0.010000,12928
24927,24,221,0.010000,12928
24928,13,116,0.010000,12928
24929,20,159,0.010000,12928
24930,17,120,0.010000,12928
24931,21,181,0.010000,12929
24932,14,113,0.010000,12929
24933,17,134,0.010000,12929
24934,6,60,0.010000,12929
24935,23,227,0.010000,12929
24936,22,177,0.010000,12929
24937,18,132,0.010000,12929
24938,0,7,0.010000,12929
24939,12,92,0.010000,12929
24940,6,35,0.010000,12930
24941,25,222,0.010000,12930
24942,5,38,0.010000,12931
24943,20,169,0.010000,12932
24944,20,131,0.010000,12932
24945,22,209,0.010000,12932
24946,7,45,0.010000,12932
24947,3,31,0.010000,12932
24948,18,155,0.010000,12932
24949,8,73,0.010000,12932
24950,20,178,0.010000,12933
24951,15,112,0.010000,12933
24952,22,175,0.010000,12933
24953,3,17,0.010000,12933
24954,20,177,0.010000,12933
24955,19,166,0.010000,12933
24956,17,146,0.010000,12933
24957,15,124,0.010000,12933
24958,20,163,0.010000,12933
24959,11,106,0.010000,12933
24960,20,141,0.010000,12933
24961,15,110,0.010000,12933
24962,0,7,0.010000,12933
24963,6,36,0.010000,12933
24964,6,46,0.010000,12933
24965,20,205,0.010000,12933
24966,23,222,0.010000,12934
24967,14,151,0.010000,12934
24968,12,100,0.010000,12934
24969,18,142,0.010000,12935
24970,13,117,0.010000,12935
24971,18,162,0.010000,12935
24972,22,188,0.010000,12935
24973,8,64,0.010000,12935
24974,12,92,0.010000,12936
24975,15,126,0.010000,12936
24976,26,229,0.010000,12936
24977,12,95,0.010000,12936
24978,18,159,0.010000,12936
24979,13,125,0.010000,12936
24980,10,62,0.010000,12936
24981,17,134,0.010000,12936
24982,19,184,0.010000,12936
24983,16,135,0.010000,12936
24984,13,124,0.010000,12936
24985,15,106,0.010000,12936
24986,26,249,0.010000,12936
24987,29,257,0.010000,12936
24988,15,86,0.010000,12936
24989,19,188,0.010000,12936
24990,9,82,0.010000,12936
24991,12,81,0.010000,12936
24992,12,96,0.010000,12936
24993,12,107,0.010000,12936
24994,14,112,0.010000,12936
24995,17,133,0.010000,12936
24996,22,216,0.010000,12936
24997,16,144,0.010000,12937
24998,17,143,0.010000,12937
24999,10,81,0.010000,12937
25000,22,154,0.010000,12937
25001,16,122,0.010000,12937
25002,8,71,0.010000,12937
25003,21,135,0.010000,12937
25004,26,247,0.010000,12937
25005,18,170,0.010000,12937
25006,31,234,0.010000,12937
25007,20,149,0.010000,12937
25008,23,210,0.010000,12937
25009,10,77,0.010000,12937
25010,11,65,0.010000,12937
25011,19,127,0.010000,12937
25012,14,110,0.010000,12937
25013,18,184,0.010000,12937
25014,0,6,0.010000,12937
25015,18,142,0.010000,12937
25016,17,104,0.010000,12937
25017,8,56,0.010000,12937
25018,18,150,0.010000,12937
25019,4,28,0.010000,12937
25020,12,94,0.010000,12937
25021,14,93,0.010000,12937
25022,13,91,0.010000,12937
25023,3,25,0.010000,12937
25024,20,152,0.010000,12938
25025,8,80,0.010000,12938
25026,25,211,0.010000,12938
25027,15,139,0.010000,12938
25028,16,120,0.010000,12938
25029,15,132,0.010000,12938
25030,12,83,0.010000,12938
25031,20,154,0.010000,12938
25032,16,161,0.010000,12938
25033,15,143,0.010000,12938
25034,19,161,0.010000,12938
25035,12,72,0.010000,12938
25036,7,34,0.010000,12938
25037,20,205,0.010000,12938
25038,15,114,0.010000,12939
25039,14,128,0.010000,12939
25040,21,146,0.010000,12939
25041,3,31,0.010000,12939
25042,16,140,0.010000,12939
25043,24,233,0.010000,12939
25044,11,65,0.010000,12940
25045,12,79,0.010000,12940
25046,16,142,0.010000,12940
25047,18,180,0.010000,12940
25048,16,99,0.010000,12941
25049,14,86,0.010000,12941
25050,22,151,0.010000,12941
25051,21,172,0.010000,12941
25052,30,271,0.010000,12942
25053,14,115,0.010000,12942
25054,12,99,0.010000,12942
25055,22,180,0.010000,12942
25056,4,26,0.010000,12942
25057,16,110,0.010000,12943
25058,23,236,0.010000,12943
25059,12,96,0.010000,12943
25060,15,107,0.010000,12943
25061,7,52,0.010000,12944
25062,12,72,0.010000,12944
25063,12,99,0.010000,12944
25064,10,63,0.010000,12944
25065,10,76,0.010000,12944
25066,20,197,0.010000,12944
25067,13,84,0.010000,12944
25068,6,63,0.010000,12944
25069,17,147,0.010000,12945
25070,19,139,0.010000,12946
25071,21,147,0.010000,12946
25072,23,224,0.010000,12946
25073,16,147,0.010000,12946
25074,20,139,0.010000,12946
25075,12,96,0.010000,12946
25076,13,87,0.010000,12946
25077,14,83,0.010000,12946
25078,19,165,0.010000,12946
25079,16,129,0.010000,12946
25080,20,162,0.010000,12946
25081,16,148,0.010000,12946
25082,17,153,0.010000,12946
25083,14,143,0.010000,12946
25084,20,172,0.010000,12946
25085,6,42,0.010000,12946
25086,10,96,0.010000,12946
25087,15,140,0.010000,12946
25088,15,125,0.010000,12946
25089,16,126,0.010000,12946
25090,18,152,0.010000,12946
25091,21,169,0.010000,12946
25092,2,15,0.010000,12946
25093,18,132,0.010000,12946
25094,17,120,0.010000,12946
25095,23,203,0.010000,12946
25096,22,177,0.010000,12946
25097,27,265,0.010000,12947
25098,32,285,0.010000,12948
25099,21,185,0.010000,12948
25100,15,127,0.010000,12948
25101,20,123,0.010000,12948
25102,17,120,0.010000,12948
25103,19,173,0.010000,12948
25104,9,83,0.010000,12948
25105,20,160,0.010000,12948
25106,17,122,0.010000,12948
25107,18,134,0.010000,12948
25108,19,124,0.010000,12948
25109,19,157,0.010000,12950
25110,11,85,0.010000,12950
25111,14,110,0.010000,12950
25112,12,97,0.010000,12950
25113,8,71,0.010000,12950
25114,13,102,0.010000,12951
25115,9,64,0.010000,12952
25116,16,116,0.010000,12952
25117,11,98,0.010000,12953
25118,25,225,0.010000,12953
25119,10,75,0.010000,12953
25120,22,199,0.010000,12954
25121,15,144,0.010000,12954
25122,20,169,0.010000,12954
25123,12,114,0.010000,12954
25124,13,104,0.010000,12954
25125,13,89,0.010000,12954
25126,19,148,0.010000,12954
25127,24,185,0.010000,12955
25128,21,190,0.010000,12955
25129,5,45,0.010000,12955
25130,0,8,0.010000,12955
25131,23,191,0.010000,12955
25132,21,175,0.010000,12955
25133,22,166,0.010000,12956
25134,23,186,0.010000,12956
25135,9,79,0.010000,12956
25136,20,143,0.010000,12956
25137,17,134,0.010000,12956
25138,6,35,0.010000,12956
25139,11,82,0.010000,12956
25140,20,169,0.010000,12956
25141,21,176,0.010000,12956
25142,14,99,0.010000,12956
25143,12,117,0.010000,12956
25144,0,7,0.010000,12956
25145,7,50,0.010000,12956
25146,15,99,0.010000,12956
25147,14,119,0.010000,12956
25148,12,95,0.010000,12956
25149,12,114,0.010000,12956
25150,16,116,0.010000,12956
25151,22,226,0.010000,12957
25152,9,63,0.010000,12957
25153,19,133,0.010000,12957
25154,13,95,0.010000,12957
25155,13,102,0.010000,12958
25156,20,152,0.010000,12958
25157,18,163,0.010000,12958
25158,9,74,0.010000,12958
25159,12,96,0.010000,12958
25160,18,120,0.010000,12958
25161,14,113,0.010000,12958
25162,25,191,0.010000,12958
25163,10,70,0.010000,12958
25164,18,137,0.010000,12958
25165,20,134,0.010000,12958
25166,18,145,0.010000,12958
25167,26,187,0.010000,12958
25168,17,158,0.010000,12958
25169,14,110,0.010000,12958
25170,15,117,0.010000,12958
25171,24,185,0.010000,12958
25172,14,113,0.010000,12958
25173,14,110,0.010000,12958
25174,14,99,0.010000,12958
25175,10,93,0.010000,12958
25176,14,110,0.010000,12958
25177,10,83,0.010000,12958
25178,3,26,0.010000,12958
25179,16,124,0.010000,12958
25180,14,91,0.010000,12958
25181,19,150,0.010000,12958
25182,16,130,0.010000,12958
25183,5,39,0.010000,12958
25184,14,82,0.010000,12958
25185,6,32,0.010000,12958
25186,28,218,0.010000,12958
25187,19,176,0.010000,12958
25188,11,83,0.010000,12958
25189,20,150,0.010000,12958
25190,19,165,0.010000,12958
25191,17,116,0.010000,12958
25192,14,134,0.010000,12958
25193,10,68,0.010000,12958
25194,19,157,0.010000,12958
25195,10,68,0.010000,12958
25196,12,98,0.010000,12958
25197,25,232,0.010000,12958
25198,17,138,0.010000,12958
25199,15,121,0.010000,12959
25200,15,137,0.010000,12959
25201,9,70,0.010000,12960
25202,8,65,0.010000,12960
25203,15,126,0.010000,12960
25204,16,108,0.010000,12960
25205,17,111,0.010000,12960
25206,18,104,0.010000,12961
25207,4,36,0.010000,12961
25208,14,111,0.010000,12961
25209,13,91,0.010000,12961
25210,19,144,0.010000,12961
25211,14,80,0.010000,12961
25212,23,173,0.010000,12962
25213,30,242,0.010000,12962
25214,13,115,0.010000,12962
25215,16,168,0.010000,12962
25216,21,168,0.010000,12963
25217,15,121,0.010000,12963
25218,7,54,0.010000,12963
25219,15,123,0.010000,12963
25220,18,150,0.010000,12963
25221,14,100,0.010000,12963
25222,16,93,0.010000,12963
25223,17,186,0.010000,12963
25224,15,107,0.010000,12963
25225,18,153,0.010000,12963
25226,16,154,0.010000,12963
25227,17,117,0.010000,12963
25228,20,177,0.010000,12963
25229,26,182,0.010000,12963
25230,7,41,0.010000,12964
25231,5,46,0.010000,12964
25232,12,87,0.010000,12964
25233,16,112,0.010000,12964
25234,12,101,0.010000,12964
25235,10,64,0.010000,12964
25236,10,79,0.010000,12964
25237,6,42,0.010000,12965
25238,22,172,0.010000,12965
25239,19,135,0.010000,12965
25240,18,125,0.010000,12965
25241,19,145,0.010000,12965
25242,5,44,0.010000,12965
25243,6,35,0.010000,12965
25244,19,193,0.010000,12965
25245,13,88,0.010000,12965
25246,22,217,0.010000,12965
25247,20,157,0.010000,12965
25248,18,189,0.010000,12965
25249,14,120,0.010000,12966
25250,14,111,0.010000,12966
25251,22,246,0.010000,12966
25252,23,162,0.010000,12966
25253,22,174,0.010000,12966
25254,9,63,0.010000,12966
25255,21,182,0.010000,12966
25256,20,148,0.010000,12966
25257,10,44,0.010000,12966
25258,17,134,0.010000,12966
25259,11,79,0.010000,12966
25260,11,85,0.010000,12966
25261,3,22,0.010000,12966
25262,15,111,0.010000,12966
25263,18,126,0.010000,12966
25264,23,181,0.010000,12966
25265,26,218,0.010000,12966
25266,27,237,0.010000,12966
25267,20,144,0.010000,12966
25268,17,194,0.010000,12966
25269,11,83,0.010000,12966
25270,19,124,0.010000,12966
25271,12,95,0.010000,12966
25272,16,145,0.010000,12966
25273,16,148,0.010000,12967
25274,22,181,0.010000,12967
25275,4,32,0.010000,12967
25276,27,282,0.010000,12967
25277,23,181,0.010000,12968
25278,15,108,0.010000,12968
25279,23,203,0.010000,12968
25280,4,22,0.010000,12968
25281,26,191,0.010000,12968
25282,13,96,0.010000,12968
25283,6,41,0.010000,12968
25284,16,106,0.010000,12968
25285,20,172,0.010000,12968
25286,17,140,0.010000,12968
25287,2,11,0.010000,12968
25288,18,165,0.010000,12968
25289,6,58,0.010000,12968
25290,16,85,0.010000,12968
25291,14,114,0.010000,12968
25292,3,28,0.010000,12968
25293,15,135,0.010000,12968
25294,4,21,0.010000,12968
25295,20,161,0.010000,12969
25296,19,172,0.010000,12969
25297,14,88,0.010000,12969
25298,19,167,0.010000,12969
25299,8,56,0.010000,12969
25300,19,127,0.010000,12969
25301,18,139,0.010000,12970
25302,8,89,0.010000,12970
25303,12,102,0.010000,12970
25304,6,46,0.010000,12970
25305,14,87,0.010000,12970
25306,12,97,0.010000,12970
25307,18,139,0.010000,12970
25308,12,100,0.010000,12970
25309,16,134,0.010000,12970
25310,17,151,0.010000,12970
25311,12,100,0.010000,12970
25312,15,142,0.010000,12970
25313,6,45,0.010000,12970
25314,14,118,0.010000,12970
25315,25,199,0.010000,12970
25316,25,203,0.010000,12970
25317,5,50,0.010000,12970
25318,15,104,0.010000,12970
25319,25,229,0.010000,12970
25320,19,118,0.010000,12970
25321,8,77,0.010000,12971
25322,20,189,0.010000,12971
25323,12,100,0.010000,12972
25324,4,33,0.010000,12972
25325,7,47,0.010000,12972
25326,26,213,0.010000,12972
25327,9,61,0.010000,12972
25328,22,187,0.010000,12973
25329,8,84,0.010000,12973
25330,19,143,0.010000,12973
25331,15,105,0.010000,12973
25332,20,172,0.010000,12973
25333,12,98,0.010000,12974
25334,10,75,0.010000,12974
25335,8,57,0.010000,12974
25336,8,75,0.010000,12974
25337,11,83,0.010000,12974
25338,6,51,0.010000,12974
25339,12,97,0.010000,12974
25340,10,70,0.010000,12974
25341,12,96,0.010000,12974
25342,23,186,0.010000,12974
25343,15,122,0.010000,12974
25344,19,145,0.010000,12974
25345,9,61,0.010000,12975
25346,10,83,0.010000,12975
25347,14,133,0.010000,12975
25348,16,96,0.010000,12976
25349,13,118,0.010000,12976
25350,12,95,0.010000,12976
25351,7,54,0.010000,12976
25352,27,237,0.010000,12976
25353,12,66,0.010000,12977
25354,8,76,0.010000,12977
25355,25,226,0.010000,12977
25356,15,110,0.010000,12977
25357,13,96,0.010000,12977
25358,9,62,0.010000,12977
25359,11,65,0.010000,12977
25360,14,75,0.010000,12977
25361,19,155,0.010000,12977
25362,17,127,0.010000,12977
25363,21,142,0.010000,12977
25364,11,68,0.010000,12977
25365,14,105,0.010000,12977
25366,12,76,0.010000,12977
25367,19,161,0.010000,12977
25368,23,210,0.010000,12977
25369,11,95,0.010000,12977
25370,13,78,0.010000,12977
25371,18,119,0.010000,12977
25372,29,237,0.010000,12977
25373,16,121,0.010000,12977
25374,11,86,0.010000,12977
25375,34,266,0.010000,12977
25376,25,186,0.010000,12977
25377,11,67,0.010000,12978
25378,18,145,0.010000,12978
25379,17,172,0.010000,12979
25380,14,109,0.010000,12979
25381,28,247,0.010000,12979
25382,22,179,0.010000,12979
25383,14,109,0.010000,12979
25384,20,146,0.010000,12980
25385,14,114,0.010000,12980
25386,17,138,0.010000,12980
25387,12,77,0.010000,12980
25388,13,109,0.010000,12980
25389,7,54,0.010000,12980
25390,20,176,0.010000,12980
25391,21,160,0.010000,12980
25392,26,237,0.010000,12980
25393,14,117,0.010000,12980
25394,14,121,0.010000,12980
25395,10,74,0.010000,12980
25396,24,201,0.010000,12980
25397,16,111,0.010000,12980
25398,22,190,0.010000,12980
25399,14,99,0.010000,12980
25400,27,231,0.010000,12980
25401,20,148,0.010000,12980
25402,10,76,0.010000,12980
25403,18,203,0.010000,12980
25404,19,144,0.010000,12980
25405,5,35,0.010000,12980
25406,19,167,0.010000,12980
25407,11,85,0.010000,12980
25408,12,83,0.010000,12980
25409,1,16,0.010000,12980
25410,10,72,0.010000,12980
25411,4,29,0.010000,12980
25412,10,68,0.010000,12980
25413,9,69,0.010000,12980
25414,21,214,0.010000,12980
25415,13,95,0.010000,12980
25416,21,192,0.010000,12980
25417,9,76,0.010000,12980
25418,11,79,0.010000,12980
25419,8,40,0.010000,12980
25420,17,121,0.010000,12980
25421,11,77,0.010000,12980
25422,11,68,0.010000,12981
25423,7,53,0.010000,12981
25424,14,140,0.010000,12981
25425,20,115,0.010000,12981
25426,16,107,0.010000,12981
25427,19,129,0.010000,12981
25428,12,91,0.010000,12981
25429,14,118,0.010000,12981
25430,18,160,0.010000,12981
25431,11,88,0.010000,12981
25432,17,133,0.010000,12981
25433,5,39,0.010000,12981
25434,6,55,0.010000,12981
25435,8,57,0.010000,12981
25436,18,178,0.010000,12981
25437,24,261,0.010000,12981
25438,9,61,0.010000,12981
25439,16,123,0.010000,12981
25440,22,172,0.010000,12981
25441,7,32,0.010000,12981
25442,9,49,0.010000,12981
25443,5,40,0.010000,12981
25444,14,102,0.010000,12982
25445,15,146,0.010000,12982
25446,18,130,0.010000,12982
25447,18,147,0.010000,12982
25448,22,182,0.010000,12982
25449,10,71,0.010000,12982
25450,7,72,0.010000,12982
25451,10,78,0.010000,12982
25452,22,179,0.010000,12982
25453,17,118,0.010000,12982
25454,10,72,0.010000,12982
25455,4,27,0.010000,12982
25456,25,206,0.010000,12982
25457,13,100,0.010000,12982
25458,29,271,0.010000,12982
25459,6,54,0.010000,12982
25460,13,90,0.010000,12982
25461,11,79,0.010000,12983
25462,14,116,0.010000,12984
25463,15,114,0.010000,12984
25464,12,94,0.010000,12984
25465,16,130,0.010000,12984
25466,14,112,0.010000,12984
25467,8,85,0.010000,12984
25468,17,136,0.010000,12984
25469,17,139,0.010000,12984
25470,9,65,0.010000,12984
25471,19,143,0.010000,12984
25472,19,127,0.010000,12984
25473,17,151,0.010000,12984
25474,16,124,0.010000,12984
25475,26,302,0.010000,12985
25476,27,230,0.010000,12985
25477,14,122,0.010000,12985
25478,19,139,0.010000,12985
25479,9,59,0.010000,12985
25480,22,155,0.010000,12985
25481,17,160,0.010000,12985
25482,34,281,0.010000,12986
25483,16,123,0.010000,12986
25484,16,111,0.010000,12986
25485,12,105,0.010000,12986
25486,10,70,0.010000,12986
25487,10,76,0.010000,12986
25488,8,65,0.010000,12986
25489,9,53,0.010000,12986
25490,5,41,0.010000,12986
25491,14,109,0.010000,12986
25492,30,276,0.010000,12986
25493,17,155,0.010000,12986
25494,28,239,0.010000,12986
25495,7,46,0.010000,12986
25496,18,142,0.010000,12986
25497,23,194,0.010000,12987
25498,8,70,0.010000,12987
25499,25,206,0.010000,12987
25500,18,158,0.010000,12987
25501,26,206,0.010000,12988
25502,11,67,0.010000,12988
25503,25,186,0.010000,12988
25504,16,106,0.010000,12988
25505,14,118,0.010000,12988
25506,15,101,0.010000,12988
25507,20,130,0.010000,12988
25508,18,165,0.010000,12988
25509,9,57,0.010000,12989
25510,28,295,0.010000,12989
25511,23,179,0.010000,12990
25512,24,238,0.010000,12990
25513,25,190,0.010000,12990
25514,8,80,0.010000,12990
25515,13,100,0.010000,12990
25516,6,63,0.010000,12990
25517,13,117,0.010000,12990
25518,11,86,0.010000,12990
25519,12,116,0.010000,12990
25520,12,115,0.010000,12990
25521,4,32,0.010000,12990
25522,16,114,0.010000,12990
25523,13,106,0.010000,12990
25524,18,157,0.010000,12990
25525,17,141,0.010000,12990
25526,20,178,0.010000,12990
25527,19,162,0.010000,12990
25528,22,152,0.010000,12990
25529,17,136,0.010000,12990
25530,26,257,0.010000,12990
25531,17,135,0.010000,12990
25532,5,35,0.010000,12990
25533,20,136,0.010000,12990
25534,15,111,0.010000,12990
25535,18,188,0.010000,12990
25536,29,216,0.010000,12991
25537,20,175,0.010000,12991
25538,21,171,0.010000,12991
25539,25,203,0.010000,12992
25540,16,141,0.010000,12992
25541,19,191,0.010000,12992
25542,19,137,0.010000,12992
25543,13,107,0.010000,12992
25544,7,59,0.010000,12992
25545,13,87,0.010000,12993
25546,25,260,0.010000,12993
25547,11,91,0.010000,12994
25548,9,66,0.010000,12994
25549,20,163,0.010000,12994
25550,29,237,0.010000,12995
25551,18,189,0.010000,12995
25552,17,159,0.010000,12995
25553,8,59,0.010000,12995
25554,15,111,0.010000,12995
25555,17,140,0.010000,12996
25556,20,132,0.010000,12996
25557,13,120,0.010000,12996
25558,18,163,0.010000,12997
25559,17,111,0.010000,12997
25560,17,137,0.010000,12997
25561,2,7,0.010000,12997
25562,18,184,0.010000,12997
25563,15,115,0.010000,12997
25564,2,11,0.010000,12997
25565,13,83,0.010000,12997
25566,10,73,0.010000,12997
25567,11,72,0.010000,12997
25568,16,121,0.010000,12997
25569,6,49,0.010000,12997
25570,20,176,0.010000,12997
25571,17,138,0.010000,12997
25572,19,145,0.010000,12997
25573,10,89,0.010000,12997
25574,12,91,0.010000,12997
25575,13,85,0.010000,12997
25576,16,117,0.010000,12997
25577,21,180,0.010000,12998
25578,14,94,0.010000,12998
25579,7,47,0.010000,12998
25580,25,221,0.010000,12998
25581,4,51,0.010000,12998
25582,19,117,0.010000,12998
25583,7,36,0.010000,12998
25584,11,99,0.010000,12998
25585,5,51,0.010000,12998
25586,12,80,0.010000,12999
25587,10,75,0.010000,12999
25588,11,88,0.010000,13000
25589,29,289,0.010000,13000
25590,13,95,0.010000,13000
25591,17,125,0.010000,13000
25592,24,218,0.010000,13000
25593,12,102,0.010000,13000
25594,16,116,0.010000,13001
25595,15,153,0.010000,13001
25596,11,119,0.010000,13001
25597,14,110,0.010000,13001
25598,10,89,0.010000,13001
25599,24,266,0.010000,13001
25600,17,139,0.010000,13001
25601,18,158,0.010000,13002
25602,17,112,0.010000,13002
25603,10,88,0.010000,13002
25604,14,103,0.010000,13002
25605,18,141,0.010000,13003
25606,29,295,0.010000,13004
25607,7,54,0.010000,13004
25608,16,122,0.010000,13004
25609,18,144,0.010000,13004
25610,9,60,0.010000,13005
25611,13,107,0.010000,13005
25612,20,169,0.010000,13005
25613,15,105,0.010000,13006
25614,15,134,0.010000,13006
25615,19,171,0.010000,13007
25616,19,188,0.010000,13008
25617,15,134,0.010000,13008
25618,10,75,0.010000,13008
25619,22,141,0.010000,13008
25620,9,78,0.010000,13008
25621,27,239,0.010000,13009
25622,16,135,0.010000,13009
25623,25,240,0.010000,13009
25624,6,38,0.010000,13009
25625,9,74,0.010000,13009
25626,21,166,0.010000,13009
25627,21,166,0.010000,13009
25628,12,103,0.010000,13009
25629,18,153,0.010000,13009
25630,15,127,0.010000,13010
25631,20,140,0.010000,13010
25632,26,204,0.010000,13011
25633,19,167,0.010000,13011
25634,14,121,0.010000,13011
25635,16,158,0.010000,13011
25636,20,171,0.010000,13011
25637,28,242,0.010000,13011
25638,8,53,0.010000,13011
25639,10,81,0.010000,13011
25640,18,137,0.010000,13011
25641,27,231,0.010000,13011
25642,22,178,0.010000,13011
25643,10,81,0.010000,13011
25644,19,152,0.010000,13011
25645,14,111,0.010000,13011
25646,14,99,0.010000,13012
25647,11,87,0.010000,13012
25648,10,114,0.010000,13012
25649,12,85,0.010000,13012
25650,16,158,0.010000,13013
25651,20,161,0.010000,13013
25652,21,168,0.010000,13013
25653,17,120,0.010000,13013
25654,10,74,0.010000,13013
25655,18,152,0.010000,13013
25656,16,132,0.010000,13013
25657,16,129,0.010000,13013
25658,23,230,0.010000,13014
25659,19,151,0.010000,13014
25660,12,89,0.010000,13014
25661,19,155,0.010000,13014
25662,24,213,0.010000,13014
25663,21,185,0.010000,13015
25664,17,139,0.010000,13015
25665,18,147,0.010000,13015
25666,10,80,0.010000,13015
25667,20,192,0.010000,13015
25668,25,189,0.010000,13015
25669,12,74,0.010000,13015
25670,18,114,0.010000,13015
25671,22,144,0.010000,13015
25672,16,90,0.010000,13015
25673,27,247,0.010000,13016
25674,9,58,0.010000,13016
25675,18,164,0.010000,13016
25676,21,189,0.010000,13016
25677,15,124,0.010000,13016
25678,20,121,0.010000,13016
25679,14,110,0.010000,13016
25680,12,104,0.010000,13016
25681,7,56,0.010000,13016
25682,24,198,0.010000,13016
25683,2,17,0.010000,13016
25684,18,140,0.010000,13017
25685,13,125,0.010000,13017
25686,12,88,0.010000,13017
25687,9,70,0.010000,13017
25688,17,154,0.010000,13017
25689,16,143,0.010000,13017
25690,25,186,0.010000,13017
25691,15,108,0.010000,13017
25692,5,33,0.010000,13018
25693,13,98,0.010000,13018
25694,24,196,0.010000,13018
25695,18,146,0.010000,13019
25696,14,98,0.010000,13019
25697,8,36,0.010000,13019
25698,25,211,0.010000,13020
25699,22,173,0.010000,13020
25700,12,105,0.010000,13020
25701,11,68,0.010000,13020
25702,18,146,0.010000,13021
25703,16,136,0.010000,13021
25704,14,139,0.010000,13022
25705,13,102,0.010000,13022
25706,11,74,0.010000,13022
25707,18,135,0.010000,13022
25708,22,193,0.010000,13022
25709,8,50,0.010000,13022
25710,8,51,0.010000,13022
25711,11,81,0.010000,13022
25712,12,106,0.010000,13023
25713,16,123,0.010000,13023
25714,5,39,0.010000,13023
25715,21,174,0.010000,13023
25716,3,16,0.010000,13023
25717,10,69,0.010000,13023
25718,17,121,0.010000,13024
25719,15,123,0.010000,13024
25720,11,105,0.010000,13024
25721,16,133,0.010000,13024
25722,22,171,0.010000,13024
25723,24,204,0.010000,13025
25724,11,63,0.010000,13025
25725,29,266,0.010000,13025
25726,11,77,0.010000,13025
25727,16,146,0.010000,13025
25728,9,52,0.010000,13025
25729,27,216,0.010000,13025
25730,8,69,0.010000,13025
25731,9,79,0.010000,13025
25732,18,147,0.010000,13025
25733,23,206,0.010000,13025
25734,7,47,0.010000,13025
25735,19,173,0.010000,13025
25736,19,142,0.010000,13025
25737,7,46,0.010000,13025
25738,26,193,0.010000,13025
25739,27,219,0.010000,13025
25740,13,102,0.010000,13025
25741,15,108,0.010000,13025
25742,15,120,0.010000,13025
25743,19,144,0.010000,13025
25744,19,196,0.010000,13025
25745,7,73,0.010000,13025
25746,19,160,0.010000,13025
25747,10,76,0.010000,13025
25748,7,42,0.010000,13025
25749,19,138,0.010000,13025
25750,7,73,0.010000,13025
25751,18,160,0.010000,13026
25752,17,133,0.010000,13026
25753,12,85,0.010000,13026
25754,22,189,0.010000,13026
25755,29,222,0.010000,13027
25756,11,59,0.010000,13027
25757,7,49,0.010000,13027
25758,12,99,0.010000,13027
25759,18,145,0.010000,13027
25760,24,205,0.010000,13027
25761,8,46,0.010000,13027
25762,19,161,0.010000,13028
25763,16,148,0.010000,13028
25764,21,198,0.010000,13028
25765,20,161,0.010000,13028
25766,15,142,0.010000,13028
25767,10,74,0.010000,13028
25768,14,121,0.010000,13028
25769,7,50,0.010000,13028
25770,19,155,0.010000,13029
25771,2,11,0.010000,13029
25772,12,101,0.010000,13029
25773,14,95,0.010000,13029
25774,17,160,0.010000,13029
25775,21,174,0.010000,13029
25776,8,70,0.010000,13029
25777,21,175,0.010000,13029
25778,21,161,0.010000,13029
25779,19,194,0.010000,13029
25780,19,159,0.010000,13030
25781,24,217,0.010000,13030
25782,12,94,0.010000,13030
25783,24,204,0.010000,13030
25784,9,69,0.010000,13031
25785,23,207,0.010000,13031
25786,12,82,0.010000,13031
25787,17,115,0.010000,13031
25788,13,80,0.010000,13031
25789,13,110,0.010000,13031
25790,16,128,0.010000,13031
25791,13,111,0.010000,13031
25792,17,147,0.010000,13031
25793,14,119,0.010000,13031
25794,15,126,0.010000,13033
25795,18,148,0.010000,13033
25796,19,157,0.010000,13033
25797,17,126,0.010000,13033
25798,16,120,0.010000,13033
25799,16,137,0.010000,13033
25800,9,58,0.010000,13034
25801,16,125,0.010000,13036
25802,6,46,0.010000,13036
25803,8,56,0.010000,13036
25804,23,199,0.010000,13036
25805,12,93,0.010000,13036
25806,15,126,0.010000,13036
25807,18,149,0.010000,13036
25808,17,165,0.010000,13036
25809,12,111,0.010000,13036
25810,19,158,0.010000,13036
25811,16,117,0.010000,13036
25812,27,205,0.010000,13037
25813,21,189,0.010000,13037
25814,23,181,0.010000,13037
25815,21,170,0.010000,13037
25816,17,153,0.010000,13037
25817,18,126,0.010000,13037
25818,16,96,0.010000,13037
25819,24,290,0.010000,13037
25820,12,113,0.010000,13037
25821,14,131,0.010000,13037
25822,6,54,0.010000,13037
25823,14,120,0.010000,13037
25824,15,108,0.010000,13037
25825,10,90,0.010000,13037
25826,29,283,0.010000,13037
25827,6,43,0.010000,13037
25828,16,126,0.010000,13037
25829,15,87,0.010000,13037
25830,15,109,0.010000,13037
25831,20,152,0.010000,13037
25832,10,76,0.010000,13037
25833,16,115,0.010000,13037
25834,8,61,0.010000,13038
25835,12,109,0.010000,13038
25836,28,211,0.010000,13038
25837,8,55,0.010000,13038
25838,8,66,0.010000,13038
25839,5,45,0.010000,13038
25840,11,112,0.010000,13038
25841,13,102,0.010000,13038
25842,20,161,0.010000,13038
25843,12,112,0.010000,13038
25844,10,91,0.010000,13038
25845,12,79,0.010000,13038
25846,17,131,0.010000,13038
25847,13,117,0.010000,13038
25848,13,80,0.010000,13038
25849,16,125,0.010000,13038
25850,25,192,0.010000,13038
25851,15,123,0.010000,13038
25852,9,75,0.010000,13039
25853,16,126,0.010000,13039
25854,18,118,0.010000,13039
25855,18,181,0.010000,13040
25856,13,94,0.010000,13040
25857,11,87,0.010000,13040
25858,14,79,0.010000,13040
25859,16,160,0.010000,13041
25860,5,24,0.010000,13041
25861,23,192,0.010000,13042
25862,12,107,0.010000,13042
25863,13,105,0.010000,13042
25864,6,50,0.010000,13042
25865,14,109,0.010000,13042
25866,10,88,0.010000,13042
25867,15,124,0.010000,13042
25868,3,30,0.010000,13042
25869,8,54,0.010000,13042
25870,20,153,0.010000,13042
25871,12,79,0.010000,13042
25872,14,123,0.010000,13042
25873,23,228,0.010000,13042
25874,28,304,0.010000,13042
25875,13,119,0.010000,13042
25876,7,56,0.010000,13043
25877,9,78,0.010000,13043
25878,8,55,0.010000,13043
25879,23,241,0.010000,13043
25880,12,103,0.010000,13043
25881,6,56,0.010000,13043
25882,15,133,0.010000,13043
25883,22,220,0.010000,13043
25884,16,134,0.010000,13043
25885,13,106,0.010000,13043
25886,25,198,0.010000,13044
25887,15,163,0.010000,13044
25888,14,97,0.010000,13045
25889,21,160,0.010000,13045
25890,20,204,0.010000,13045
25891,18,141,0.010000,13045
25892,24,167,0.010000,13046
25893,15,132,0.010000,13046
25894,9,66,0.010000,13046
25895,10,80,0.010000,13046
25896,18,156,0.010000,13046
25897,14,141,0.010000,13046
25898,12,95,0.010000,13046
25899,16,141,0.010000,13046
25900,23,197,0.010000,13046
25901,28,241,0.010000,13046
25902,16,114,0.010000,13046
25903,12,123,0.010000,13046
25904,15,109,0.010000,13046
25905,16,146,0.010000,13047
25906,14,94,0.010000,13047
25907,18,128,0.010000,13047
25908,4,41,0.010000,13047
25909,24,192,0.010000,13047
25910,6,42,0.010000,13047
25911,21,186,0.010000,13047
25912,6,40,0.010000,13047
25913,14,95,0.010000,13047
25914,13,96,0.010000,13047
25915,16,140,0.010000,13047
25916,11,75,0.010000,13047
25917,14,104,0.010000,13047
25918,24,194,0.010000,13047
25919,5,45,0.010000,13047
25920,18,176,0.010000,13047
25921,15,134,0.010000,13047
25922,21,181,0.010000,13047
25923,12,88,0.010000,13048
25924,22,226,0.010000,13048
25925,29,339,0.010000,13048
25926,11,63,0.010000,13048
25927,22,199,0.010000,13049
25928,12,98,0.010000,13049
25929,15,137,0.010000,13049
25930,14,94,0.010000,13049
25931,4,17,0.010000,13049
25932,7,43,0.010000,13049
25933,21,160,0.010000,13049
25934,14,127,0.010000,13049
25935,19,158,0.010000,13049
25936,11,101,0.010000,13049
25937,23,167,0.010000,13050
25938,5,38,0.010000,13050
25939,19,176,0.010000,13050
25940,24,242,0.010000,13050
25941,9,46,0.010000,13050
25942,17,116,0.010000,13050
25943,15,108,0.010000,13050
25944,7,44,0.010000,13051
25945,0,6,0.010000,13051
25946,17,151,0.010000,13051
25947,10,77,0.010000,13051
25948,10,90,0.010000,13051
25949,11,97,0.010000,13051
25950,17,139,0.010000,13051
25951,18,171,0.010000,13051
25952,25,214,0.010000,13051
25953,16,137,0.010000,13051
25954,19,130,0.010000,13051
25955,19,165,0.010000,13052
25956,17,126,0.010000,13053
25957,24,247,0.010000,13053
25958,10,87,0.010000,13053
25959,24,242,0.010000,13053
25960,21,159,0.010000,13053
25961,18,184,0.010000,13054
25962,15,131,0.010000,13054
25963,19,148,0.010000,13054
25964,21,168,0.010000,13054
25965,10,92,0.010000,13054
25966,19,170,0.010000,13054
25967,14,115,0.010000,13054
25968,4,32,0.010000,13054
25969,18,147,0.010000,13054
25970,19,173,0.010000,13054
25971,19,182,0.010000,13054
25972,7,54,0.010000,13054
25973,4,27,0.010000,13054
25974,19,173,0.010000,13054
25975,17,157,0.010000,13054
25976,12,99,0.010000,13054
25977,16,91,0.010000,13054
25978,25,218,0.010000,13054
25979,16,145,0.010000,13054
25980,12,104,0.010000,13054
25981,23,179,0.010000,13054
25982,12,78,0.010000,13054
25983,17,145,0.010000,13054
25984,25,190,0.010000,13054
25985,26,246,0.010000,13054
25986,12,90,0.010000,13054
25987,16,134,0.010000,13056
25988,13,112,0.010000,13056
25989,15,120,0.010000,13056
25990,17,114,0.010000,13056
25991,11,75,0.010000,13056
25992,20,198,0.010000,13056
25993,10,74,0.010000,13056
25994,20,193,0.010000,13056
25995,29,292,0.010000,13056
25996,14,99,0.010000,13056
25997,17,159,0.010000,13056
25998,20,172,0.010000,13056
25999,24,232,0.010000,13056
26000,7,58,0.010000,13056
26001,24,229,0.010000,13056
26002,21,199,0.010000,13056
26003,18,136,0.010000,13056
26004,19,152,0.010000,13057
26005,10,82,0.010000,13057
26006,12,87,0.010000,13057
26007,17,162,0.010000,13057
26008,11,66,0.010000,13057
26009,14,123,0.010000,13057
26010,11,57,0.010000,13057
26011,15,137,0.010000,13058
26012,16,134,0.010000,13058
26013,16,130,0.010000,13061
26014,12,109,0.010000,13061
26015,18,161,0.010000,13061
26016,21,190,0.010000,13061
26017,15,115,0.010000,13061
26018,4,38,0.010000,13061
26019,16,155,0.010000,13061
26020,12,99,0.010000,13061
26021,16,148,0.010000,13061
26022,13,112,0.010000,13061
26023,17,166,0.010000,13061
26024,18,159,0.010000,13061
26025,7,50,0.010000,13061
26026,15,102,0.010000,13061
26027,20,201,0.010000,13061
26028,1,16,0.010000,13061
26029,17,166,0.010000,13061
26030,6,62,0.010000,13061
26031,15,135,0.010000,13062
26032,13,89,0.010000,13062
26033,21,197,0.010000,13062
26034,12,95,0.010000,13062
26035,16,141,0.010000,13062
26036,8,52,0.010000,13062
26037,17,177,0.010000,13062
26038,16,152,0.010000,13062
26039,5,30,0.010000,13062
26040,4,36,0.010000,13062
26041,11,147,0.010000,13063
26042,16,103,0.010000,13063
26043,23,180,0.010000,13063
26044,13,87,0.010000,13063
26045,20,189,0.010000,13063
26046,14,110,0.010000,13063
26047,12,89,0.010000,13063
26048,29,236,0.010000,13063
26049,12,73,0.010000,13063
26050,21,136,0.010000,13064
26051,29,219,0.010000,13064
26052,19,141,0.010000,13064
26053,11,97,0.010000,13064
26054,20,179,0.010000,13064
26055,18,171,0.010000,13064
26056,23,217,0.010000,13064
26057,27,184,0.010000,13064
26058,9,77,0.010000,13064
26059,10,62,0.010000,13064
26060,14,121,0.010000,13064
26061,26,213,0.010000,13065
26062,13,96,0.010000,13065
26063,10,62,0.010000,13065
26064,22,207,0.010000,13065
26065,12,74,0.010000,13065
26066,16,167,0.010000,13066
26067,23,171,0.010000,13067
26068,13,99,0.010000,13067
26069,14,122,0.010000,13067
26070,16,121,0.010000,13067
26071,16,153,0.010000,13068
26072,18,136,0.010000,13068
26073,24,229,0.010000,13068
26074,6,52,0.010000,13068
26075,14,94,0.010000,13068
26076,27,266,0.010000,13068
26077,18,149,0.010000,13068
26078,14,134,0.010000,13068
26079,26,234,0.010000,13068
26080,14,116,0.010000,13068
26081,6,47,0.010000,13068
26082,16,153,0.010000,13068
26083,18,146,0.010000,13068
26084,12,115,0.010000,13068
26085,19,148,0.010000,13068
26086,17,167,0.010000,13068
26087,19,143,0.010000,13069
26088,20,172,0.010000,13071
26089,26,179,0.010000,13071
26090,23,208,0.010000,13071
26091,15,141,0.010000,13071
26092,12,81,0.010000,13072
26093,10,52,0.010000,13072
26094,16,135,0.010000,13072
26095,18,128,0.010000,13072
26096,6,62,0.010000,13072
26097,18,135,0.010000,13072
26098,21,132,0.010000,13072
26099,13,83,0.010000,13072
26100,14,146,0.010000,13072
26101,18,137,0.010000,13072
26102,12,83,0.010000,13072
26103,8,84,0.010000,13072
26104,14,138,0.010000,13072
26105,17,130,0.010000,13072
26106,13,106,0.010000,13073
26107,19,135,0.010000,13073
26108,10,83,0.010000,13073
26109,21,170,0.010000,13074
26110,25,217,0.010000,13075
26111,17,133,0.010000,13075
26112,8,37,0.010000,13076
26113,10,77,0.010000,13076
26114,21,166,0.010000,13076
26115,19,213,0.010000,13076
26116,7,47,0.010000,13076
26117,20,167,0.010000,13077
26118,12,91,0.010000,13077
26119,18,152,0.010000,13077
26120,3,30,0.010000,13077
26121,9,90,0.010000,13077
26122,8,72,0.010000,13077
26123,24,254,0.010000,13077
26124,13,94,0.010000,13077
26125,14,95,0.010000,13077
26126,23,182,0.010000,13077
26127,22,183,0.010000,13077
26128,24,190,0.010000,13078
26129,18,153,0.010000,13078
26130,14,117,0.010000,13078
26131,16,195,0.010000,13078
26132,15,145,0.010000,13078
26133,11,91,0.010000,13078
26134,7,48,0.010000,13078
26135,11,81,0.010000,13078
26136,23,217,0.010000,13078
26137,16,105,0.010000,13078
26138,25,267,0.010000,13078
26139,22,184,0.010000,13078
26140,14,95,0.010000,13078
26141,7,60,0.010000,13078
26142,8,70,0.010000,13078
26143,12,105,0.010000,13078
26144,25,205,0.010000,13079
26145,16,134,0.010000,13079
26146,18,174,0.010000,13079
26147,16,155,0.010000,13079
26148,31,301,0.010000,13079
26149,20,190,0.010000,13080
26150,20,157,0.010000,13080
26151,16,112,0.010000,13080
26152,21,150,0.010000,13080
26153,18,134,0.010000,13080
26154,22,164,0.010000,13080
26155,18,147,0.010000,13082
26156,19,162,0.010000,13082
26157,17,178,0.010000,13082
26158,14,96,0.010000,13082
26159,21,159,0.010000,13082
26160,2,34,0.010000,13082
26161,17,127,0.010000,13083
26162,18,123,0.010000,13083
26163,18,195,0.010000,13084
26164,10,63,0.010000,13084
26165,13,92,0.010000,13084
26166,11,91,0.010000,13084
26167,11,59,0.010000,13084
26168,23,181,0.010000,13084
26169,13,103,0.010000,13084
26170,10,82,0.010000,13084
26171,16,127,0.010000,13084
26172,17,157,0.010000,13084
26173,21,182,0.010000,13084
26174,7,59,0.010000,13084
26175,17,138,0.010000,13084
26176,17,154,0.010000,13084
26177,18,167,0.010000,13084
26178,22,161,0.010000,13085
26179,23,215,0.010000,13085
26180,9,90,0.010000,13085
26181,7,54,0.010000,13085
26182,21,192,0.010000,13085
26183,16,129,0.010000,13085
26184,19,164,0.010000,13085
26185,7,47,0.010000,13085
26186,15,129,0.010000,13085
26187,15,115,0.010000,13085
26188,23,203,0.010000,13085
26189,18,145,0.010000,13086
26190,11,81,0.010000,13086
26191,13,117,0.010000,13086
26192,21,136,0.010000,13086
26193,14,111,0.010000,13086
26194,7,37,0.010000,13086
26195,23,223,0.010000,13086
26196,7,50,0.010000,13086
26197,16,124,0.010000,13087
26198,15,156,0.010000,13087
26199,16,149,0.010000,13087
26200,20,144,0.010000,13087
26201,12,110,0.010000,13087
26202,5,52,0.010000,13088
26203,1,12,0.010000,13088
26204,17,145,0.010000,13088
26205,14,123,0.010000,13088
26206,14,119,0.010000,13088
26207,28,226,0.010000,13088
26208,19,133,0.010000,13088
26209,12,100,0.010000,13088
26210,20,186,0.010000,13088
26211,15,92,0.010000,13088
26212,18,143,0.010000,13088
26213,22,209,0.010000,13088
26214,5,30,0.010000,13088
26215,22,198,0.010000,13088
26216,19,145,0.010000,13088
26217,17,152,0.010000,13090
26218,18,125,0.010000,13090
26219,19,149,0.010000,13090
26220,24,175,0.010000,13090
26221,15,121,0.010000,13090
26222,10,90,0.010000,13090
26223,26,229,0.010000,13090
26224,7,61,0.010000,13090
26225,31,282,0.010000,13090
26226,8,51,0.010000,13090
26227,15,119,0.010000,13090
26228,19,155,0.010000,13090
26229,22,233,0.010000,13090
26230,12,77,0.010000,13090
26231,18,152,0.010000,13090
26232,22,162,0.010000,13090
26233,15,97,0.010000,13090
26234,7,39,0.010000,13090
26235,13,128,0.010000,13090
26236,14,106,0.010000,13090
26237,15,132,0.010000,13090
26238,16,167,0.010000,13090
26239,9,73,0.010000,13090
26240,22,167,0.010000,13090
26241,15,140,0.010000,13092
26242,16,144,0.010000,13092
26243,18,141,0.010000,13092
26244,1,9,0.010000,13092
26245,15,120,0.010000,13092
26246,9,85,0.010000,13092
26247,16,139,0.010000,13092
26248,5,31,0.010000,13092
26249,7,49,0.010000,13092
26250,20,206,0.010000,13095
26251,11,88,0.010000,13095
26252,10,83,0.010000,13095
26253,18,138,0.010000,13096
26254,18,126,0.010000,13097
26255,19,171,0.010000,13097
26256,11,114,0.010000,13097
26257,15,128,0.010000,13097
26258,12,98,0.010000,13097
26259,7,51,0.010000,13098
26260,20,214,0.010000,13098
26261,10,75,0.010000,13098
26262,4,31,0.010000,13098
26263,10,83,0.010000,13098
26264,16,127,0.010000,13098
26265,14,116,0.010000,13098
26266,17,164,0.010000,13098
26267,8,58,0.010000,13098
26268,9,51,0.010000,13098
26269,22,198,0.010000,13098
26270,18,183,0.010000,13098
26271,20,177,0.010000,13098
26272,12,82,0.010000,13100
26273,18,162,0.010000,13100
26274,15,128,0.010000,13100
26275,9,65,0.010000,13100
26276,20,171,0.010000,13100
26277,16,137,0.010000,13100
26278,17,130,0.010000,13100
26279,14,99,0.010000,13100
26280,4,40,0.010000,13100
26281,19,139,0.010000,13100
26282,31,301,0.010000,13100
26283,14,106,0.010000,13100
26284,19,156,0.010000,13100
26285,11,54,0.010000,13100
26286,25,203,0.010000,13100
26287,23,221,0.010000,13100
26288,32,281,0.010000,13100
26289,10,91,0.010000,13100
26290,4,24,0.010000,13100
26291,18,152,0.010000,13100
26292,13,103,0.010000,13100
26293,19,148,0.010000,13101
26294,17,145,0.010000,13101
26295,17,122,0.010000,13101
26296,19,143,0.010000,13101
26297,12,97,0.010000,13101
26298,14,116,0.010000,13101
26299,15,134,0.010000,13101
26300,13,119,0.010000,13101
26301,20,175,0.010000,13101
26302,18,141,0.010000,13101
26303,20,160,0.010000,13101
26304,11,117,0.010000,13101
26305,26,186,0.010000,13101
26306,27,218,0.010000,13101
26307,15,102,0.010000,13101
26308,15,130,0.010000,13101
26309,8,50,0.010000,13101
26310,27,246,0.010000,13101
26311,6,41,0.010000,13101
26312,12,129,0.010000,13101
26313,5,29,0.010000,13101
26314,10,86,0.010000,13101
26315,16,120,0.010000,13101
26316,16,150,0.010000,13101
26317,11,81,0.010000,13101
26318,9,61,0.010000,13101
26319,10,98,0.010000,13101
26320,24,213,0.010000,13101
26321,18,164,0.010000,13101
26322,20,171,0.010000,13101
26323,15,155,0.010000,13101
26324,19,163,0.010000,13102
26325,7,54,0.010000,13102
26326,4,33,0.010000,13102
26327,16,125,0.010000,13102
26328,16,128,0.010000,13102
26329,8,64,0.010000,13102
26330,26,219,0.010000,13102
26331,20,137,0.010000,13102
26332,22,173,0.010000,13102
26333,23,180,0.010000,13102
26334,11,87,0.010000,13102
26335,12,92,0.010000,13102
26336,23,163,0.010000,13102
26337,17,132,0.010000,13102
26338,16,129,0.010000,13102
26339,18,168,0.010000,13102
26340,14,110,0.010000,13102
26341,24,237,0.010000,13102
26342,19,130,0.010000,13102
26343,16,137,0.010000,13102
26344,6,40,0.010000,13102
26345,12,104,0.010000,13103
26346,20,145,0.010000,13103
26347,26,191,0.010000,13103
26348,18,162,0.010000,13103
26349,12,76,0.010000,13103
26350,15,131,0.010000,13103
26351,18,143,0.010000,13105
26352,16,113,0.010000,13105
26353,14,114,0.010000,13105
26354,22,226,0.010000,13105
26355,27,239,0.010000,13105
26356,16,120,0.010000,13105
26357,18,183,0.010000,13105
26358,20,141,0.010000,13105
26359,7,77,0.010000,13105
26360,14,131,0.010000,13105
26361,14,159,0.010000,13105
26362,15,121,0.010000,13105
26363,27,315,0.010000,13105
26364,14,99,0.010000,13105
26365,8,56,0.010000,13105
26366,25,235,0.010000,13105
26367,18,145,0.010000,13105
26368,6,55,0.010000,13105
26369,19,109,0.010000,13105
26370,1,10,0.010000,13105
26371,8,42,0.010000,13105
26372,20,156,0.010000,13105
26373,12,88,0.010000,13105
26374,10,107,0.010000,13105
26375,13,98,0.010000,13105
26376,15,127,0.010000,13105
26377,9,64,0.010000,13105
26378,27,229,0.010000,13105
26379,25,262,0.010000,13105
26380,11,122,0.010000,13105
26381,15,138,0.010000,13105
26382,11,84,0.010000,13105
26383,18,149,0.010000,13105
26384,14,131,0.010000,13105
26385,20,171,0.010000,13105
26386,16,131,0.010000,13106
26387,16,142,0.010000,13106
26388,20,139,0.010000,13106
26389,13,99,0.010000,13106
26390,8,46,0.010000,13106
26391,20,212,0.010000,13106
26392,18,139,0.010000,13106
26393,19,144,0.010000,13106
26394,14,123,0.010000,13106
26395,12,128,0.010000,13106
26396,19,165,0.010000,13106
26397,15,118,0.010000,13106
26398,17,164,0.010000,13107
26399,2,19,0.010000,13107
26400,9,54,0.010000,13109
26401,20,186,0.010000,13109
26402,16,115,0.010000,13109
26403,9,70,0.010000,13109
26404,21,161,0.010000,13109
26405,11,102,0.010000,13109
26406,11,95,0.010000,13109
26407,8,47,0.010000,13109
26408,13,104,0.010000,13109
26409,13,93,0.010000,13109
26410,22,202,0.010000,13109
26411,14,132,0.010000,13109
26412,15,109,0.010000,13109
26413,14,130,0.010000,13109
26414,16,138,0.010000,13109
26415,1,7,0.010000,13109
26416,16,115,0.010000,13109
26417,12,84,0.010000,13109
26418,14,104,0.010000,13109
26419,28,250,0.010000,13109
26420,18,155,0.010000,13109
26421,16,132,0.010000,13110
26422,11,97,0.010000,13110
26423,12,94,0.010000,13111
26424,14,117,0.010000,13111
26425,16,114,0.010000,13111
26426,9,76,0.010000,13111
26427,8,56,0.010000,13111
26428,15,110,0.010000,13111
26429,14,109,0.010000,13111
26430,7,64,0.010000,13111
26431,5,36,0.010000,13111
26432,24,142,0.010000,13111
26433,17,136,0.010000,13111
26434,12,70,0.010000,13111
26435,9,83,0.010000,13111
26436,13,122,0.010000,13111
26437,16,130,0.010000,13111
26438,18,192,0.010000,13111
26439,6,58,0.010000,13111
26440,18,172,0.010000,13111
26441,10,77,0.010000,13111
26442,33,328,0.010000,13111
26443,17,136,0.010000,13111
26444,17,117,0.010000,13111
26445,19,136,0.010000,13111
26446,8,69,0.010000,13111
26447,14,148,0.010000,13111
26448,7,37,0.010000,13111
26449,20,152,0.010000,13111
26450,19,154,0.010000,13111
26451,7,62,0.010000,13111
26452,25,235,0.010000,13112
26453,19,186,0.010000,13112
26454,16,131,0.010000,13112
26455,18,143,0.010000,13112
26456,14,113,0.010000,13112
26457,14,129,0.010000,13112
26458,31,279,0.010000,13113
26459,18,183,0.010000,13113
26460,15,115,0.010000,13113
26461,12,104,0.010000,13113
26462,16,124,0.010000,13113
26463,13,110,0.010000,13113
26464,15,123,0.010000,13113
26465,4,43,0.010000,13113
26466,18,136,0.010000,13113
26467,11,82,0.010000,13113
26468,10,84,0.010000,13113
26469,23,207,0.010000,13113
26470,12,94,0.010000,13114
26471,12,113,0.010000,13114
26472,8,58,0.010000,13114
26473,19,174,0.010000,13114
26474,19,166,0.010000,13114
26475,17,140,0.010000,13114
26476,21,202,0.010000,13114
26477,23,226,0.010000,13115
26478,16,120,0.010000,13115
26479,14,93,0.010000,13115
26480,15,110,0.010000,13115
26481,14,106,0.010000,13115
26482,19,140,0.010000,13115
26483,8,56,0.010000,13115
26484,5,34,0.010000,13115
26485,18,146,0.010000,13115
26486,10,80,0.010000,13115
26487,9,55,0.010000,13115
26488,21,158,0.010000,13115
26489,17,156,0.010000,13115
26490,12,114,0.010000,13115
26491,29,254,0.010000,13117
26492,16,143,0.010000,13117
26493,22,183,0.010000,13117
26494,21,194,0.010000,13117
26495,28,263,0.010000,13118
26496,24,247,0.010000,13118
26497,25,199,0.010000,13118
26498,3,31,0.010000,13118
26499,11,73,0.010000,13118
26500,16,114,0.010000,13118
26501,14,104,0.010000,13118
26502,12,87,0.010000,13118
26503,10,60,0.010000,13118
26504,16,138,0.010000,13118
26505,20,183,0.010000,13118
26506,7,57,0.010000,13119
26507,23,206,0.010000,13119
26508,16,129,0.010000,13119
26509,20,193,0.010000,13119
26510,21,148,0.010000,13119
26511,10,74,0.010000,13119
26512,10,79,0.010000,13119
26513,28,252,0.010000,13119
26514,18,161,0.010000,13119
26515,21,205,0.010000,13119
26516,18,137,0.010000,13119
26517,14,132,0.010000,13119
26518,21,165,0.010000,13119
26519,9,57,0.010000,13119
26520,22,192,0.010000,13120
26521,22,179,0.010000,13121
26522,16,122,0.010000,13121
26523,18,163,0.010000,13121
26524,8,84,0.010000,13121
26525,17,117,0.010000,13121
26526,16,114,0.010000,13121
26527,21,213,0.010000,13121
26528,6,42,0.010000,13121
26529,14,116,0.010000,13122
26530,3,39,0.010000,13122
26531,19,144,0.010000,13123
26532,13,108,0.010000,13123
26533,17,153,0.010000,13123
26534,25,213,0.010000,13123
26535,21,210,0.010000,13123
26536,22,163,0.010000,13123
26537,11,73,0.010000,13123
26538,21,161,0.010000,13123
26539,19,164,0.010000,13123
26540,3,26,0.010000,13123
26541,14,101,0.010000,13124
26542,8,64,0.010000,13124
26543,18,132,0.010000,13124
26544,19,140,0.010000,13125
26545,22,210,0.010000,13125
26546,7,39,0.010000,13125
26547,15,155,0.010000,13125
26548,13,125,0.010000,13125
26549,26,269,0.010000,13125
26550,22,201,0.010000,13125
26551,11,103,0.010000,13125
26552,15,122,0.010000,13125
26553,8,73,0.010000,13125
26554,12,109,0.010000,13125
26555,21,196,0.010000,13125
26556,17,120,0.010000,13125
26557,12,127,0.010000,13125
26558,7,53,0.010000,13125
26559,21,165,0.010000,13125
26560,15,100,0.010000,13125
26561,28,257,0.010000,13125
26562,24,225,0.010000,13125
26563,20,179,0.010000,13125
26564,25,194,0.010000,13125
26565,1,8,0.010000,13125
26566,21,177,0.010000,13125
26567,10,83,0.010000,13125
26568,5,32,0.010000,13125
26569,10,64,0.010000,13125
26570,20,140,0.010000,13125
26571,24,163,0.010000,13125
26572,11,87,0.010000,13125
26573,17,132,0.010000,13125
26574,15,87,0.010000,13126
26575,15,129,0.010000,13126
26576,6,26,0.010000,13126
26577,14,135,0.010000,13126
26578,19,156,0.010000,13126
26579,11,89,0.010000,13126
26580,18,167,0.010000,13126
26581,10,85,0.010000,13126
26582,9,64,0.010000,13126
26583,4,33,0.010000,13126
26584,12,80,0.010000,13126
26585,22,211,0.010000,13126
26586,15,130,0.010000,13126
26587,13,109,0.010000,13126
26588,19,186,0.010000,13126
26589,11,90,0.010000,13126
26590,10,60,0.010000,13126
26591,18,172,0.010000,13126
26592,1,7,0.010000,13126
26593,15,133,0.010000,13128
26594,14,105,0.010000,13128
26595,20,126,0.010000,13128
26596,18,175,0.010000,13128
26597,10,77,0.010000,13128
26598,21,164,0.010000,13128
26599,9,79,0.010000,13129
26600,11,80,0.010000,13129
26601,8,56,0.010000,13129
26602,21,163,0.010000,13129
26603,11,76,0.010000,13129
26604,19,133,0.010000,13129
26605,21,175,0.010000,13129
26606,19,170,0.010000,13129
26607,17,146,0.010000,13129
26608,9,58,0.010000,13129
26609,9,76,0.010000,13130
26610,16,114,0.010000,13130
26611,17,120,0.010000,13130
26612,14,106,0.010000,13130
26613,24,225,0.010000,13130
26614,15,122,0.010000,13130
26615,18,98,0.010000,13130
26616,11,101,0.010000,13130
26617,18,150,0.010000,13130
26618,17,126,0.010000,13130
26619,13,86,0.010000,13130
26620,19,175,0.010000,13130
26621,20,164,0.010000,13130
26622,22,179,0.010000,13130
26623,19,176,0.010000,13130
26624,23,204,0.010000,13130
26625,8,70,0.010000,13130
26626,16,134,0.010000,13130
26627,19,148,0.010000,13130
26628,11,77,0.010000,13130
26629,16,128,0.010000,13130
26630,24,192,0.010000,13130
26631,13,103,0.010000,13130
26632,21,188,0.010000,13132
26633,22,169,0.010000,13132
26634,18,167,0.010000,13132
26635,21,163,0.010000,13132
26636,14,113,0.010000,13132
26637,26,224,0.010000,13132
26638,10,66,0.010000,13132
26639,12,101,0.010000,13132
26640,10,77,0.010000,13132
26641,23,205,0.010000,13132
26642,17,138,0.010000,13132
26643,19,190,0.010000,13132
26644,3,34,0.010000,13132
26645,12,100,0.010000,13132
26646,11,98,0.010000,13132
26647,15,104,0.010000,13132
26648,9,66,0.010000,13133
26649,19,181,0.010000,13133
26650,16,121,0.010000,13133
26651,13,103,0.010000,13133
26652,10,85,0.010000,13133
26653,14,97,0.010000,13133
26654,11,83,0.010000,13133
26655,11,67,0.010000,13133
26656,28,242,0.010000,13134
26657,21,186,0.010000,13134
26658,12,90,0.010000,13134
26659,12,100,0.010000,13134
26660,1,7,0.010000,13134
26661,24,180,0.010000,13134
26662,21,176,0.010000,13134
26663,23,164,0.010000,13134
26664,14,107,0.010000,13134
26665,14,107,0.010000,13134
26666,16,111,0.010000,13134
26667,13,94,0.010000,13135
26668,10,85,0.010000,13135
26669,2,12,0.010000,13135
26670,11,59,0.010000,13135
26671,8,78,0.010000,13135
26672,21,164,0.010000,13135
26673,10,81,0.010000,13135
26674,14,126,0.010000,13135
26675,13,117,0.010000,13135
26676,4,33,0.010000,13135
26677,9,70,0.010000,13135
26678,7,56,0.010000,13135
26679,9,91,0.010000,13135
26680,16,101,0.010000,13135
26681,19,179,0.010000,13135
26682,5,32,0.010000,13135
26683,30,230,0.010000,13135
26684,8,58,0.010000,13135
26685,12,90,0.010000,13135
26686,7,52,0.010000,13136
26687,14,106,0.010000,13136
26688,14,104,0.010000,13136
26689,16,138,0.010000,13137
26690,23,201,0.010000,13137
26691,17,165,0.010000,13137
26692,17,140,0.010000,13137
26693,11,99,0.010000,13137
26694,16,132,0.010000,13137
26695,11,81,0.010000,13137
26696,15,122,0.010000,13137
26697,14,128,0.010000,13137
26698,13,94,0.010000,13137
26699,24,207,0.010000,13138
26700,7,38,0.010000,13138
26701,3,37,0.010000,13138
26702,13,90,0.010000,13138
26703,13,115,0.010000,13138
26704,14,125,0.010000,13138
26705,18,155,0.010000,13138
26706,30,268,0.010000,13138
26707,9,60,0.010000,13138
26708,9,84,0.010000,13138
26709,6,22,0.010000,13138
26710,11,86,0.010000,13138
26711,9,67,0.010000,13138
26712,6,48,0.010000,13138
26713,18,161,0.010000,13138
26714,11,110,0.010000,13138
26715,14,110,0.010000,13138
26716,14,99,0.010000,13138
26717,7,25,0.010000,13138
26718,19,170,0.010000,13138
26719,21,222,0.010000,13138
26720,15,125,0.010000,13139
26721,22,172,0.010000,13140
26722,19,170,0.010000,13141
26723,23,257,0.010000,13141
26724,11,131,0.010000,13141
26725,8,42,0.010000,13141
26726,14,131,0.010000,13141
26727,17,151,0.010000,13141
26728,17,127,0.010000,13141
26729,5,45,0.010000,13141
26730,7,59,0.010000,13141
26731,3,27,0.010000,13141
26732,7,58,0.010000,13141
26733,6,51,0.010000,13141
26734,13,109,0.010000,13142
26735,14,97,0.010000,13142
26736,17,154,0.010000,13142
26737,26,204,0.010000,13142
26738,18,129,0.010000,13142
26739,22,199,0.010000,13142
26740,0,8,0.010000,13142
26741,21,205,0.010000,13142
26742,9,57,0.010000,13142
26743,24,155,0.010000,13142
26744,7,55,0.010000,13143
26745,10,62,0.010000,13143
26746,10,75,0.010000,13143
26747,31,226,0.010000,13144
26748,22,172,0.010000,13144
26749,17,111,0.010000,13144
26750,13,106,0.010000,13144
26751,12,102,0.010000,13144
26752,3,39,0.010000,13144
26753,12,91,0.010000,13144
26754,17,142,0.010000,13144
26755,19,169,0.010000,13144
26756,2,19,0.010000,13144
26757,26,223,0.010000,13144
26758,20,182,0.010000,13144
26759,18,191,0.010000,13144
26760,20,170,0.010000,13144
26761,24,189,0.010000,13144
26762,15,129,0.010000,13144
26763,17,139,0.010000,13144
26764,13,111,0.010000,13144
26765,26,222,0.010000,13144
26766,15,141,0.010000,13144
26767,24,185,0.010000,13144
26768,7,70,0.010000,13144
26769,18,153,0.010000,13144
26770,16,161,0.010000,13144
26771,15,122,0.010000,13144
26772,15,106,0.010000,13144
26773,11,92,0.010000,13144
26774,5,27,0.010000,13144
26775,13,108,0.010000,13145
26776,14,142,0.010000,13145
26777,24,194,0.010000,13145
26778,9,59,0.010000,13145
26779,16,149,0.010000,13145
26780,18,134,0.010000,13145
26781,13,82,0.010000,13145
26782,10,69,0.010000,13145
26783,9,70,0.010000,13146
26784,15,117,0.010000,13146
26785,22,163,0.010000,13146
26786,7,61,0.010000,13146
26787,16,126,0.010000,13146
26788,6,41,0.010000,13146
26789,7,72,0.010000,13146
26790,12,94,0.010000,13146
26791,8,53,0.010000,13147
26792,8,69,0.010000,13147
26793,21,187,0.010000,13147
26794,12,92,0.010000,13147
26795,13,112,0.010000,13147
26796,24,221,0.010000,13147
26797,10,91,0.010000,13147
26798,12,80,0.010000,13147
26799,5,38,0.010000,13147
26800,20,162,0.010000,13147
26801,22,145,0.010000,13147
26802,17,157,0.010000,13147
26803,20,172,0.010000,13147
26804,12,116,0.010000,13147
26805,13,118,0.010000,13147
26806,14,113,0.010000,13147
26807,15,103,0.010000,13147
26808,13,120,0.010000,13147
26809,27,272,0.010000,13147
26810,19,141,0.010000,13147
26811,20,212,0.010000,13147
26812,18,152,0.010000,13147
26813,21,147,0.010000,13147
26814,21,207,0.010000,13147
26815,21,215,0.010000,13147
26816,17,148,0.010000,13147
26817,16,132,0.010000,13147
26818,9,64,0.010000,13147
26819,16,119,0.010000,13147
26820,16,164,0.010000,13147
26821,11,75,0.010000,13147
26822,11,100,0.010000,13147
26823,15,127,0.010000,13147
26824,13,106,0.010000,13147
26825,10,61,0.010000,13147
26826,13,80,0.010000,13147
26827,13,129,0.010000,13148
26828,20,182,0.010000,13148
26829,32,292,0.010000,13148
26830,9,75,0.010000,13148
26831,5,39,0.010000,13148
26832,19,157,0.010000,13148
26833,21,165,0.010000,13148
26834,10,83,0.010000,13148
26835,19,134,0.010000,13148
26836,19,141,0.010000,13148
26837,30,298,0.010000,13148
26838,21,159,0.010000,13148
26839,17,136,0.010000,13148
26840,22,187,0.010000,13148
26841,18,179,0.010000,13148
26842,20,167,0.010000,13149
26843,20,179,0.010000,13149
26844,19,136,0.010000,13149
26845,17,121,0.010000,13149
26846,20,157,0.010000,13149
26847,16,122,0.010000,13149
26848,15,143,0.010000,13149
26849,9,65,0.010000,13149
26850,14,104,0.010000,13149
26851,11,98,0.010000,13149
26852,10,69,0.010000,13149
26853,5,32,0.010000,13149
26854,21,152,0.010000,13149
26855,25,212,0.010000,13149
26856,16,118,0.010000,13149
26857,15,124,0.010000,13149
26858,8,40,0.010000,13149
26859,18,155,0.010000,13149
26860,14,117,0.010000,13149
26861,10,90,0.010000,13149
26862,19,171,0.010000,13149
26863,8,50,0.010000,13149
26864,9,70,0.010000,13149
26865,10,75,0.010000,13149
26866,15,145,0.010000,13149
26867,19,167,0.010000,13149
26868,24,193,0.010000,13149
26869,26,264,0.010000,13149
26870,20,186,0.010000,13149
26871,26,204,0.010000,13149
26872,14,98,0.010000,13150
26873,6,48,0.010000,13150
26874,15,130,0.010000,13150
26875,17,139,0.010000,13150
26876,17,138,0.010000,13150
26877,6,36,0.010000,13150
26878,5,38,0.010000,13151
26879,9,70,0.010000,13151
26880,26,216,0.010000,13151
26881,19,162,0.010000,13151
26882,18,166,0.010000,13151
26883,13,116,0.010000,13151
26884,4,30,0.010000,13151
26885,20,176,0.010000,13151
26886,10,87,0.010000,13151
26887,18,168,0.010000,13151
26888,24,207,0.010000,13151
26889,10,83,0.010000,13151
26890,13,124,0.010000,13151
26891,22,185,0.010000,13151
26892,18,137,0.010000,13151
26893,15,112,0.010000,13151
26894,17,94,0.010000,13151
26895,14,132,0.010000,13151
26896,15,144,0.010000,13151
26897,6,50,0.010000,13151
26898,12,94,0.010000,13151
26899,20,198,0.010000,13151
26900,11,73,0.010000,13151
26901,4,29,0.010000,13151
26902,25,186,0.010000,13151
26903,16,115,0.010000,13151
26904,11,79,0.010000,13151
26905,21,151,0.010000,13151
26906,14,85,0.010000,13151
26907,13,107,0.010000,13151
26908,18,127,0.010000,13151
26909,12,94,0.010000,13151
26910,11,79,0.010000,13154
26911,20,170,0.010000,13154
26912,22,201,0.010000,13154
26913,24,181,0.010000,13154
26914,7,70,0.010000,13154
26915,20,175,0.010000,13154
26916,22,194,0.010000,13155
26917,14,129,0.010000,13155
26918,18,161,0.010000,13155
26919,22,197,0.010000,13155
26920,14,124,0.010000,13155
26921,23,218,0.010000,13155
26922,17,137,0.010000,13155
26923,8,60,0.010000,13155
26924,23,180,0.010000,13155
26925,18,157,0.010000,13155
26926,11,74,0.010000,13155
26927,20,120,0.010000,13155
26928,2,19,0.010000,13155
26929,17,133,0.010000,13155
26930,14,128,0.010000,13155
26931,23,228,0.010000,13155
26932,19,161,0.010000,13155
26933,11,95,0.010000,13155
26934,19,142,0.010000,13155
26935,14,110,0.010000,13155
26936,19,193,0.010000,13155
26937,14,106,0.010000,13155
26938,8,70,0.010000,13155
26939,9,75,0.010000,13155
26940,12,97,0.010000,13155
26941,5,36,0.010000,13155
26942,15,120,0.010000,13155
26943,15,135,0.010000,13155
26944,16,119,0.010000,13155
26945,22,165,0.010000,13156
26946,15,111,0.010000,13156
26947,18,168,0.010000,13156
26948,23,193,0.010000,13156
26949,17,150,0.010000,13156
26950,16,116,0.010000,13156
26951,7,49,0.010000,13156
26952,19,179,0.010000,13156
26953,12,91,0.010000,13156
26954,20,172,0.010000,13156
26955,9,63,0.010000,13156
26956,26,242,0.010000,13156
26957,13,102,0.010000,13156
26958,24,173,0.010000,13156
26959,18,143,0.010000,13156
26960,26,249,0.010000,13156
26961,10,86,0.010000,13156
26962,15,112,0.010000,13156
26963,17,146,0.010000,13156
26964,10,73,0.010000,13156
26965,7,43,0.010000,13156
26966,25,231,0.010000,13156
26967,21,172,0.010000,13156
26968,18,156,0.010000,13156
26969,23,243,0.010000,13156
26970,9,61,0.010000,13156
26971,7,55,0.010000,13156
26972,16,117,0.010000,13156
26973,14,98,0.010000,13156
26974,21,174,0.010000,13156
26975,15,87,0.010000,13156
26976,16,133,0.010000,13156
26977,22,182,0.010000,13156
26978,15,122,0.010000,13156
26979,21,187,0.010000,13157
26980,20,158,0.010000,13157
26981,18,201,0.010000,13157
26982,14,109,0.010000,13157
26983,8,50,0.010000,13157
26984,25,212,0.010000,13157
26985,18,170,0.010000,13157
26986,28,278,0.010000,13157
26987,22,168,0.010000,13158
26988,24,182,0.010000,13158
26989,23,197,0.010000,13158
26990,27,214,0.010000,13158
26991,16,129,0.010000,13158
26992,7,47,0.010000,13158
26993,9,74,0.010000,13158
26994,10,84,0.010000,13158
26995,10,86,0.010000,13158
26996,3,18,0.010000,13158
26997,27,246,0.010000,13158
26998,22,219,0.010000,13158
26999,19,166,0.010000,13158
27000,14,119,0.010000,13158
27001,17,145,0.010000,13158
27002,27,149,0.010000,13158
27003,21,153,0.010000,13158
27004,13,120,0.010000,13158
27005,9,86,0.010000,13159
27006,16,114,0.010000,13159
27007,7,47,0.010000,13159
27008,16,149,0.010000,13159
27009,21,183,0.010000,13159
27010,16,99,0.010000,13159
27011,9,79,0.010000,13159
27012,10,73,0.010000,13159
27013,15,127,0.010000,13159
27014,17,137,0.010000,13159
27015,10,76,0.010000,13159
27016,19,138,0.010000,13159
27017,9,51,0.010000,13159
27018,19,155,0.010000,13159
27019,14,93,0.010000,13159
27020,11,74,0.010000,13159
27021,8,62,0.010000,13159
27022,15,151,0.010000,13159
27023,15,134,0.010000,13159
27024,17,153,0.010000,13159
27025,17,157,0.010000,13159
27026,20,186,0.010000,13159
27027,15,130,0.010000,13159
27028,15,98,0.010000,13159
27029,17,154,0.010000,13159
27030,18,154,0.010000,13159
27031,21,174,0.010000,13160
27032,24,259,0.010000,13160
27033,10,67,0.010000,13160
27034,17,125,0.010000,13160
27035,14,109,0.010000,13160
27036,22,160,0.010000,13160
27037,16,138,0.010000,13160
27038,27,213,0.010000,13160
27039,14,113,0.010000,13160
27040,11,86,0.010000,13160
27041,24,189,0.010000,13161
27042,12,99,0.010000,13161
27043,17,145,0.010000,13162
27044,18,160,0.010000,13162
27045,19,148,0.010000,13162
27046,18,166,0.010000,13162
27047,11,102,0.010000,13162
27048,15,117,0.010000,13162
27049,7,44,0.010000,13162
27050,7,61,0.010000,13162
27051,17,125,0.010000,13162
27052,24,195,0.010000,13162
27053,21,162,0.010000,13163
27054,12,145,0.010000,13163
27055,20,164,0.010000,13163
27056,10,69,0.010000,13163
27057,16,130,0.010000,13163
27058,13,113,0.010000,13163
27059,1,10,0.010000,13163
27060,20,186,0.010000,13163
27061,25,214,0.010000,13163
27062,25,142,0.010000,13163
27063,15,145,0.010000,13163
27064,26,214,0.010000,13164
27065,13,108,0.010000,13164
27066,10,62,0.010000,13164
27067,19,117,0.010000,13164
27068,12,96,0.010000,13164
27069,12,101,0.010000,13164
27070,15,124,0.010000,13164
27071,30,267,0.010000,13164
27072,9,66,0.010000,13164
27073,12,69,0.010000,13164
27074,21,198,0.010000,13164
27075,12,84,0.010000,13164
27076,15,106,0.010000,13164
27077,16,116,0.010000,13164
27078,14,149,0.010000,13164
27079,20,185,0.010000,13164
27080,21,190,0.010000,13164
27081,19,208,0.010000,13164
27082,13,111,0.010000,13164
27083,23,183,0.010000,13165
27084,20,168,0.010000,13165
27085,6,51,0.010000,13165
27086,13,97,0.010000,13165
27087,19,163,0.010000,13165
27088,12,101,0.010000,13165
27089,16,153,0.010000,13165
27090,17,149,0.010000,13166
27091,18,111,0.010000,13166
27092,11,62,0.010000,13166
27093,13,116,0.010000,13166
27094,2,20,0.010000,13166
27095,9,56,0.010000,13166
27096,23,178,0.010000,13167
27097,15,133,0.010000,13167
27098,10,72,0.010000,13167
27099,15,91,0.010000,13167
27100,21,183,0.010000,13167
27101,12,87,0.010000,13167
27102,6,35,0.010000,13167
27103,11,101,0.010000,13167
27104,18,141,0.010000,13167
27105,25,252,0.010000,13167
27106,6,34,0.010000,13167
27107,15,144,0.010000,13167
27108,24,189,0.010000,13167
27109,20,179,0.010000,13167
27110,17,129,0.010000,13167
27111,19,159,0.010000,13167
27112,27,216,0.010000,13168
27113,18,128,0.010000,13168
27114,15,115,0.010000,13168
27115,20,138,0.010000,13168
27116,18,158,0.010000,13168
27117,11,81,0.010000,13168
27118,6,30,0.010000,13168
27119,2,11,0.010000,13168
27120,22,218,0.010000,13168
27121,19,153,0.010000,13168
27122,21,136,0.010000,13168
27123,19,151,0.010000,13168
27124,29,297,0.010000,13169
27125,13,75,0.010000,13169
27126,15,127,0.010000,13169
27127,16,135,0.010000,13169
27128,8,64,0.010000,13170
27129,10,77,0.010000,13170
27130,10,76,0.010000,13171
27131,12,95,0.010000,13171
27132,18,164,0.010000,13171
27133,9,55,0.010000,13171
27134,20,177,0.010000,13171
27135,11,78,0.010000,13171
27136,20,145,0.010000,13171
27137,28,263,0.010000,13171
27138,11,116,0.010000,13171
27139,16,160,0.010000,13171
27140,19,170,0.010000,13173
27141,15,108,0.010000,13173
27142,18,149,0.010000,13173
27143,19,185,0.010000,13173
27144,20,180,0.010000,13173
27145,30,280,0.010000,13174
27146,22,186,0.010000,13175
27147,17,114,0.010000,13175
27148,27,307,0.010000,13176
27149,6,54,0.010000,13176
27150,8,69,0.010000,13176
27151,17,146,0.010000,13176
27152,20,185,0.010000,13176
27153,18,130,0.010000,13176
27154,25,212,0.010000,13176
27155,22,220,0.010000,13176
27156,11,88,0.010000,13176
27157,18,166,0.010000,13176
27158,20,173,0.010000,13176
27159,18,149,0.010000,13176
27160,18,146,0.010000,13176
27161,19,145,0.010000,13176
27162,6,65,0.010000,13176
27163,19,158,0.010000,13176
27164,16,125,0.010000,13176
27165,19,141,0.010000,13176
27166,22,177,0.010000,13176
27167,16,136,0.010000,13176
27168,17,133,0.010000,13176
27169,18,189,0.010000,13176
27170,21,155,0.010000,13177
27171,2,18,0.010000,13177
27172,13,91,0.010000,13177
27173,4,31,0.010000,13177
27174,19,139,0.010000,13177
27175,12,79,0.010000,13177
27176,8,77,0.010000,13177
27177,22,209,0.010000,13177
27178,12,94,0.010000,13177
27179,13,114,0.010000,13177
27180,4,43,0.010000,13177
27181,13,77,0.010000,13178
27182,16,141,0.010000,13178
27183,11,92,0.010000,13178
27184,16,125,0.010000,13178
27185,13,106,0.010000,13178
27186,21,167,0.010000,13178
27187,11,85,0.010000,13178
27188,13,102,0.010000,13178
27189,16,125,0.010000,13178
27190,15,126,0.010000,13178
27191,25,253,0.010000,13178
27192,14,153,0.010000,13178
27193,27,246,0.010000,13178
27194,17,138,0.010000,13178
27195,9,71,0.010000,13178
27196,15,129,0.010000,13178
27197,20,164,0.010000,13178
27198,21,182,0.010000,13178
27199,27,251,0.010000,13179
27200,16,145,0.010000,13179
27201,18,160,0.010000,13179
27202,25,241,0.010000,13179
27203,21,160,0.010000,13179
27204,16,132,0.010000,13179
27205,18,166,0.010000,13179
27206,20,162,0.010000,13180
27207,10,52,0.010000,13180
27208,12,80,0.010000,13180
27209,16,155,0.010000,13180
27210,17,136,0.010000,13180
27211,5,35,0.010000,13180
27212,7,51,0.010000,13180
27213,15,123,0.010000,13180
27214,6,44,0.010000,13180
27215,15,137,0.010000,13180
27216,11,76,0.010000,13180
27217,17,154,0.010000,13180
27218,13,93,0.010000,13180
27219,16,115,0.010000,13180
27220,12,95,0.010000,13180
27221,12,80,0.010000,13180
27222,10,74,0.010000,13180
27223,12,80,0.010000,13180
27224,16,132,0.010000,13180
27225,20,183,0.010000,13180
27226,20,143,0.010000,13180
27227,23,205,0.010000,13180
27228,15,109,0.010000,13180
27229,8,49,0.010000,13180
27230,16,142,0.010000,13180
27231,14,102,0.010000,13180
27232,21,143,0.010000,13180
27233,21,185,0.010000,13181
27234,11,89,0.010000,13181
27235,5,29,0.010000,13181
27236,14,125,0.010000,13181
27237,12,105,0.010000,13181
27238,12,63,0.010000,13181
27239,6,56,0.010000,13181
27240,15,130,0.010000,13181
27241,23,206,0.010000,13183
27242,17,140,0.010000,13183
27243,16,115,0.010000,13183
27244,17,130,0.010000,13185
27245,24,162,0.010000,13185
27246,15,161,0.010000,13185
27247,19,172,0.010000,13185
27248,23,190,0.010000,13185
27249,21,179,0.010000,13185
27250,8,81,0.010000,13185
27251,14,114,0.010000,13185
27252,2,19,0.010000,13185
27253,11,88,0.010000,13185
27254,4,48,0.010000,13186
27255,16,136,0.010000,13186
27256,18,150,0.010000,13187
27257,25,211,0.010000,13187
27258,10,69,0.010000,13187
27259,14,109,0.010000,13187
27260,19,147,0.010000,13187
27261,29,250,0.010000,13187
27262,16,120,0.010000,13187
27263,21,169,0.010000,13189
27264,8,57,0.010000,13189
27265,18,115,0.010000,13189
27266,11,76,0.010000,13189
27267,11,91,0.010000,13189
27268,24,175,0.010000,13189
27269,24,221,0.010000,13189
27270,15,124,0.010000,13189
27271,14,111,0.010000,13189
27272,9,59,0.010000,13189
27273,25,201,0.010000,13189
27274,10,69,0.010000,13189
27275,17,153,0.010000,13189
27276,6,61,0.010000,13189
27277,21,170,0.010000,13189
27278,22,209,0.010000,13189
27279,8,58,0.010000,13189
27280,19,157,0.010000,13189
27281,13,98,0.010000,13189
27282,14,123,0.010000,13189
27283,16,115,0.010000,13189
27284,14,113,0.010000,13190
27285,14,89,0.010000,13190
27286,14,121,0.010000,13190
27287,15,129,0.010000,13190
27288,19,150,0.010000,13190
27289,16,152,0.010000,13190
27290,15,100,0.010000,13190
27291,17,140,0.010000,13190
27292,14,121,0.010000,13190
27293,16,137,0.010000,13190
27294,22,175,0.010000,13190
27295,16,149,0.010000,13190
27296,16,141,0.010000,13190
27297,16,118,0.010000,13190
27298,16,150,0.010000,13190
27299,12,118,0.010000,13190
27300,8,80,0.010000,13190
27301,25,213,0.010000,13191
27302,10,90,0.010000,13191
27303,18,175,0.010000,13191
27304,29,247,0.010000,13191
27305,14,123,0.010000,13191
27306,23,188,0.010000,13191
27307,20,150,0.010000,13191
27308,15,131,0.010000,13191
27309,21,175,0.010000,13191
27310,24,200,0.010000,13191
27311,12,88,0.010000,13191
27312,27,231,0.010000,13192
27313,13,123,0.010000,13192
27314,24,213,0.010000,13192
27315,18,135,0.010000,13192
27316,4,24,0.010000,13192
27317,15,117,0.010000,13192
27318,17,143,0.010000,13192
27319,24,205,0.010000,13192
27320,27,223,0.010000,13192
27321,17,134,0.010000,13192
27322,23,182,0.010000,13193
27323,23,193,0.010000,13193
27324,16,140,0.010000,13193
27325,19,142,0.010000,13193
27326,14,120,0.010000,13193
27327,20,148,0.010000,13193
27328,18,160,0.010000,13193
27329,15,131,0.010000,13193
27330,22,172,0.010000,13193
27331,21,180,0.010000,13193
27332,7,61,0.010000,13193
27333,18,163,0.010000,13193
27334,13,99,0.010000,13193
27335,10,54,0.010000,13193
27336,18,119,0.010000,13193
27337,12,108,0.010000,13193
27338,11,80,0.010000,13193
27339,19,169,0.010000,13193
27340,21,185,0.010000,13193
27341,15,131,0.010000,13193
27342,21,162,0.010000,13193
27343,21,189,0.010000,13193
27344,18,139,0.010000,13193
27345,21,187,0.010000,13193
27346,13,94,0.010000,13193
27347,13,110,0.010000,13193
27348,8,55,0.010000,13193
27349,15,113,0.010000,13193
27350,21,194,0.010000,13193
27351,14,86,0.010000,13193
27352,21,186,0.010000,13194
27353,20,162,0.010000,13195
27354,13,103,0.010000,13195
27355,13,85,0.010000,13195
27356,19,202,0.010000,13196
27357,17,159,0.010000,13196
27358,13,107,0.010000,13196
27359,9,85,0.010000,13196
27360,25,173,0.010000,13196
27361,9,91,0.010000,13196
27362,13,81,0.010000,13196
27363,18,144,0.010000,13196
27364,16,136,0.010000,13197
27365,21,161,0.010000,13197
27366,14,105,0.010000,13197
27367,17,162,0.010000,13197
27368,25,158,0.010000,13197
27369,0,9,0.010000,13197
27370,15,129,0.010000,13197
27371,14,99,0.010000,13197
27372,15,114,0.010000,13197
27373,17,142,0.010000,13197
27374,20,185,0.010000,13197
27375,10,87,0.010000,13197
27376,14,122,0.010000,13197
27377,20,174,0.010000,13197
27378,18,145,0.010000,13197
27379,6,53,0.010000,13197
27380,18,129,0.010000,13197
27381,16,123,0.010000,13198
27382,22,185,0.010000,13198
27383,12,96,0.010000,13198
27384,18,177,0.010000,13198
27385,23,176,0.010000,13198
27386,14,120,0.010000,13198
27387,4,38,0.010000,13198
27388,13,114,0.010000,13198
27389,16,133,0.010000,13198
27390,22,231,0.010000,13198
27391,12,78,0.010000,13198
27392,8,54,0.010000,13198
27393,14,126,0.010000,13198
27394,24,217,0.010000,13198
27395,17,155,0.010000,13198
27396,15,130,0.010000,13198
27397,23,178,0.010000,13199
27398,13,101,0.010000,13199
27399,10,83,0.010000,13199
27400,22,200,0.010000,13200
27401,16,148,0.010000,13200
27402,11,79,0.010000,13200
27403,16,104,0.010000,13200
27404,14,105,0.010000,13200
27405,29,245,0.010000,13200
27406,19,162,0.010000,13200
27407,32,279,0.010000,13200
27408,8,70,0.010000,13200
27409,27,236,0.010000,13201
27410,12,96,0.010000,13201
27411,20,183,0.010000,13201
27412,7,56,0.010000,13201
27413,8,68,0.010000,13201
27414,22,230,0.010000,13201
27415,18,135,0.010000,13201
27416,31,271,0.010000,13201
27417,14,114,0.010000,13201
27418,20,173,0.010000,13202
27419,8,50,0.010000,13202
27420,14,87,0.010000,13202
27421,5,47,0.010000,13202
27422,14,160,0.010000,13203
27423,13,108,0.010000,13203
27424,10,83,0.010000,13203
27425,17,132,0.010000,13203
27426,15,112,0.010000,13203
27427,9,77,0.010000,13203
27428,12,89,0.010000,13203
27429,13,83,0.010000,13203
27430,15,95,0.010000,13203
27431,13,103,0.010000,13203
27432,10,72,0.010000,13203
27433,27,194,0.010000,13203
27434,28,212,0.010000,13203
27435,13,86,0.010000,13203
27436,9,79,0.010000,13204
27437,15,121,0.010000,13204
27438,2,18,0.010000,13204
27439,16,128,0.010000,13204
27440,4,32,0.010000,13204
27441,14,120,0.010000,13204
27442,7,83,0.010000,13204
27443,16,117,0.010000,13204
27444,15,126,0.010000,13204
27445,21,148,0.010000,13204
27446,21,206,0.010000,13204
27447,15,154,0.010000,13204
27448,16,133,0.010000,13204
27449,3,25,0.010000,13204
27450,22,156,0.010000,13204
27451,16,125,0.010000,13204
27452,13,126,0.010000,13204
27453,22,222,0.010000,13204
27454,19,128,0.010000,13205
27455,19,159,0.010000,13205
27456,12,91,0.010000,13206
27457,12,94,0.010000,13206
27458,17,124,0.010000,13206
27459,21,187,0.010000,13206
27460,16,145,0.010000,13206
27461,10,73,0.010000,13206
27462,16,160,0.010000,13206
27463,13,79,0.010000,13206
27464,15,125,0.010000,13206
27465,20,176,0.010000,13206
27466,24,195,0.010000,13206
27467,17,146,0.010000,13206
27468,22,182,0.010000,13206
27469,19,155,0.010000,13207
27470,11,105,0.010000,13207
27471,10,87,0.010000,13207
27472,19,145,0.010000,13207
27473,8,56,0.010000,13207
27474,24,223,0.010000,13207
27475,18,112,0.010000,13207
27476,6,44,0.010000,13207
27477,26,214,0.010000,13207
27478,34,323,0.010000,13207
27479,14,107,0.010000,13208
27480,19,139,0.010000,13208
27481,21,193,0.010000,13208
27482,18,115,0.010000,13208
27483,8,51,0.010000,13208
27484,19,168,0.010000,13208
27485,7,73,0.010000,13208
27486,17,142,0.010000,13208
27487,29,258,0.010000,13208
27488,14,101,0.010000,13208
27489,19,191,0.010000,13208
27490,14,112,0.010000,13208
27491,15,143,0.010000,13208
27492,6,50,0.010000,13208
27493,21,163,0.010000,13208
27494,17,98,0.010000,13208
27495,12,70,0.010000,13208
27496,14,132,0.010000,13208
27497,16,100,0.010000,13208
27498,4,46,0.010000,13208
27499,16,142,0.010000,13208
27500,18,164,0.010000,13208
27501,16,114,0.010000,13208
27502,21,185,0.010000,13208
27503,24,200,0.010000,13209
27504,10,77,0.010000,13209
27505,21,213,0.010000,13209
27506,17,150,0.010000,13209
27507,16,140,0.010000,13209
27508,9,73,0.010000,13209
27509,18,161,0.010000,13209
27510,26,213,0.010000,13209
27511,9,86,0.010000,13209
27512,15,115,0.010000,13210
27513,14,128,0.010000,13210
27514,8,51,0.010000,13210
27515,9,71,0.010000,13210
27516,19,164,0.010000,13210
27517,16,112,0.010000,13210
27518,17,137,0.010000,13210
27519,15,119,0.010000,13210
27520,14,109,0.010000,13210
27521,13,109,0.010000,13210
27522,18,162,0.010000,13210
27523,8,63,0.010000,13210
27524,23,194,0.010000,13210
27525,8,80,0.010000,13210
27526,16,117,0.010000,13210
27527,14,131,0.010000,13210
27528,16,126,0.010000,13210
27529,6,49,0.010000,13210
27530,13,123,0.010000,13210
27531,26,211,0.010000,13210
27532,12,105,0.010000,13210
27533,20,179,0.010000,13210
27534,16,115,0.010000,13210
27535,10,66,0.010000,13210
27536,10,74,0.010000,13210
27537,16,106,0.010000,13210
27538,26,248,0.010000,13210
27539,14,123,0.010000,13210
27540,12,121,0.010000,13210
27541,26,201,0.010000,13211
27542,16,136,0.010000,13211
27543,19,191,0.010000,13211
27544,17,137,0.010000,13211
27545,21,162,0.010000,13211
27546,19,154,0.010000,13211
27547,18,153,0.010000,13211
27548,8,53,0.010000,13211
27549,16,124,0.010000,13212
27550,13,144,0.010000,13212
27551,11,102,0.010000,13212
27552,5,45,0.010000,13212
27553,13,80,0.010000,13212
27554,16,141,0.010000,13213
27555,13,107,0.010000,13214
27556,10,95,0.010000,13214
27557,13,109,0.010000,13214
27558,12,71,0.010000,13214
27559,12,104,0.010000,13214
27560,23,198,0.010000,13215
27561,7,57,0.010000,13215
27562,22,155,0.010000,13215
27563,7,45,0.010000,13215
27564,2,18,0.010000,13215
27565,19,130,0.010000,13215
27566,13,111,0.010000,13215
27567,20,163,0.010000,13215
27568,13,108,0.010000,13215
27569,23,142,0.010000,13215
27570,16,154,0.010000,13215
27571,8,55,0.010000,13215
27572,7,71,0.010000,13215
27573,13,137,0.010000,13215
27574,11,75,0.010000,13215
27575,17,90,0.010000,13215
27576,8,40,0.010000,13215
27577,20,157,0.010000,13215
27578,13,104,0.010000,13215
27579,1,12,0.010000,13216
27580,8,65,0.010000,13216
27581,12,120,0.010000,13216
27582,28,237,0.010000,13216
27583,11,102,0.010000,13216
27584,8,70,0.010000,13216
27585,24,217,0.010000,13216
27586,14,103,0.010000,13216
27587,5,35,0.010000,13216
27588,16,156,0.010000,13216
27589,16,141,0.010000,13216
27590,11,89,0.010000,13216
27591,11,94,0.010000,13216
27592,12,138,0.010000,13216
27593,18,180,0.010000,13216
27594,10,97,0.010000,13216
27595,14,122,0.010000,13217
27596,21,135,0.010000,13217
27597,12,102,0.010000,13217
27598,12,81,0.010000,13217
27599,10,80,0.010000,13217
27600,17,106,0.010000,13217
27601,21,178,0.010000,13217
27602,8,54,0.010000,13217
27603,17,148,0.010000,13217
27604,13,109,0.010000,13217
27605,23,166,0.010000,13217
27606,19,132,0.010000,13217
27607,21,170,0.010000,13217
27608,11,95,0.010000,13217
27609,14,127,0.010000,13217
27610,10,78,0.010000,13217
27611,16,132,0.010000,13217
27612,16,108,0.010000,13217
27613,12,97,0.010000,13217
27614,11,83,0.010000,13217
27615,28,211,0.010000,13217
27616,19,150,0.010000,13217
27617,19,152,0.010000,13218
27618,24,212,0.010000,13219
27619,7,30,0.010000,13219
27620,16,113,0.010000,13219
27621,25,198,0.010000,13220
27622,13,102,0.010000,13220
27623,17,131,0.010000,13220
27624,12,105,0.010000,13220
27625,20,159,0.010000,13220
27626,12,75,0.010000,13220
27627,23,180,0.010000,13220
27628,11,61,0.010000,13220
27629,22,182,0.010000,13220
27630,10,96,0.010000,13220
27631,26,164,0.010000,13220
27632,18,139,0.010000,13220
27633,23,233,0.010000,13220
27634,13,106,0.010000,13220
27635,12,100,0.010000,13220
27636,16,117,0.010000,13221
27637,21,195,0.010000,13221
27638,15,118,0.010000,13221
27639,7,64,0.010000,13221
27640,14,122,0.010000,13221
27641,25,241,0.010000,13222
27642,4,25,0.010000,13222
27643,23,186,0.010000,13222
27644,16,153,0.010000,13222
27645,2,9,0.010000,13222
27646,22,168,0.010000,13223
27647,17,156,0.010000,13223
27648,10,74,0.010000,13223
27649,21,162,0.010000,13223
27650,17,140,0.010000,13223
27651,13,131,0.010000,13223
27652,23,195,0.010000,13224
27653,11,99,0.010000,13224
27654,15,129,0.010000,13225
27655,14,103,0.010000,13225
27656,14,113,0.010000,13225
27657,10,65,0.010000,13225
27658,26,188,0.010000,13225
27659,19,175,0.010000,13225
27660,28,222,0.010000,13226
27661,14,108,0.010000,13226
27662,11,73,0.010000,13226
27663,18,113,0.010000,13226
27664,25,216,0.010000,13227
27665,6,48,0.010000,13227
27666,10,102,0.010000,13227
27667,9,53,0.010000,13227
27668,19,157,0.010000,13227
27669,12,94,0.010000,13227
27670,20,171,0.010000,13227
27671,16,136,0.010000,13228
27672,12,80,0.010000,13228
27673,19,176,0.010000,13228
27674,10,71,0.010000,13228
27675,15,103,0.010000,13228
27676,15,124,0.010000,13228
27677,8,68,0.010000,13228
27678,12,114,0.010000,13228
27679,14,108,0.010000,13228
27680,26,242,0.010000,13228
27681,19,127,0.010000,13228
27682,10,58,0.010000,13229
27683,6,50,0.010000,13229
27684,13,90,0.010000,13229
27685,11,88,0.010000,13229
27686,14,117,0.010000,13229
27687,25,230,0.010000,13229
27688,27,215,0.010000,13229
27689,21,214,0.010000,13230
27690,11,85,0.010000,13230
27691,8,53,0.010000,13230
27692,9,51,0.010000,13230
27693,18,145,0.010000,13230
27694,19,187,0.010000,13230
27695,20,166,0.010000,13230
27696,11,83,0.010000,13230
27697,16,132,0.010000,13230
27698,18,165,0.010000,13230
27699,21,182,0.010000,13230
27700,9,78,0.010000,13230
27701,26,197,0.010000,13230
27702,13,97,0.010000,13230
27703,18,153,0.010000,13230
27704,17,133,0.010000,13230
27705,6,34,0.010000,13230
27706,9,79,0.010000,13230
27707,16,161,0.010000,13230
27708,12,91,0.010000,13230
27709,13,118,0.010000,13230
27710,17,128,0.010000,13230
27711,19,180,0.010000,13230
27712,21,172,0.010000,13230
27713,17,124,0.010000,13230
27714,20,170,0.010000,13230
27715,17,156,0.010000,13230
27716,7,56,0.010000,13230
27717,23,224,0.010000,13230
27718,20,171,0.010000,13230
27719,11,68,0.010000,13230
27720,23,206,0.010000,13230
27721,9,50,0.010000,13230
27722,10,87,0.010000,13230
27723,22,201,0.010000,13230
27724,6,46,0.010000,13230
27725,26,188,0.010000,13231
27726,12,80,0.010000,13232
27727,18,144,0.010000,13232
27728,18,161,0.010000,13232
27729,16,125,0.010000,13232
27730,22,205,0.010000,13232
27731,15,120,0.010000,13232
27732,22,160,0.010000,13232
27733,13,80,0.010000,13232
27734,0,8,0.010000,13232
27735,14,102,0.010000,13232
27736,21,206,0.010000,13232
27737,13,114,0.010000,13232
27738,10,95,0.010000,13232
27739,19,147,0.010000,13232
27740,10,66,0.010000,13232
27741,15,125,0.010000,13232
27742,15,125,0.010000,13232
27743,23,243,0.010000,13232
27744,18,198,0.010000,13232
27745,16,101,0.010000,13232
27746,15,125,0.010000,13232
27747,13,132,0.010000,13232
27748,8,69,0.010000,13232
27749,18,159,0.010000,13232
27750,20,168,0.010000,13232
27751,22,184,0.010000,13232
27752,14,89,0.010000,13232
27753,13,133,0.010000,13232
27754,20,180,0.010000,13233
27755,24,182,0.010000,13233
27756,8,69,0.010000,13233
27757,24,185,0.010000,13233
27758,36,277,0.010000,13233
27759,11,92,0.010000,13233
27760,23,207,0.010000,13233
27761,15,105,0.010000,13233
27762,16,94,0.010000,13233
27763,7,56,0.010000,13233
27764,17,139,0.010000,13233
27765,8,70,0.010000,13233
27766,18,118,0.010000,13233
27767,20,112,0.010000,13233
27768,14,115,0.010000,13233
27769,14,110,0.010000,13233
27770,15,134,0.010000,13233
27771,23,169,0.010000,13233
27772,18,139,0.010000,13233
27773,16,111,0.010000,13234
27774,10,118,0.010000,13234
27775,5,35,0.010000,13234
27776,18,137,0.010000,13234
27777,24,190,0.010000,13234
27778,19,160,0.010000,13235
27779,6,66,0.010000,13235
27780,12,87,0.010000,13235
27781,20,169,0.010000,13235
27782,28,231,0.010000,13235
27783,12,117,0.010000,13235
27784,22,181,0.010000,13235
27785,17,158,0.010000,13235
27786,17,134,0.010000,13235
27787,9,95,0.010000,13235
27788,19,160,0.010000,13235
27789,7,51,0.010000,13236
27790,21,172,0.010000,13236
27791,15,146,0.010000,13236
27792,16,136,0.010000,13236
27793,21,191,0.010000,13236
27794,15,98,0.010000,13236
27795,9,66,0.010000,13237
27796,12,72,0.010000,13237
27797,27,215,0.010000,13237
27798,22,227,0.010000,13237
27799,17,146,0.010000,13237
27800,19,172,0.010000,13237
27801,21,152,0.010000,13237
27802,12,80,0.010000,13237
27803,28,225,0.010000,13237
27804,9,75,0.010000,13237
27805,19,142,0.010000,13237
27806,10,83,0.010000,13237
27807,10,63,0.010000,13238
27808,15,100,0.010000,13238
27809,10,78,0.010000,13238
27810,14,108,0.010000,13238
27811,18,145,0.010000,13238
27812,16,89,0.010000,13238
27813,10,85,0.010000,13238
27814,22,178,0.010000,13238
27815,4,34,0.010000,13238
27816,24,189,0.010000,13238
27817,4,57,0.010000,13238
27818,16,128,0.010000,13238
27819,9,59,0.010000,13238
27820,16,150,0.010000,13238
27821,15,130,0.010000,13238
27822,6,56,0.010000,13238
27823,17,161,0.010000,13238
27824,23,187,0.010000,13238
27825,17,177,0.010000,13238
27826,13,103,0.010000,13238
27827,6,60,0.010000,13238
27828,15,154,0.010000,13238
27829,11,102,0.010000,13238
27830,11,89,0.010000,13238
27831,18,107,0.010000,13238
27832,9,63,0.010000,13239
27833,8,43,0.010000,13239
27834,20,137,0.010000,13239
27835,21,169,0.010000,13239
27836,14,129,0.010000,13239
27837,25,197,0.010000,13239
27838,11,72,0.010000,13239
27839,17,116,0.010000,13239
27840,13,125,0.010000,13239
27841,14,128,0.010000,13239
27842,19,147,0.010000,13239
27843,17,135,0.010000,13239
27844,22,223,0.010000,13239
27845,18,126,0.010000,13239
27846,12,90,0.010000,13239
27847,14,116,0.010000,13239
27848,21,174,0.010000,13239
27849,8,52,0.010000,13240
27850,16,129,0.010000,13240
27851,27,275,0.010000,13241
27852,21,189,0.010000,13241
27853,10,59,0.010000,13241
27854,17,135,0.010000,13241
27855,21,188,0.010000,13241
27856,18,128,0.010000,13241
27857,11,103,0.010000,13241
27858,24,217,0.010000,13241
27859,7,62,0.010000,13241
27860,24,249,0.010000,13241
27861,14,105,0.010000,13241
27862,3,17,0.010000,13241
27863,10,60,0.010000,13241
27864,17,166,0.010000,13241
27865,10,81,0.010000,13241
27866,13,119,0.010000,13242
27867,14,90,0.010000,13243
27868,9,78,0.010000,13243
27869,19,194,0.010000,13243
27870,13,94,0.010000,13243
27871,14,88,0.010000,13243
27872,11,90,0.010000,13243
27873,16,136,0.010000,13243
27874,13,111,0.010000,13243
27875,16,137,0.010000,13243
27876,14,110,0.010000,13243
27877,10,68,0.010000,13243
27878,14,128,0.010000,13243
27879,7,44,0.010000,13243
27880,12,116,0.010000,13243
27881,13,110,0.010000,13243
27882,20,225,0.010000,13243
27883,12,74,0.010000,13243
27884,12,106,0.010000,13243
27885,18,128,0.010000,13243
27886,14,114,0.010000,13243
27887,15,118,0.010000,13243
27888,15,132,0.010000,13243
27889,17,160,0.010000,13243
27890,23,188,0.010000,13243
27891,6,47,0.010000,13243
27892,2,10,0.010000,13243
27893,20,158,0.010000,13243
27894,15,133,0.010000,13243
27895,27,247,0.010000,13243
27896,19,154,0.010000,13243
27897,4,24,0.010000,13243
27898,5,25,0.010000,13243
27899,13,94,0.010000,13243
27900,11,90,0.010000,13243
27901,15,124,0.010000,13243
27902,20,159,0.010000,13243
27903,8,87,0.010000,13243
27904,12,75,0.010000,13243
27905,11,86,0.010000,13243
27906,18,145,0.010000,13243
27907,5,25,0.010000,13243
27908,14,116,0.010000,13243
27909,20,200,0.010000,13243
27910,27,203,0.010000,13243
27911,11,106,0.010000,13243
27912,11,97,0.010000,13243
27913,15,151,0.010000,13243
27914,16,122,0.010000,13243
27915,4,38,0.010000,13243
27916,10,93,0.010000,13243
27917,8,54,0.010000,13243
27918,18,138,0.010000,13244
27919,16,106,0.010000,13244
27920,17,129,0.010000,13244
27921,12,118,0.010000,13244
27922,14,117,0.010000,13244
27923,18,142,0.010000,13244
27924,17,149,0.010000,13244
27925,20,176,0.010000,13244
27926,20,144,0.010000,13244
27927,14,116,0.010000,13244
27928,12,85,0.010000,13244
27929,21,171,0.010000,13244
27930,23,188,0.010000,13244
27931,5,49,0.010000,13244
27932,15,119,0.010000,13244
27933,4,35,0.010000,13244
27934,7,55,0.010000,13244
27935,6,52,0.010000,13244
27936,22,202,0.010000,13244
27937,20,158,0.010000,13244
27938,20,158,0.010000,13244
27939,30,254,0.010000,13244
27940,22,204,0.010000,13244
27941,9,66,0.010000,13244
27942,18,181,0.010000,13244
27943,21,157,0.010000,13244
27944,21,171,0.010000,13244
27945,25,201,0.010000,13244
27946,11,92,0.010000,13244
27947,19,134,0.010000,13244
27948,7,71,0.010000,13244
27949,25,227,0.010000,13244
27950,16,117,0.010000,13244
27951,15,110,0.010000,13244
27952,4,47,0.010000,13244
27953,15,117,0.010000,13244
27954,17,150,0.010000,13244
27955,18,138,0.010000,13244
27956,9,74,0.010000,13244
27957,24,197,0.010000,13244
27958,11,91,0.010000,13244
27959,11,83,0.010000,13244
27960,15,149,0.010000,13245
27961,6,44,0.010000,13245
27962,19,154,0.010000,13245
27963,8,44,0.010000,13245
27964,16,127,0.010000,13245
27965,22,151,0.010000,13245
27966,13,115,0.010000,13245
27967,19,145,0.010000,13246
27968,22,193,0.010000,13246
27969,24,214,0.010000,13246
27970,17,155,0.010000,13246
27971,17,159,0.010000,13246
27972,10,86,0.010000,13246
27973,17,121,0.010000,13247
27974,22,241,0.010000,13247
27975,15,119,0.010000,13247
27976,9,76,0.010000,13247
27977,21,157,0.010000,13247
27978,10,83,0.010000,13247
27979,12,80,0.010000,13247
27980,29,255,0.010000,13247
27981,19,213,0.010000,13247
27982,12,98,0.010000,13247
27983,11,73,0.010000,13247
27984,10,60,0.010000,13247
27985,20,182,0.010000,13247
27986,14,102,0.010000,13247
27987,19,151,0.010000,13247
27988,26,231,0.010000,13248
27989,17,157,0.010000,13248
27990,21,191,0.010000,13248
27991,7,53,0.010000,13248
27992,9,70,0.010000,13248
27993,11,99,0.010000,13248
27994,15,139,0.010000,13248
27995,17,143,0.010000,13248
27996,13,132,0.010000,13248
27997,14,95,0.010000,13248
27998,6,37,0.010000,13248
27999,9,67,0.010000,13248
28000,15,99,0.010000,13248
28001,14,130,0.010000,13248
28002,17,118,0.010000,13248
28003,23,163,0.010000,13248
28004,8,53,0.010000,13248
28005,24,198,0.010000,13248
28006,9,72,0.010000,13248
28007,14,137,0.010000,13248
28008,22,218,0.010000,13248
28009,2,12,0.010000,13248
28010,2,12,0.010000,13248
28011,20,193,0.010000,13248
28012,18,131,0.010000,13248
28013,10,62,0.010000,13248
28014,9,87,0.010000,13248
28015,4,27,0.010000,13248
28016,12,91,0.010000,13248
28017,12,100,0.010000,13248
28018,21,175,0.010000,13248
28019,11,86,0.010000,13248
28020,0,5,0.010000,13248
28021,13,116,0.010000,13248
28022,6,51,0.010000,13248
28023,15,112,0.010000,13248
28024,13,113,0.010000,13248
28025,18,127,0.010000,13248
28026,5,31,0.010000,13248
28027,12,99,0.010000,13248
28028,20,167,0.010000,13248
28029,20,150,0.010000,13248
28030,20,142,0.010000,13248
28031,28,220,0.010000,13249
28032,15,123,0.010000,13250
28033,22,178,0.010000,13250
28034,18,143,0.010000,13250
28035,15,120,0.010000,13250
28036,17,162,0.010000,13250
28037,16,145,0.010000,13250
28038,12,105,0.010000,13250
28039,14,95,0.010000,13250
28040,12,109,0.010000,13250
28041,10,90,0.010000,13250
28042,22,181,0.010000,13251
28043,14,107,0.010000,13251
28044,23,240,0.010000,13251
28045,25,180,0.010000,13252
28046,10,79,0.010000,13253
28047,28,242,0.010000,13253
28048,14,75,0.010000,13253
28049,22,156,0.010000,13253
28050,12,86,0.010000,13253
28051,13,79,0.010000,13253
28052,23,166,0.010000,13253
28053,20,149,0.010000,13253
28054,23,188,0.010000,13253
28055,25,185,0.010000,13253
28056,14,140,0.010000,13253
28057,6,44,0.010000,13253
28058,14,135,0.010000,13253
28059,26,202,0.010000,13253
28060,14,142,0.010000,13253
28061,10,73,0.010000,13253
28062,11,98,0.010000,13254
28063,20,179,0.010000,13254
28064,24,247,0.010000,13254
28065,18,179,0.010000,13254
28066,8,52,0.010000,13254
28067,7,59,0.010000,13254
28068,14,118,0.010000,13254
28069,20,154,0.010000,13254
28070,17,144,0.010000,13254
28071,11,94,0.010000,13254
28072,5,42,0.010000,13254
28073,8,46,0.010000,13254
28074,12,75,0.010000,13255
28075,16,141,0.010000,13255
28076,23,197,0.010000,13255
28077,9,58,0.010000,13255
28078,15,106,0.010000,13255
28079,3,14,0.010000,13255
28080,24,227,0.010000,13255
28081,6,33,0.010000,13255
28082,25,158,0.010000,13255
28083,22,197,0.010000,13255
28084,9,79,0.010000,13255
28085,14,83,0.010000,13255
28086,14,109,0.010000,13255
28087,11,59,0.010000,13255
28088,15,155,0.010000,13255
28089,16,121,0.010000,13255
28090,19,189,0.010000,13255
28091,18,146,0.010000,13255
28092,9,56,0.010000,13255
28093,16,158,0.010000,13255
28094,28,228,0.010000,13255
28095,10,64,0.010000,13255
28096,16,117,0.010000,13255
28097,8,74,0.010000,13255
28098,14,135,0.010000,13255
28099,15,146,0.010000,13256
28100,12,105,0.010000,13256
28101,6,40,0.010000,13256
28102,4,24,0.010000,13256
28103,13,130,0.010000,13256
28104,15,125,0.010000,13256
28105,20,140,0.010000,13256
28106,18,121,0.010000,13256
28107,11,89,0.010000,13256
28108,30,233,0.010000,13256
28109,14,95,0.010000,13256
28110,8,53,0.010000,13256
28111,10,74,0.010000,13256
28112,9,70,0.010000,13256
28113,17,152,0.010000,13256
28114,16,142,0.010000,13256
28115,21,218,0.010000,13256
28116,19,158,0.010000,13256
28117,12,93,0.010000,13256
28118,22,174,0.010000,13257
28119,4,22,0.010000,13257
28120,19,114,0.010000,13257
28121,19,129,0.010000,13257
28122,1,9,0.010000,13257
28123,18,134,0.010000,13257
28124,13,90,0.010000,13257
28125,23,201,0.010000,13258
28126,12,108,0.010000,13258
28127,18,169,0.010000,13258
28128,21,141,0.010000,13258
28129,11,115,0.010000,13258
28130,12,85,0.010000,13258
28131,12,64,0.010000,13258
28132,19,131,0.010000,13258
28133,23,231,0.010000,13258
28134,19,190,0.010000,13259
28135,7,51,0.010000,13259
28136,23,182,0.010000,13260
28137,8,68,0.010000,13260
28138,10,86,0.010000,13260
28139,17,145,0.010000,13260
28140,14,127,0.010000,13260
28141,8,49,0.010000,13260
28142,13,83,0.010000,13260
28143,19,155,0.010000,13260
28144,9,66,0.010000,13261
28145,10,74,0.010000,13261
28146,23,192,0.010000,13261
28147,13,92,0.010000,13261
28148,9,67,0.010000,13261
28149,8,49,0.010000,13261
28150,18,136,0.010000,13261
28151,19,173,0.010000,13261
28152,8,76,0.010000,13261
28153,16,136,0.010000,13261
28154,12,88,0.010000,13261
28155,13,91,0.010000,13261
28156,15,106,0.010000,13261
28157,15,135,0.010000,13261
28158,19,189,0.010000,13261
28159,16,130,0.010000,13261
28160,15,121,0.010000,13261
28161,14,127,0.010000,13261
28162,21,168,0.010000,13261
28163,14,140,0.010000,13261
28164,19,176,0.010000,13262
28165,12,71,0.010000,13262
28166,19,165,0.010000,13262
28167,10,71,0.010000,13262
28168,18,131,0.010000,13262
28169,16,160,0.010000,13262
28170,19,142,0.010000,13263
28171,19,155,0.010000,13263
28172,23,206,0.010000,13264
28173,10,57,0.010000,13264
28174,23,213,0.010000,13264
28175,19,141,0.010000,13264
28176,17,139,0.010000,13265
28177,35,278,0.010000,13265
28178,9,62,0.010000,13266
28179,20,207,0.010000,13266
28180,31,225,0.010000,13266
28181,12,69,0.010000,13266
28182,15,103,0.010000,13266
28183,13,80,0.010000,13266
28184,6,31,0.010000,13266
28185,19,176,0.010000,13266
28186,11,95,0.010000,13266
28187,7,59,0.010000,13266
28188,16,155,0.010000,13266
28189,11,74,0.010000,13266
28190,15,153,0.010000,13266
28191,16,132,0.010000,13266
28192,18,134,0.010000,13266
28193,15,148,0.010000,13266
28194,4,26,0.010000,13266
28195,16,140,0.010000,13266
28196,21,202,0.010000,13266
28197,6,37,0.010000,13266
28198,17,98,0.010000,13266
28199,12,82,0.010000,13266
28200,18,162,0.010000,13266
28201,25,238,0.010000,13266
28202,17,127,0.010000,13267
28203,18,132,0.010000,13267
28204,21,146,0.010000,13267
28205,3,23,0.010000,13267
28206,11,98,0.010000,13267
28207,23,186,0.010000,13268
28208,10,91,0.010000,13268
28209,7,70,0.010000,13268
28210,28,258,0.010000,13268
28211,19,169,0.010000,13268
28212,14,78,0.010000,13268
28213,8,48,0.010000,13268
28214,8,63,0.010000,13268
28215,17,143,0.010000,13269
28216,23,166,0.010000,13269
28217,18,133,0.010000,13269
28218,24,200,0.010000,13269
28219,21,172,0.010000,13269
28220,8,60,0.010000,13269
28221,23,179,0.010000,13269
28222,15,106,0.010000,13269
28223,13,131,0.010000,13269
28224,19,179,0.010000,13269
28225,17,116,0.010000,13269
28226,19,139,0.010000,13269
28227,12,108,0.010000,13269
28228,13,103,0.010000,13269
28229,17,140,0.010000,13269
28230,17,115,0.010000,13269
28231,13,109,0.010000,13269
28232,9,48,0.010000,13269
28233,13,91,0.010000,13270
28234,12,95,0.010000,13270
28235,27,206,0.010000,13271
28236,14,77,0.010000,13271
28237,16,146,0.010000,13272
28238,12,99,0.010000,13272
28239,11,92,0.010000,13273
28240,16,183,0.010000,13274
28241,18,140,0.010000,13274
28242,20,142,0.010000,13274
28243,11,65,0.010000,13274
28244,18,136,0.010000,13275
28245,3,41,0.010000,13275
28246,12,93,0.010000,13275
28247,20,160,0.010000,13275
28248,13,113,0.010000,13275
28249,15,117,0.010000,13275
28250,27,175,0.010000,13275
28251,2,11,0.010000,13275
28252,7,59,0.010000,13275
28253,21,173,0.010000,13275
28254,12,91,0.010000,13275
28255,13,103,0.010000,13275
28256,20,171,0.010000,13276
28257,19,177,0.010000,13276
28258,15,116,0.010000,13276
28259,21,173,0.010000,13276
28260,23,192,0.010000,13276
28261,10,92,0.010000,13276
28262,6,51,0.010000,13276
28263,14,115,0.010000,13276
28264,24,216,0.010000,13276
28265,29,288,0.010000,13276
28266,22,168,0.010000,13276
28267,13,92,0.010000,13276
28268,10,77,0.010000,13276
28269,10,63,0.010000,13276
28270,11,86,0.010000,13276
28271,12,95,0.010000,13276
28272,20,163,0.010000,13276
28273,11,59,0.010000,13276
28274,13,79,0.010000,13276
28275,13,110,0.010000,13276
28276,25,209,0.010000,13276
28277,11,92,0.010000,13276
28278,26,224,0.010000,13276
28279,15,149,0.010000,13277
28280,13,129,0.010000,13277
28281,5,54,0.010000,13277
28282,16,113,0.010000,13277
28283,24,190,0.010000,13277
28284,22,171,0.010000,13277
28285,21,192,0.010000,13277
28286,9,83,0.010000,13277
28287,14,83,0.010000,13277
28288,9,101,0.010000,13277
28289,13,104,0.010000,13278
28290,22,223,0.010000,13278
28291,17,120,0.010000,13278
28292,8,74,0.010000,13278
28293,13,105,0.010000,13278
28294,14,153,0.010000,13278
28295,11,82,0.010000,13278
28296,8,57,0.010000,13278
28297,6,50,0.010000,13278
28298,11,89,0.010000,13278
28299,20,159,0.010000,13278
28300,22,176,0.010000,13278
28301,17,191,0.010000,13278
28302,7,74,0.010000,13278
28303,14,104,0.010000,13278
28304,17,133,0.010000,13279
28305,20,145,0.010000,13279
28306,20,171,0.010000,13279
28307,26,228,0.010000,13280
28308,10,89,0.010000,13280
28309,14,120,0.010000,13281
28310,24,245,0.010000,13281
28311,14,79,0.010000,13281
28312,22,167,0.010000,13281
28313,14,102,0.010000,13281
28314,19,131,0.010000,13281
28315,12,91,0.010000,13281
28316,25,233,0.010000,13281
28317,8,75,0.010000,13282
28318,17,172,0.010000,13282
28319,18,117,0.010000,13282
28320,20,181,0.010000,13282
28321,15,137,0.010000,13282
28322,16,122,0.010000,13282
28323,12,75,0.010000,13282
28324,6,49,0.010000,13282
28325,18,167,0.010000,13282
28326,22,190,0.010000,13282
28327,18,156,0.010000,13282
28328,20,166,0.010000,13282
28329,14,140,0.010000,13282
28330,17,132,0.010000,13282
28331,16,133,0.010000,13282
28332,21,185,0.010000,13282
28333,11,72,0.010000,13282
28334,11,74,0.010000,13282
28335,12,72,0.010000,13282
28336,16,111,0.010000,13283
28337,17,155,0.010000,13283
28338,15,132,0.010000,13283
28339,21,179,0.010000,13283
28340,5,50,0.010000,13283
28341,17,150,0.010000,13283
28342,13,83,0.010000,13283
28343,18,170,0.010000,13284
28344,27,219,0.010000,13284
28345,22,169,0.010000,13284
28346,18,161,0.010000,13284
28347,23,203,0.010000,13284
28348,17,120,0.010000,13284
28349,21,179,0.010000,13285
28350,9,91,0.010000,13285
28351,18,173,0.010000,13285
28352,25,195,0.010000,13285
28353,26,174,0.010000,13285
28354,21,215,0.010000,13285
28355,3,21,0.010000,13285
28356,25,205,0.010000,13285
28357,23,191,0.010000,13285
28358,18,168,0.010000,13285
28359,28,265,0.010000,13285
28360,19,135,0.010000,13285
28361,26,251,0.010000,13285
28362,12,88,0.010000,13285
28363,27,214,0.010000,13285
28364,9,75,0.010000,13285
28365,25,219,0.010000,13285
28366,16,125,0.010000,13285
28367,8,56,0.010000,13285
28368,23,172,0.010000,13286
28369,12,78,0.010000,13286
28370,23,210,0.010000,13286
28371,13,115,0.010000,13286
28372,9,71,0.010000,13286
28373,13,91,0.010000,13286
28374,20,190,0.010000,13286
28375,17,156,0.010000,13286
28376,11,96,0.010000,13286
28377,16,123,0.010000,13286
28378,14,118,0.010000,13286
28379,22,213,0.010000,13286
28380,17,132,0.010000,13286
28381,29,269,0.010000,13286
28382,14,130,0.010000,13286
28383,19,144,0.010000,13287
28384,7,63,0.010000,13287
28385,14,135,0.010000,13287
28386,24,221,0.010000,13287
28387,20,250,0.010000,13287
28388,16,132,0.010000,13287
28389,7,46,0.010000,13287
28390,13,113,0.010000,13288
28391,25,203,0.010000,13288
28392,9,91,0.010000,13288
28393,21,199,0.010000,13288
28394,23,203,0.010000,13288
28395,8,41,0.010000,13288
28396,13,117,0.010000,13288
28397,17,153,0.010000,13288
28398,16,136,0.010000,13289
28399,16,135,0.010000,13289
28400,27,267,0.010000,13289
28401,16,125,0.010000,13289
28402,1,7,0.010000,13289
28403,12,118,0.010000,13289
28404,14,96,0.010000,13289
28405,27,206,0.010000,13289
28406,32,238,0.010000,13289
28407,11,76,0.010000,13289
28408,23,210,0.010000,13289
28409,20,200,0.010000,13289
28410,9,77,0.010000,13289
28411,21,179,0.010000,13289
28412,13,81,0.010000,13289
28413,19,167,0.010000,13289
28414,11,93,0.010000,13290
28415,20,165,0.010000,13290
28416,6,44,0.010000,13290
28417,9,55,0.010000,13291
28418,21,180,0.010000,13291
28419,12,93,0.010000,13291
28420,16,128,0.010000,13291
28421,16,139,0.010000,13291
28422,15,130,0.010000,13291
28423,16,118,0.010000,13291
28424,11,96,0.010000,13291
28425,22,188,0.010000,13291
28426,19,174,0.010000,13291
28427,22,156,0.010000,13291
28428,19,133,0.010000,13291
28429,6,50,0.010000,13291
28430,8,63,0.010000,13291
28431,9,94,0.010000,13291
28432,22,222,0.010000,13291
28433,17,143,0.010000,13291
28434,6,67,0.010000,13291
28435,16,122,0.010000,13291
28436,22,189,0.010000,13291
28437,19,139,0.010000,13291
28438,22,153,0.010000,13291
28439,17,126,0.010000,13291
28440,27,215,0.010000,13291
28441,25,231,0.010000,13291
28442,5,41,0.010000,13291
28443,12,98,0.010000,13291
28444,26,201,0.010000,13292
28445,4,37,0.010000,13292
28446,6,38,0.010000,13292
28447,31,243,0.010000,13293
28448,20,182,0.010000,13293
28449,13,88,0.010000,13293
28450,14,90,0.010000,13293
28451,9,54,0.010000,13293
28452,21,184,0.010000,13293
28453,18,118,0.010000,13293
28454,10,79,0.010000,13293
28455,3,25,0.010000,13293
28456,7,64,0.010000,13294
28457,19,170,0.010000,13294
28458,24,219,0.010000,13294
28459,9,69,0.010000,13294
28460,15,115,0.010000,13294
28461,13,87,0.010000,13294
28462,23,182,0.010000,13294
28463,25,203,0.010000,13294
28464,16,136,0.010000,13294
28465,17,117,0.010000,13294
28466,12,82,0.010000,13294
28467,8,64,0.010000,13294
28468,23,203,0.010000,13294
28469,23,169,0.010000,13294
28470,23,176,0.010000,13294
28471,23,184,0.010000,13294
28472,21,156,0.010000,13295
28473,24,204,0.010000,13295
28474,12,82,0.010000,13295
28475,22,160,0.010000,13295
28476,24,172,0.010000,13295
28477,13,127,0.010000,13295
28478,16,134,0.010000,13295
28479,9,62,0.010000,13295
28480,20,158,0.010000,13295
28481,22,172,0.010000,13295
28482,23,188,0.010000,13295
28483,16,153,0.010000,13295
28484,13,88,0.010000,13295
28485,29,225,0.010000,13295
28486,14,100,0.010000,13295
28487,6,50,0.010000,13296
28488,4,32,0.010000,13296
28489,14,131,0.010000,13296
28490,11,88,0.010000,13296
28491,12,120,0.010000,13296
28492,14,151,0.010000,13297
28493,13,114,0.010000,13297
28494,27,221,0.010000,13297
28495,13,125,0.010000,13297
28496,27,204,0.010000,13297
28497,12,101,0.010000,13297
28498,11,72,0.010000,13297
28499,17,157,0.010000,13297
28500,8,58,0.010000,13298
28501,22,199,0.010000,13299
28502,8,54,0.010000,13299
28503,10,67,0.010000,13299
28504,13,94,0.010000,13299
28505,23,225,0.010000,13299
28506,20,169,0.010000,13299
28507,14,118,0.010000,13299
28508,22,196,0.010000,13299
28509,16,127,0.010000,13300
28510,13,137,0.010000,13300
28511,25,255,0.010000,13302
28512,16,121,0.010000,13302
28513,6,36,0.010000,13302
28514,12,89,0.010000,13302
28515,17,105,0.010000,13302
28516,17,141,0.010000,13302
28517,5,35,0.010000,13302
28518,24,197,0.010000,13302
28519,19,128,0.010000,13302
28520,17,143,0.010000,13302
28521,6,40,0.010000,13302
28522,13,88,0.010000,13302
28523,24,174,0.010000,13302
28524,16,138,0.010000,13302
28525,13,92,0.010000,13302
28526,10,85,0.010000,13302
28527,15,103,0.010000,13303
28528,16,135,0.010000,13303
28529,21,175,0.010000,13303
28530,26,239,0.010000,13303
28531,16,131,0.010000,13303
28532,11,89,0.010000,13303
28533,15,111,0.010000,13303
28534,4,40,0.010000,13303
28535,20,187,0.010000,13303
28536,15,117,0.010000,13303
28537,12,91,0.010000,13303
28538,12,81,0.010000,13303
28539,6,36,0.010000,13303
28540,12,94,0.010000,13303
28541,11,68,0.010000,13303
28542,16,151,0.010000,13303
28543,26,219,0.010000,13303
28544,19,157,0.010000,13303
28545,21,178,0.010000,13303
28546,29,280,0.010000,13303
28547,27,229,0.010000,13303
28548,6,37,0.010000,13303
28549,16,132,0.010000,13303
28550,23,166,0.010000,13304
28551,20,165,0.010000,13304
28552,20,175,0.010000,13304
28553,17,152,0.010000,13304
28554,13,86,0.010000,13304
28555,19,141,0.010000,13305
28556,15,118,0.010000,13305
28557,11,93,0.010000,13306
28558,11,95,0.010000,13306
28559,15,121,0.010000,13306
28560,23,202,0.010000,13306
28561,18,150,0.010000,13307
28562,13,89,0.010000,13307
28563,20,176,0.010000,13307
28564,23,200,0.010000,13307
28565,6,34,0.010000,13307
28566,17,147,0.010000,13307
28567,9,54,0.010000,13307
28568,16,123,0.010000,13307
28569,10,70,0.010000,13307
28570,18,111,0.010000,13307
28571,17,144,0.010000,13307
28572,13,106,0.010000,13307
28573,7,49,0.010000,13307
28574,10,84,0.010000,13307
28575,12,84,0.010000,13307
28576,25,197,0.010000,13307
28577,7,52,0.010000,13307
28578,14,96,0.010000,13308
28579,23,202,0.010000,13308
28580,9,69,0.010000,13308
28581,18,126,0.010000,13308
28582,5,31,0.010000,13308
28583,16,134,0.010000,13308
28584,0,7,0.010000,13308
28585,17,108,0.010000,13308
28586,15,148,0.010000,13308
28587,18,168,0.010000,13308
28588,8,86,0.010000,13308
28589,12,78,0.010000,13308
28590,12,89,0.010000,13308
28591,10,82,0.010000,13308
28592,22,181,0.010000,13308
28593,19,154,0.010000,13308
28594,19,174,0.010000,13308
28595,4,32,0.010000,13308
28596,19,127,0.010000,13308
28597,16,124,0.010000,13308
28598,25,184,0.010000,13308
28599,14,105,0.010000,13308
28600,11,85,0.010000,13308
28601,20,167,0.010000,13308
28602,12,118,0.010000,13308
28603,8,70,0.010000,13308
28604,10,70,0.010000,13308
28605,22,159,0.010000,13308
28606,17,144,0.010000,13309
28607,31,301,0.010000,13309
28608,14,131,0.010000,13309
28609,13,108,0.010000,13309
28610,8,65,0.010000,13309
28611,20,195,0.010000,13309
28612,19,168,0.010000,13311
28613,14,135,0.010000,13311
28614,28,246,0.010000,13311
28615,18,201,0.010000,13311
28616,13,101,0.010000,13311
28617,13,70,0.010000,13311
28618,13,115,0.010000,13311
28619,12,97,0.010000,13311
28620,22,187,0.010000,13311
28621,20,144,0.010000,13311
28622,14,102,0.010000,13311
28623,17,150,0.010000,13311
28624,13,86,0.010000,13311
28625,10,96,0.010000,13311
28626,18,212,0.010000,13311
28627,8,69,0.010000,13311
28628,11,88,0.010000,13312
28629,21,158,0.010000,13312
28630,23,218,0.010000,13312
28631,16,118,0.010000,13312
28632,12,101,0.010000,13312
28633,7,52,0.010000,13312
28634,5,29,0.010000,13313
28635,13,105,0.010000,13313
28636,21,179,0.010000,13314
28637,14,103,0.010000,13314
28638,23,217,0.010000,13314
28639,12,79,0.010000,13314
28640,4,28,0.010000,13314
28641,18,185,0.010000,13314
28642,0,6,0.010000,13314
28643,17,184,0.010000,13314
28644,13,116,0.010000,13314
28645,12,94,0.010000,13314
28646,10,65,0.010000,13314
28647,20,170,0.010000,13314
28648,12,101,0.010000,13315
28649,14,109,0.010000,13316
28650,22,211,0.010000,13316
28651,23,175,0.010000,13316
28652,14,124,0.010000,13316
28653,4,17,0.010000,13316
28654,16,116,0.010000,13316
28655,23,194,0.010000,13316
28656,8,60,0.010000,13316
28657,20,192,0.010000,13316
28658,4,20,0.010000,13316
28659,29,263,0.010000,13316
28660,14,106,0.010000,13316
28661,19,113,0.010000,13316
28662,12,103,0.010000,13316
28663,8,65,0.010000,13317
28664,16,133,0.010000,13317
28665,13,126,0.010000,13318
28666,15,114,0.010000,13319
28667,22,211,0.010000,13319
28668,9,71,0.010000,13319
28669,14,125,0.010000,13319
28670,18,158,0.010000,13319
28671,14,126,0.010000,13319
28672,12,124,0.010000,13319
28673,17,139,0.010000,13319
28674,32,262,0.010000,13319
28675,15,141,0.010000,13319
28676,10,74,0.010000,13319
28677,15,109,0.010000,13319
28678,12,87,0.010000,13319
28679,19,169,0.010000,13319
28680,14,90,0.010000,13319
28681,11,107,0.010000,13319
28682,22,215,0.010000,13319
28683,22,189,0.010000,13319
28684,19,181,0.010000,13319
28685,15,122,0.010000,13319
28686,14,140,0.010000,13319
28687,13,106,0.010000,13319
28688,18,163,0.010000,13319
28689,29,235,0.010000,13319
28690,21,172,0.010000,13319
28691,12,87,0.010000,13319
28692,14,109,0.010000,13319
28693,14,108,0.010000,13319
28694,16,140,0.010000,13319
28695,7,55,0.010000,13319
28696,21,148,0.010000,13319
28697,20,183,0.010000,13319
28698,7,63,0.010000,13319
28699,4,24,0.010000,13319
28700,14,86,0.010000,13319
28701,21,166,0.010000,13319
28702,19,169,0.010000,13319
28703,13,106,0.010000,13319
28704,16,96,0.010000,13319
28705,10,72,0.010000,13319
28706,20,182,0.010000,13319
28707,17,140,0.010000,13319
28708,21,175,0.010000,13320
28709,17,148,0.010000,13320
28710,14,115,0.010000,13320
28711,10,88,0.010000,13320
28712,17,120,0.010000,13320
28713,10,77,0.010000,13320
28714,19,159,0.010000,13320
28715,4,20,0.010000,13320
28716,27,272,0.010000,13320
28717,26,252,0.010000,13320
28718,9,93,0.010000,13320
28719,15,129,0.010000,13321
28720,17,139,0.010000,13321
28721,16,113,0.010000,13321
28722,11,100,0.010000,13321
28723,10,81,0.010000,13321
28724,13,102,0.010000,13321
28725,21,190,0.010000,13321
28726,11,86,0.010000,13321
28727,35,283,0.010000,13321
28728,14,134,0.010000,13321
28729,1,7,0.010000,13321
28730,17,123,0.010000,13321
28731,23,249,0.010000,13321
28732,23,162,0.010000,13321
28733,14,93,0.010000,13321
28734,19,160,0.010000,13321
28735,16,123,0.010000,13322
28736,22,242,0.010000,13322
28737,3,20,0.010000,13322
28738,19,173,0.010000,13322
28739,18,143,0.010000,13322
28740,15,139,0.010000,13322
28741,8,53,0.010000,13322
28742,17,147,0.010000,13322
28743,13,114,0.010000,13322
28744,15,95,0.010000,13322
28745,21,187,0.010000,13322
28746,20,203,0.010000,13322
28747,14,114,0.010000,13322
28748,15,130,0.010000,13322
28749,27,210,0.010000,13323
28750,14,85,0.010000,13323
28751,11,93,0.010000,13323
28752,14,111,0.010000,13323
28753,9,61,0.010000,13324
28754,22,205,0.010000,13324
28755,10,81,0.010000,13325
28756,20,188,0.010000,13325
28757,15,147,0.010000,13325
28758,11,84,0.010000,13325
28759,29,228,0.010000,13325
28760,5,30,0.010000,13325
28761,22,189,0.010000,13325
28762,8,70,0.010000,13325
28763,22,180,0.010000,13325
28764,17,162,0.010000,13326
28765,18,130,0.010000,13326
28766,27,224,0.010000,13326
28767,17,121,0.010000,13326
28768,22,224,0.010000,13327
28769,18,157,0.010000,13327
28770,3,30,0.010000,13327
28771,9,61,0.010000,13327
28772,22,167,0.010000,13327
28773,12,90,0.010000,13327
28774,22,199,0.010000,13327
28775,21,226,0.010000,13327
28776,17,114,0.010000,13327
28777,22,208,0.010000,13327
28778,22,194,0.010000,13327
28779,13,112,0.010000,13327
28780,28,247,0.010000,13327
28781,20,174,0.010000,13327
28782,24,214,0.010000,13327
28783,21,172,0.010000,13327
28784,12,102,0.010000,13327
28785,12,82,0.010000,13328
28786,18,161,0.010000,13328
28787,18,139,0.010000,13328
28788,21,174,0.010000,13328
28789,15,125,0.010000,13328
28790,0,6,0.010000,13328
28791,10,81,0.010000,13328
28792,24,219,0.010000,13328
28793,17,136,0.010000,13328
28794,19,162,0.010000,13328
28795,5,38,0.010000,13328
28796,2,15,0.010000,13328
28797,18,183,0.010000,13328
28798,13,107,0.010000,13329
28799,16,128,0.010000,13329
28800,5,38,0.010000,13329
28801,19,146,0.010000,13329
28802,3,23,0.010000,13329
28803,27,236,0.010000,13329
28804,15,144,0.010000,13329
28805,15,121,0.010000,13329
28806,17,132,0.010000,13329
28807,20,158,0.010000,13330
28808,14,117,0.010000,13330
28809,11,89,0.010000,13330
28810,12,115,0.010000,13330
28811,17,134,0.010000,13330
28812,18,171,0.010000,13330
28813,6,34,0.010000,13330
28814,20,172,0.010000,13330
28815,19,144,0.010000,13330
28816,15,95,0.010000,13330
28817,6,62,0.010000,13330
28818,18,138,0.010000,13330
28819,17,129,0.010000,13331
28820,12,113,0.010000,13331
28821,18,156,0.010000,13331
28822,14,107,0.010000,13332
28823,12,79,0.010000,13332
28824,19,151,0.010000,13332
28825,14,121,0.010000,13332
28826,12,98,0.010000,13332
28827,23,163,0.010000,13333
28828,10,52,0.010000,13333
28829,11,95,0.010000,13333
28830,7,67,0.010000,13333
28831,19,153,0.010000,13333
28832,9,77,0.010000,13333
28833,18,150,0.010000,13333
28834,17,149,0.010000,13333
28835,18,151,0.010000,13333
28836,7,43,0.010000,13333
28837,17,138,0.010000,13333
28838,17,107,0.010000,13333
28839,12,102,0.010000,13333
28840,11,75,0.010000,13333
28841,10,103,0.010000,13333
28842,24,211,0.010000,13333
28843,26,245,0.010000,13334
28844,16,127,0.010000,13334
28845,25,186,0.010000,13334
28846,6,41,0.010000,13334
28847,16,134,0.010000,13334
28848,8,48,0.010000,13334
28849,18,173,0.010000,13334
28850,14,137,0.010000,13334
28851,17,145,0.010000,13334
28852,7,40,0.010000,13334
28853,15,119,0.010000,13334
28854,6,43,0.010000,13334
28855,24,216,0.010000,13334
28856,23,177,0.010000,13335
28857,15,122,0.010000,13335
28858,20,169,0.010000,13335
28859,18,160,0.010000,13335
28860,18,185,0.010000,13335
28861,13,130,0.010000,13335
28862,28,303,0.010000,13335
28863,11,88,0.010000,13335
28864,18,156,0.010000,13335
28865,18,161,0.010000,13335
28866,14,102,0.010000,13335
28867,15,193,0.010000,13335
28868,11,74,0.010000,13336
28869,11,76,0.010000,13336
28870,16,147,0.010000,13336
28871,19,147,0.010000,13337
28872,17,120,0.010000,13338
28873,19,158,0.010000,13338
28874,7,63,0.010000,13338
28875,8,72,0.010000,13338
28876,13,91,0.010000,13338
28877,13,92,0.010000,13338
28878,3,29,0.010000,13338
28879,5,39,0.010000,13338
28880,4,25,0.010000,13338
28881,26,196,0.010000,13338
28882,12,103,0.010000,13338
28883,22,189,0.010000,13338
28884,18,137,0.010000,13338
28885,2,15,0.010000,13338
28886,24,220,0.010000,13338
28887,9,51,0.010000,13338
28888,20,156,0.010000,13338
28889,27,221,0.010000,13338
28890,19,140,0.010000,13339
28891,20,137,0.010000,13339
28892,22,155,0.010000,13339
28893,16,126,0.010000,13339
28894,20,164,0.010000,13339
28895,20,184,0.010000,13339
28896,21,166,0.010000,13339
28897,17,116,0.010000,13339
28898,14,113,0.010000,13339
28899,8,79,0.010000,13339
28900,29,257,0.010000,13340
28901,5,40,0.010000,13340
28902,15,130,0.010000,13340
28903,14,97,0.010000,13340
28904,14,115,0.010000,13340
28905,8,84,0.010000,13340
28906,22,194,0.010000,13340
28907,18,161,0.010000,13340
28908,21,174,0.010000,13340
28909,17,138,0.010000,13340
28910,15,107,0.010000,13340
28911,12,98,0.010000,13340
28912,17,120,0.010000,13341
28913,11,137,0.010000,13341
28914,22,206,0.010000,13341
28915,14,142,0.010000,13341
28916,18,125,0.010000,13341
28917,5,36,0.010000,13341
28918,11,81,0.010000,13341
28919,23,207,0.010000,13341
28920,14,128,0.010000,13341
28921,15,110,0.010000,13341
28922,10,78,0.010000,13341
28923,14,110,0.010000,13341
28924,8,58,0.010000,13341
28925,19,153,0.010000,13342
28926,27,246,0.010000,13342
28927,10,86,0.010000,13342
28928,6,41,0.010000,13342
28929,14,118,0.010000,13342
28930,9,72,0.010000,13342
28931,24,154,0.010000,13342
28932,29,272,0.010000,13342
28933,18,137,0.010000,13342
28934,14,102,0.010000,13342
28935,17,142,0.010000,13342
28936,21,153,0.010000,13342
28937,23,196,0.010000,13342
28938,15,108,0.010000,13342
28939,12,123,0.010000,13342
28940,14,84,0.010000,13342
28941,7,66,0.010000,13342
28942,6,36,0.010000,13342
28943,14,106,0.010000,13342
28944,10,70,0.010000,13342
28945,14,137,0.010000,13342
28946,16,148,0.010000,13342
28947,19,174,0.010000,13342
28948,17,190,0.010000,13342
28949,20,184,0.010000,13342
28950,16,131,0.010000,13342
28951,14,86,0.010000,13342
28952,23,200,0.010000,13342
28953,12,90,0.010000,13342
28954,11,67,0.010000,13342
28955,21,201,0.010000,13342
28956,31,254,0.010000,13343
28957,10,67,0.010000,13343
28958,14,131,0.010000,13343
28959,15,120,0.010000,13343
28960,19,154,0.010000,13343
28961,12,93,0.010000,13343
28962,19,161,0.010000,13343
28963,12,70,0.010000,13343
28964,17,157,0.010000,13343
28965,14,127,0.010000,13343
28966,14,82,0.010000,13343
28967,15,122,0.010000,13343
28968,14,91,0.010000,13343
28969,14,134,0.010000,13343
28970,13,108,0.010000,13343
28971,7,58,0.010000,13343
28972,21,172,0.010000,13343
28973,28,203,0.010000,13343
28974,23,201,0.010000,13343
28975,17,166,0.010000,13343
28976,18,108,0.010000,13343
28977,7,49,0.010000,13343
28978,20,155,0.010000,13343
28979,9,61,0.010000,13343
28980,14,98,0.010000,13343
28981,21,154,0.010000,13343
28982,7,39,0.010000,13343
28983,15,135,0.010000,13343
28984,17,141,0.010000,13343
28985,14,111,0.010000,13344
28986,2,15,0.010000,13344
28987,23,169,0.010000,13344
28988,19,134,0.010000,13345
28989,22,184,0.010000,13345
28990,19,144,0.010000,13345
28991,18,153,0.010000,13345
28992,6,31,0.010000,13345
28993,24,194,0.010000,13345
28994,13,129,0.010000,13345
28995,5,52,0.010000,13345
28996,12,78,0.010000,13345
28997,13,95,0.010000,13345
28998,16,98,0.010000,13345
28999,21,155,0.010000,13345
29000,6,36,0.010000,13345
29001,16,139,0.010000,13345
29002,10,88,0.010000,13345
29003,18,158,0.010000,13345
29004,11,82,0.010000,13345
29005,8,56,0.010000,13345
29006,3,17,0.010000,13345
29007,20,155,0.010000,13345
29008,20,170,0.010000,13345
29009,20,222,0.010000,13345
29010,14,114,0.010000,13345
29011,23,199,0.010000,13345
29012,4,43,0.010000,13345
29013,19,169,0.010000,13346
29014,23,203,0.010000,13346
29015,16,160,0.010000,13346
29016,19,177,0.010000,13346
29017,11,69,0.010000,13346
29018,24,208,0.010000,13346
29019,14,100,0.010000,13346
29020,10,63,0.010000,13346
29021,19,153,0.010000,13346
29022,25,175,0.010000,13346
29023,6,47,0.010000,13346
29024,9,60,0.010000,13346
29025,16,104,0.010000,13346
29026,7,42,0.010000,13346
29027,9,42,0.010000,13346
29028,21,155,0.010000,13346
29029,18,154,0.010000,13346
29030,18,153,0.010000,13346
29031,15,121,0.010000,13346
29032,18,131,0.010000,13346
29033,13,123,0.010000,13346
29034,20,154,0.010000,13346
29035,19,187,0.010000,13346
29036,9,53,0.010000,13346
29037,20,156,0.010000,13346
29038,26,214,0.010000,13346
29039,18,141,0.010000,13346
29040,13,107,0.010000,13346
29041,14,120,0.010000,13346
29042,8,83,0.010000,13346
29043,17,137,0.010000,13346
29044,12,109,0.010000,13346
29045,7,66,0.010000,13346
29046,19,214,0.010000,13346
29047,17,128,0.010000,13346
29048,20,182,0.010000,13346
29049,8,57,0.010000,13346
29050,30,243,0.010000,13346
29051,24,229,0.010000,13346
29052,10,104,0.010000,13346
29053,28,234,0.010000,13346
29054,27,257,0.010000,13346
29055,18,160,0.010000,13348
29056,24,204,0.010000,13348
29057,20,173,0.010000,13348
29058,2,18,0.010000,13348
29059,19,186,0.010000,13348
29060,14,137,0.010000,13348
29061,24,211,0.010000,13348
29062,8,53,0.010000,13348
29063,23,202,0.010000,13348
29064,24,183,0.010000,13348
29065,8,60,0.010000,13348
29066,2,16,0.010000,13348
29067,12,81,0.010000,13348
29068,10,89,0.010000,13348
29069,27,254,0.010000,13350
29070,18,140,0.010000,13350
29071,14,126,0.010000,13350
29072,13,112,0.010000,13350
29073,6,40,0.010000,13350
29074,15,123,0.010000,13350
29075,27,306,0.010000,13351
29076,18,142,0.010000,13351
29077,9,48,0.010000,13351
29078,20,159,0.010000,13351
29079,17,158,0.010000,13351
29080,15,143,0.010000,13352
29081,22,212,0.010000,13353
29082,11,94,0.010000,13353
29083,24,181,0.010000,13353
29084,17,135,0.010000,13353
29085,11,82,0.010000,13353
29086,14,125,0.010000,13353
29087,11,93,0.010000,13353
29088,6,26,0.010000,13353
29089,17,131,0.010000,13353
29090,10,89,0.010000,13353
29091,18,124,0.010000,13353
29092,10,66,0.010000,13353
29093,15,109,0.010000,13353
29094,16,116,0.010000,13353
29095,11,89,0.010000,13353
29096,27,248,0.010000,13353
29097,20,148,0.010000,13353
29098,20,170,0.010000,13353
29099,18,161,0.010000,13353
29100,16,96,0.010000,13353
29101,17,141,0.010000,13353
29102,12,77,0.010000,13353
29103,20,154,0.010000,13353
29104,9,80,0.010000,13353
29105,14,114,0.010000,13353
29106,23,199,0.010000,13353
29107,8,66,0.010000,13353
29108,15,120,0.010000,13353
29109,16,92,0.010000,13353
29110,13,109,0.010000,13354
29111,26,201,0.010000,13354
29112,9,42,0.010000,13354
29113,15,118,0.010000,13354
29114,14,100,0.010000,13354
29115,19,163,0.010000,13354
29116,18,152,0.010000,13354
29117,30,256,0.010000,13354
29118,11,98,0.010000,13355
29119,16,150,0.010000,13355
29120,10,60,0.010000,13355
29121,11,79,0.010000,13355
29122,19,150,0.010000,13355
29123,13,113,0.010000,13355
29124,11,82,0.010000,13355
29125,30,303,0.010000,13355
29126,23,156,0.010000,13355
29127,19,137,0.010000,13355
29128,27,212,0.010000,13355
29129,17,142,0.010000,13355
29130,13,104,0.010000,13355
29131,15,119,0.010000,13355
29132,15,124,0.010000,13356
29133,26,259,0.010000,13356
29134,17,152,0.010000,13357
29135,18,132,0.010000,13357
29136,18,115,0.010000,13357
29137,15,122,0.010000,13357
29138,6,35,0.010000,13357
29139,26,209,0.010000,13357
29140,13,111,0.010000,13357
29141,22,175,0.010000,13357
29142,28,251,0.010000,13357
29143,18,123,0.010000,13357
29144,25,216,0.010000,13357
29145,17,141,0.010000,13357
29146,16,135,0.010000,13357
29147,14,111,0.010000,13357
29148,16,108,0.010000,13357
29149,13,82,0.010000,13357
29150,10,83,0.010000,13357
29151,16,118,0.010000,13357
29152,20,133,0.010000,13357
29153,22,198,0.010000,13357
29154,21,170,0.010000,13357
29155,21,169,0.010000,13357
29156,19,203,0.010000,13357
29157,22,197,0.010000,13357
29158,22,174,0.010000,13357
29159,8,80,0.010000,13358
29160,15,114,0.010000,13358
29161,17,132,0.010000,13358
29162,23,180,0.010000,13358
29163,12,138,0.010000,13358
29164,12,92,0.010000,13358
29165,12,102,0.010000,13358
29166,25,211,0.010000,13358
29167,21,181,0.010000,13358
29168,12,110,0.010000,13358
29169,27,279,0.010000,13358
29170,21,221,0.010000,13358
29171,16,146,0.010000,13358
29172,19,193,0.010000,13358
29173,10,92,0.010000,13358
29174,15,127,0.010000,13359
29175,7,55,0.010000,13359
29176,10,65,0.010000,13359
29177,15,120,0.010000,13359
29178,18,137,0.010000,13359
29179,22,182,0.010000,13359
29180,15,128,0.010000,13359
29181,27,228,0.010000,13359
29182,11,107,0.010000,13359
29183,17,128,0.010000,13359
29184,15,112,0.010000,13359
29185,13,102,0.010000,13359
29186,12,104,0.010000,13359
29187,18,155,0.010000,13359
29188,8,52,0.010000,13359
29189,16,136,0.010000,13359
29190,8,62,0.010000,13359
29191,22,194,0.010000,13359
29192,13,100,0.010000,13359
29193,26,208,0.010000,13359
29194,8,63,0.010000,13359
29195,12,74,0.010000,13359
29196,13,130,0.010000,13359
29197,21,211,0.010000,13359
29198,14,123,0.010000,13359
29199,17,129,0.010000,13359
29200,17,123,0.010000,13360
29201,6,32,0.010000,13360
29202,9,57,0.010000,13360
29203,14,119,0.010000,13360
29204,18,124,0.010000,13360
29205,6,36,0.010000,13360
29206,16,127,0.010000,13360
29207,28,237,0.010000,13361
29208,14,99,0.010000,13361
29209,19,138,0.010000,13361
29210,13,122,0.010000,13361
29211,22,160,0.010000,13361
29212,17,139,0.010000,13361
29213,16,125,0.010000,13361
29214,28,251,0.010000,13361
29215,9,67,0.010000,13361
29216,9,74,0.010000,13361
29217,17,153,0.010000,13361
29218,10,71,0.010000,13361
29219,14,112,0.010000,13361
29220,10,93,0.010000,13361
29221,25,200,0.010000,13361
29222,21,175,0.010000,13361
29223,10,67,0.010000,13361
29224,2,10,0.010000,13361
29225,2,10,0.010000,13361
29226,15,147,0.010000,13361
29227,2,16,0.010000,13361
29228,15,130,0.010000,13361
29229,15,126,0.010000,13361
29230,17,162,0.010000,13361
29231,11,70,0.010000,13361
29232,29,234,0.010000,13361
29233,12,90,0.010000,13361
29234,26,223,0.010000,13361
29235,27,231,0.010000,13361
29236,24,182,0.010000,13361
29237,13,103,0.010000,13361
29238,14,112,0.010000,13361
29239,14,121,0.010000,13361
29240,9,86,0.010000,13361
29241,7,68,0.010000,13361
29242,7,55,0.010000,13361
29243,10,82,0.010000,13361
29244,15,132,0.010000,13361
29245,13,131,0.010000,13361
29246,25,176,0.010000,13361
29247,9,69,0.010000,13361
29248,13,111,0.010000,13361
29249,17,170,0.010000,13362
29250,17,139,0.010000,13362
29251,17,126,0.010000,13362
29252,2,24,0.010000,13362
29253,17,126,0.010000,13363
29254,11,91,0.010000,13363
29255,18,167,0.010000,13363
29256,13,114,0.010000,13363
29257,8,67,0.010000,13363
29258,17,118,0.010000,13363
29259,13,85,0.010000,13363
29260,14,130,0.010000,13363
29261,10,71,0.010000,13363
29262,16,158,0.010000,13363
29263,19,142,0.010000,13364
29264,14,89,0.010000,13364
29265,16,129,0.010000,13364
29266,17,164,0.010000,13364
29267,14,117,0.010000,13364
29268,10,93,0.010000,13364
29269,11,94,0.010000,13364
29270,19,157,0.010000,13364
29271,9,75,0.010000,13364
29272,11,95,0.010000,13364
29273,13,90,0.010000,13364
29274,16,142,0.010000,13365
29275,15,118,0.010000,13365
29276,16,179,0.010000,13365
29277,14,124,0.010000,13365
29278,17,141,0.010000,13365
29279,22,163,0.010000,13366
29280,2,22,0.010000,13366
29281,15,124,0.010000,13366
29282,22,175,0.010000,13366
29283,4,29,0.010000,13366
29284,19,146,0.010000,13366
29285,13,90,0.010000,13367
29286,10,93,0.010000,13367
29287,18,113,0.010000,13367
29288,22,132,0.010000,13367
29289,18,161,0.010000,13367
29290,14,108,0.010000,13367
29291,23,234,0.010000,13367
29292,17,125,0.010000,13367
29293,15,114,0.010000,13367
29294,19,165,0.010000,13367
29295,8,64,0.010000,13367
29296,16,136,0.010000,13367
29297,22,207,0.010000,13367
29298,16,141,0.010000,13367
29299,21,187,0.010000,13367
29300,14,120,0.010000,13367
29301,7,55,0.010000,13367
29302,20,139,0.010000,13367
29303,17,109,0.010000,13367
29304,14,102,0.010000,13367
29305,22,192,0.010000,13367
29306,12,106,0.010000,13368
29307,14,113,0.010000,13368
29308,12,118,0.010000,13368
29309,3,28,0.010000,13368
29310,24,218,0.010000,13368
29311,13,121,0.010000,13369
29312,26,237,0.010000,13370
29313,9,49,0.010000,13370
29314,7,56,0.010000,13370
29315,12,92,0.010000,13371
29316,14,108,0.010000,13371
29317,11,73,0.010000,13371
29318,8,50,0.010000,13371
29319,17,122,0.010000,13371
29320,16,143,0.010000,13371
29321,10,59,0.010000,13371
29322,19,144,0.010000,13371
29323,26,237,0.010000,13371
29324,5,45,0.010000,13371
29325,10,76,0.010000,13371
29326,16,117,0.010000,13371
29327,6,37,0.010000,13371
29328,25,216,0.010000,13371
29329,8,45,0.010000,13371
29330,7,52,0.010000,13371
29331,26,207,0.010000,13371
29332,11,106,0.010000,13371
29333,21,189,0.010000,13371
29334,13,96,0.010000,13371
29335,27,298,0.010000,13371
29336,11,91,0.010000,13371
29337,10,77,0.010000,13371
29338,12,95,0.010000,13371
29339,6,49,0.010000,13371
29340,12,115,0.010000,13371
29341,12,92,0.010000,13371
29342,23,197,0.010000,13371
29343,14,110,0.010000,13371
29344,0,9,0.010000,13371
29345,18,141,0.010000,13372
29346,16,139,0.010000,13372
29347,13,78,0.010000,13372
29348,7,53,0.010000,13372
29349,12,81,0.010000,13372
29350,18,200,0.010000,13372
29351,6,40,0.010000,13372
29352,15,125,0.010000,13372
29353,14,120,0.010000,13372
29354,22,184,0.010000,13372
29355,15,151,0.010000,13372
29356,12,113,0.010000,13372
29357,14,116,0.010000,13372
29358,15,109,0.010000,13372
29359,15,130,0.010000,13372
29360,7,73,0.010000,13372
29361,3,34,0.010000,13372
29362,27,245,0.010000,13372
29363,14,136,0.010000,13372
29364,14,107,0.010000,13372
29365,14,113,0.010000,13372
29366,17,130,0.010000,13372
29367,17,131,0.010000,13372
29368,19,160,0.010000,13372
29369,25,208,0.010000,13372
29370,9,48,0.010000,13373
29371,30,254,0.010000,13373
29372,15,122,0.010000,13373
29373,22,182,0.010000,13373
29374,16,107,0.010000,13373
29375,7,47,0.010000,13373
29376,16,142,0.010000,13373
29377,9,69,0.010000,13373
29378,17,153,0.010000,13373
29379,12,77,0.010000,13373
29380,17,130,0.010000,13373
29381,9,54,0.010000,13373
29382,14,99,0.010000,13373
29383,18,139,0.010000,13373
29384,17,139,0.010000,13373
29385,14,120,0.010000,13373
29386,26,246,0.010000,13373
29387,10,88,0.010000,13373
29388,23,198,0.010000,13373
29389,18,136,0.010000,13373
29390,17,128,0.010000,13373
29391,12,96,0.010000,13373
29392,20,190,0.010000,13373
29393,18,120,0.010000,13373
29394,16,101,0.010000,13373
29395,18,175,0.010000,13373
29396,25,214,0.010000,13373
29397,17,124,0.010000,13373
29398,6,60,0.010000,13373
29399,7,53,0.010000,13373
29400,13,118,0.010000,13373
29401,7,56,0.010000,13373
29402,16,137,0.010000,13373
29403,16,106,0.010000,13373
29404,11,105,0.010000,13373
29405,12,82,0.010000,13373
29406,14,140,0.010000,13373
29407,33,289,0.010000,13373
29408,8,55,0.010000,13373
29409,21,201,0.010000,13373
29410,19,100,0.010000,13373
29411,18,199,0.010000,13373
29412,23,168,0.010000,13373
29413,19,170,0.010000,13373
29414,25,200,0.010000,13373
29415,12,104,0.010000,13373
29416,8,60,0.010000,13374
29417,18,145,0.010000,13374
29418,19,160,0.010000,13374
29419,14,131,0.010000,13374
29420,10,85,0.010000,13374
29421,28,198,0.010000,13374
29422,12,82,0.010000,13374
29423,10,69,0.010000,13374
29424,25,251,0.010000,13374
29425,21,197,0.010000,13374
29426,7,52,0.010000,13375
29427,14,95,0.010000,13375
29428,6,46,0.010000,13375
29429,23,124,0.010000,13375
29430,9,74,0.010000,13376
29431,12,89,0.010000,13376
29432,16,118,0.010000,13376
29433,15,94,0.010000,13376
29434,19,164,0.010000,13376
29435,11,99,0.010000,13377
29436,11,82,0.010000,13377
29437,17,160,0.010000,13377
29438,16,120,0.010000,13377
29439,3,16,0.010000,13377
29440,14,125,0.010000,13377
29441,20,158,0.010000,13377
29442,25,231,0.010000,13378
29443,20,160,0.010000,13378
29444,23,199,0.010000,13378
29445,13,117,0.010000,13378
29446,10,99,0.010000,13379
29447,10,89,0.010000,13379
29448,11,105,0.010000,13379
29449,12,90,0.010000,13379
29450,23,166,0.010000,13379
29451,25,184,0.010000,13379
29452,18,152,0.010000,13379
29453,22,170,0.010000,13379
29454,25,165,0.010000,13379
29455,18,126,0.010000,13379
29456,12,89,0.010000,13379
29457,16,134,0.010000,13379
29458,24,235,0.010000,13380
29459,19,176,0.010000,13380
29460,21,159,0.010000,13380
29461,13,92,0.010000,13380
29462,6,44,0.010000,13380
29463,7,48,0.010000,13380
29464,23,182,0.010000,13380
29465,23,221,0.010000,13380
29466,14,124,0.010000,13380
29467,17,180,0.010000,13380
29468,12,103,0.010000,13380
29469,7,86,0.010000,13380
29470,21,186,0.010000,13380
29471,8,48,0.010000,13380
29472,19,124,0.010000,13381
29473,25,237,0.010000,13381
29474,4,23,0.010000,13381
29475,16,150,0.010000,13381
29476,19,137,0.010000,13381
29477,13,94,0.010000,13381
29478,21,170,0.010000,13381
29479,20,180,0.010000,13381
29480,6,47,0.010000,13381
29481,21,171,0.010000,13381
29482,19,157,0.010000,13381
29483,12,103,0.010000,13381
29484,14,92,0.010000,13381
29485,16,153,0.010000,13381
29486,15,121,0.010000,13381
29487,18,126,0.010000,13381
29488,16,117,0.010000,13381
29489,20,163,0.010000,13381
29490,13,93,0.010000,13381
29491,22,188,0.010000,13382
29492,17,141,0.010000,13382
29493,11,99,0.010000,13382
29494,20,188,0.010000,13382
29495,15,122,0.010000,13383
29496,5,40,0.010000,13383
29497,23,166,0.010000,13383
29498,25,190,0.010000,13383
29499,2,16,0.010000,13383
29500,17,143,0.010000,13383
29501,9,76,0.010000,13383
29502,20,150,0.010000,13383
29503,13,112,0.010000,13383
29504,25,272,0.010000,13383
29505,10,77,0.010000,13383
29506,9,82,0.010000,13383
29507,16,111,0.010000,13383
29508,14,120,0.010000,13383
29509,10,82,0.010000,13383
29510,9,77,0.010000,13384
29511,14,123,0.010000,13384
29512,21,138,0.010000,13384
29513,17,149,0.010000,13384
29514,21,193,0.010000,13384
29515,18,145,0.010000,13385
29516,16,126,0.010000,13385
29517,16,144,0.010000,13385
29518,21,177,0.010000,13385
29519,18,132,0.010000,13385
29520,8,57,0.010000,13385
29521,28,270,0.010000,13385
29522,6,54,0.010000,13385
29523,33,299,0.010000,13385
29524,28,223,0.010000,13385
29525,21,183,0.010000,13386
29526,17,174,0.010000,13386
29527,15,121,0.010000,13386
29528,19,165,0.010000,13386
29529,12,67,0.010000,13386
29530,6,41,0.010000,13386
29531,19,144,0.010000,13386
29532,16,94,0.010000,13386
29533,13,105,0.010000,13386
29534,16,154,0.010000,13386
29535,19,176,0.010000,13386
29536,16,126,0.010000,13386
29537,7,59,0.010000,13386
29538,14,107,0.010000,13386
29539,24,190,0.010000,13386
29540,9,62,0.010000,13386
29541,9,78,0.010000,13386
29542,22,217,0.010000,13386
29543,24,243,0.010000,13386
29544,27,202,0.010000,13386
29545,20,166,0.010000,13386
29546,20,179,0.010000,13386
29547,3,23,0.010000,13386
29548,23,192,0.010000,13387
29549,13,149,0.010000,13387
29550,28,235,0.010000,13387
29551,22,156,0.010000,13387
29552,11,97,0.010000,13387
29553,11,79,0.010000,13387
29554,22,190,0.010000,13387
29555,6,53,0.010000,13387
29556,22,198,0.010000,13387
29557,7,55,0.010000,13388
29558,21,178,0.010000,13388
29559,17,155,0.010000,13388
29560,25,162,0.010000,13389
29561,29,316,0.010000,13390
29562,16,148,0.010000,13390
29563,18,121,0.010000,13390
29564,23,177,0.010000,13390
29565,9,62,0.010000,13390
29566,21,184,0.010000,13390
29567,17,146,0.010000,13390
29568,6,41,0.010000,13390
29569,10,93,0.010000,13391
29570,18,167,0.010000,13391
29571,2,11,0.010000,13391
29572,15,123,0.010000,13391
29573,11,77,0.010000,13391
29574,12,123,0.010000,13391
29575,23,186,0.010000,13391
29576,32,301,0.010000,13391
29577,11,83,0.010000,13391
29578,15,117,0.010000,13391
29579,19,131,0.010000,13392
29580,15,131,0.010000,13392
29581,12,76,0.010000,13392
29582,13,152,0.010000,13392
29583,15,144,0.010000,13392
29584,13,90,0.010000,13392
29585,22,170,0.010000,13392
29586,9,51,0.010000,13392
29587,19,151,0.010000,13392
29588,13,107,0.010000,13392
29589,14,100,0.010000,13392
29590,21,178,0.010000,13393
29591,17,152,0.010000,13393
29592,28,267,0.010000,13394
29593,7,53,0.010000,13394
29594,3,20,0.010000,13394
29595,20,165,0.010000,13394
29596,26,217,0.010000,13394
29597,13,76,0.010000,13394
29598,19,166,0.010000,13394
29599,17,147,0.010000,13394
29600,24,190,0.010000,13395
29601,10,65,0.010000,13396
29602,10,82,0.010000,13396
29603,12,95,0.010000,13396
29604,12,84,0.010000,13396
29605,15,142,0.010000,13396
29606,23,232,0.010000,13397
29607,14,131,0.010000,13398
29608,16,129,0.010000,13398
29609,20,172,0.010000,13398
29610,18,153,0.010000,13398
29611,10,83,0.010000,13398
29612,12,102,0.010000,13398
29613,18,157,0.010000,13398
29614,17,103,0.010000,13398
29615,23,209,0.010000,13398
29616,19,147,0.010000,13398
29617,13,84,0.010000,13398
29618,12,121,0.010000,13398
29619,21,176,0.010000,13399
29620,3,32,0.010000,13399
29621,14,114,0.010000,13399
29622,1,9,0.010000,13399
29623,15,148,0.010000,13400
29624,14,105,0.010000,13400
29625,13,85,0.010000,13400
29626,19,128,0.010000,13400
29627,16,147,0.010000,13400
29628,6,35,0.010000,13401
29629,18,126,0.010000,13401
29630,15,127,0.010000,13401
29631,19,157,0.010000,13401
29632,8,60,0.010000,13401
29633,17,162,0.010000,13401
29634,8,49,0.010000,13401
29635,16,122,0.010000,13401
29636,22,193,0.010000,13401
29637,6,51,0.010000,13401
29638,12,96,0.010000,13401
29639,22,198,0.010000,13401
29640,17,122,0.010000,13401
29641,18,136,0.010000,13401
29642,14,92,0.010000,13402
29643,14,129,0.010000,13402
29644,21,189,0.010000,13402
29645,13,92,0.010000,13402
29646,20,194,0.010000,13402
29647,15,105,0.010000,13402
29648,18,193,0.010000,13402
29649,9,74,0.010000,13402
29650,9,76,0.010000,13402
29651,19,186,0.010000,13402
29652,29,230,0.010000,13402
29653,13,94,0.010000,13402
29654,20,158,0.010000,13402
29655,11,102,0.010000,13402
29656,13,105,0.010000,13402
29657,5,53,0.010000,13402
29658,16,138,0.010000,13402
29659,22,182,0.010000,13402
29660,10,107,0.010000,13402
29661,12,79,0.010000,13402
29662,7,59,0.010000,13402
29663,6,43,0.010000,13402
29664,16,116,0.010000,13402
29665,8,77,0.010000,13402
29666,12,117,0.010000,13402
29667,21,182,0.010000,13402
29668,5,35,0.010000,13402
29669,34,289,0.010000,13402
29670,1,14,0.010000,13402
29671,24,216,0.010000,13402
29672,22,159,0.010000,13403
29673,12,65,0.010000,13403
29674,13,92,0.010000,13403
29675,15,113,0.010000,13403
29676,13,120,0.010000,13403
29677,29,272,0.010000,13403
29678,15,109,0.010000,13403
29679,26,256,0.010000,13403
29680,13,125,0.010000,13403
29681,16,104,0.010000,13403
29682,10,75,0.010000,13403
29683,16,147,0.010000,13404
29684,18,123,0.010000,13404
29685,12,92,0.010000,13404
29686,29,239,0.010000,13404
29687,19,162,0.010000,13404
29688,26,228,0.010000,13404
29689,13,89,0.010000,13404
29690,17,140,0.010000,13404
29691,14,119,0.010000,13404
29692,15,117,0.010000,13404
29693,18,153,0.010000,13404
29694,17,138,0.010000,13405
29695,10,71,0.010000,13405
29696,14,121,0.010000,13405
29697,19,135,0.010000,13405
29698,9,55,0.010000,13405
29699,12,89,0.010000,13405
29700,24,245,0.010000,13405
29701,23,184,0.010000,13405
29702,23,190,0.010000,13405
29703,12,116,0.010000,13405
29704,22,174,0.010000,13405
29705,15,111,0.010000,13405
29706,14,119,0.010000,13405
29707,14,106,0.010000,13405
29708,12,82,0.010000,13405
29709,28,237,0.010000,13405
29710,10,61,0.010000,13405
29711,16,156,0.010000,13405
29712,22,188,0.010000,13405
29713,10,83,0.010000,13405
29714,12,65,0.010000,13406
29715,19,162,0.010000,13406
29716,20,182,0.010000,13406
29717,15,114,0.010000,13406
29718,11,79,0.010000,13406
29719,18,129,0.010000,13406
29720,8,65,0.010000,13406
29721,19,164,0.010000,13406
29722,15,128,0.010000,13406
29723,17,161,0.010000,13406
29724,16,153,0.010000,13406
29725,23,193,0.010000,13406
29726,2,39,0.010000,13406
29727,14,114,0.010000,13406
29728,20,161,0.010000,13406
29729,24,135,0.010000,13406
29730,18,150,0.010000,13406
29731,22,171,0.010000,13406
29732,16,132,0.010000,13406
29733,12,91,0.010000,13406
29734,11,68,0.010000,13406
29735,14,130,0.010000,13406
29736,4,30,0.010000,13406
29737,14,106,0.010000,13406
29738,10,80,0.010000,13406
29739,11,96,0.010000,13406
29740,15,150,0.010000,13406
29741,21,193,0.010000,13406
29742,15,154,0.010000,13406
29743,13,89,0.010000,13407
29744,17,148,0.010000,13407
29745,14,99,0.010000,13407
29746,19,163,0.010000,13407
29747,14,108,0.010000,13407
29748,9,75,0.010000,13407
29749,14,112,0.010000,13408
29750,19,162,0.010000,13408
29751,30,289,0.010000,13408
29752,18,152,0.010000,13408
29753,18,151,0.010000,13408
29754,6,64,0.010000,13408
29755,14,96,0.010000,13408
29756,8,46,0.010000,13408
29757,16,110,0.010000,13408
29758,11,96,0.010000,13408
29759,17,124,0.010000,13408
29760,16,132,0.010000,13408
29761,18,143,0.010000,13408
29762,18,139,0.010000,13408
29763,20,164,0.010000,13408
29764,15,142,0.010000,13408
29765,21,195,0.010000,13409
29766,7,40,0.010000,13409
29767,19,176,0.010000,13409
29768,17,168,0.010000,13409
29769,13,102,0.010000,13409
29770,2,16,0.010000,13409
29771,17,130,0.010000,13409
29772,12,81,0.010000,13409
29773,12,88,0.010000,13409
29774,12,96,0.010000,13409
29775,24,195,0.010000,13410
29776,18,131,0.010000,13410
29777,14,110,0.010000,13410
29778,18,140,0.010000,13410
29779,20,161,0.010000,13410
29780,13,71,0.010000,13410
29781,14,136,0.010000,13410
29782,17,169,0.010000,13410
29783,23,165,0.010000,13410
29784,10,70,0.010000,13410
29785,10,59,0.010000,13410
29786,17,119,0.010000,13410
29787,29,257,0.010000,13411
29788,19,208,0.010000,13411
29789,10,71,0.010000,13411
29790,12,104,0.010000,13411
29791,14,123,0.010000,13411
29792,15,149,0.010000,13411
29793,19,160,0.010000,13411
29794,20,170,0.010000,13411
29795,19,145,0.010000,13411
29796,7,70,0.010000,13411
29797,17,122,0.010000,13411
29798,18,162,0.010000,13411
29799,26,230,0.010000,13412
29800,21,226,0.010000,13412
29801,22,215,0.010000,13412
29802,9,75,0.010000,13412
29803,22,235,0.010000,13413
29804,20,188,0.010000,13413
29805,21,183,0.010000,13413
29806,15,106,0.010000,13413
29807,11,81,0.010000,13414
29808,16,147,0.010000,13414
29809,4,13,0.010000,13414
29810,17,149,0.010000,13414
29811,20,217,0.010000,13414
29812,13,98,0.010000,13414
29813,18,169,0.010000,13414
29814,17,169,0.010000,13414
29815,10,88,0.010000,13414
29816,15,110,0.010000,13414
29817,22,168,0.010000,13414
29818,22,145,0.010000,13414
29819,16,131,0.010000,13414
29820,22,220,0.010000,13414
29821,17,108,0.010000,13414
29822,13,110,0.010000,13414
29823,8,49,0.010000,13414
29824,23,188,0.010000,13415
29825,5,36,0.010000,13415
29826,21,165,0.010000,13415
29827,13,132,0.010000,13415
29828,13,114,0.010000,13416
29829,8,55,0.010000,13416
29830,7,48,0.010000,13417
29831,23,169,0.010000,13417
29832,18,150,0.010000,13417
29833,21,166,0.010000,13417
29834,13,93,0.010000,13417
29835,19,127,0.010000,13417
29836,16,109,0.010000,13417
29837,19,184,0.010000,13417
29838,21,147,0.010000,13417
29839,13,113,0.010000,13417
29840,9,66,0.010000,13417
29841,18,177,0.010000,13417
29842,20,163,0.010000,13417
29843,9,90,0.010000,13418
29844,5,32,0.010000,13418
29845,15,135,0.010000,13418
29846,21,129,0.010000,13418
29847,9,66,0.010000,13418
29848,10,73,0.010000,13418
29849,16,123,0.010000,13419
29850,16,103,0.010000,13419
29851,18,131,0.010000,13419
29852,1,7,0.010000,13419
29853,14,84,0.010000,13419
29854,13,122,0.010000,13419
29855,25,192,0.010000,13419
29856,20,160,0.010000,13419
29857,16,114,0.010000,13419
29858,5,42,0.010000,13419
29859,16,158,0.010000,13419
29860,11,69,0.010000,13419
29861,8,56,0.010000,13419
29862,12,106,0.010000,13420
29863,14,102,0.010000,13420
29864,12,104,0.010000,13420
29865,20,161,0.010000,13420
29866,21,204,0.010000,13420
29867,32,271,0.010000,13420
29868,12,95,0.010000,13420
29869,17,101,0.010000,13420
29870,5,39,0.010000,13420
29871,15,130,0.010000,13420
29872,19,132,0.010000,13420
29873,15,122,0.010000,13420
29874,17,173,0.010000,13421
29875,12,125,0.010000,13421
29876,10,67,0.010000,13421
29877,16,127,0.010000,13421
29878,10,74,0.010000,13422
29879,4,31,0.010000,13422
29880,12,85,0.010000,13422
29881,11,103,0.010000,13422
29882,10,79,0.010000,13422
29883,10,90,0.010000,13422
29884,10,82,0.010000,13422
29885,21,166,0.010000,13422
29886,20,185,0.010000,13422
29887,16,122,0.010000,13422
29888,7,40,0.010000,13422
29889,14,117,0.010000,13422
29890,9,53,0.010000,13423
29891,19,177,0.010000,13423
29892,4,30,0.010000,13423
29893,5,35,0.010000,13423
29894,18,158,0.010000,13423
29895,22,224,0.010000,13423
29896,7,48,0.010000,13424
29897,19,127,0.010000,13424
29898,18,126,0.010000,13424
29899,5,49,0.010000,13424
29900,12,123,0.010000,13424
29901,13,123,0.010000,13425
29902,20,172,0.010000,13425
29903,18,140,0.010000,13425
29904,18,153,0.010000,13425
29905,18,148,0.010000,13425
29906,17,128,0.010000,13425
29907,13,113,0.010000,13425
29908,12,105,0.010000,13425
29909,25,202,0.010000,13425
29910,19,175,0.010000,13426
29911,10,72,0.010000,13426
29912,17,126,0.010000,13426
29913,10,87,0.010000,13426
29914,14,119,0.010000,13426
29915,13,106,0.010000,13426
29916,9,54,0.010000,13426
29917,14,120,0.010000,13426
29918,9,66,0.010000,13426
29919,5,23,0.010000,13426
29920,8,83,0.010000,13426
29921,14,124,0.010000,13426
29922,19,158,0.010000,13426
29923,18,169,0.010000,13426
29924,34,316,0.010000,13426
29925,19,177,0.010000,13426
29926,26,240,0.010000,13426
29927,22,168,0.010000,13426
29928,19,133,0.010000,13426
29929,14,98,0.010000,13426
29930,24,237,0.010000,13426
29931,12,101,0.010000,13426
29932,19,163,0.010000,13426
29933,3,23,0.010000,13426
29934,18,196,0.010000,13426
29935,15,136,0.010000,13426
29936,15,121,0.010000,13426
29937,12,83,0.010000,13427
29938,12,75,0.010000,13427
29939,22,183,0.010000,13427
29940,17,160,0.010000,13427
29941,19,187,0.010000,13427
29942,12,65,0.010000,13427
29943,15,111,0.010000,13428
29944,28,198,0.010000,13428
29945,18,143,0.010000,13428
29946,23,185,0.010000,13428
29947,8,55,0.010000,13428
29948,12,85,0.010000,13428
29949,12,107,0.010000,13429
29950,13,95,0.010000,13429
29951,14,123,0.010000,13429
29952,12,60,0.010000,13429
29953,8,51,0.010000,13429
29954,17,145,0.010000,13429
29955,6,39,0.010000,13429
29956,18,184,0.010000,13430
29957,14,106,0.010000,13430
29958,11,75,0.010000,13430
29959,1,12,0.010000,13430
29960,11,75,0.010000,13430
29961,9,75,0.010000,13430
29962,14,126,0.010000,13430
29963,10,84,0.010000,13430
29964,16,125,0.010000,13430
29965,18,164,0.010000,13430
29966,13,96,0.010000,13430
29967,25,235,0.010000,13430
29968,8,59,0.010000,13430
29969,18,144,0.010000,13430
29970,4,39,0.010000,13430
29971,20,164,0.010000,13430
29972,13,108,0.010000,13430
29973,14,95,0.010000,13430
29974,20,185,0.010000,13431
29975,7,44,0.010000,13431
29976,17,126,0.010000,13431
29977,21,188,0.010000,13431
29978,11,87,0.010000,13431
29979,0,7,0.010000,13431
29980,17,144,0.010000,13431
29981,18,164,0.010000,13431
29982,20,167,0.010000,13431
29983,13,87,0.010000,13431
29984,15,98,0.010000,13431
29985,12,83,0.010000,13431
29986,21,200,0.010000,13431
29987,8,53,0.010000,13431
29988,8,73,0.010000,13431
29989,21,194,0.010000,13431
29990,8,61,0.010000,13431
29991,19,155,0.010000,13431
29992,21,212,0.010000,13431
29993,22,161,0.010000,13431
29994,6,46,0.010000,13431
29995,29,207,0.010000,13431
29996,14,125,0.010000,13431
29997,20,232,0.010000,13431
29998,20,164,0.010000,13431
29999,18,150,0.010000,13434
30000,13,105,0.010000,13434
